country,year,life_expectancy
Aruba,1960,64.152
Aruba,1961,64.537
Aruba,1962,64.752
Aruba,1963,65.132
Aruba,1964,65.294
Aruba,1965,65.502
Aruba,1966,66.063
Aruba,1967,66.439
Aruba,1968,66.757
Aruba,1969,67.168
Aruba,1970,67.583
Aruba,1971,67.975
Aruba,1972,68.577
Aruba,1973,69.092
Aruba,1974,69.503
Aruba,1975,69.762
Aruba,1976,70.035
Aruba,1977,70.264
Aruba,1978,70.494
Aruba,1979,70.778
Aruba,1980,71.066
Aruba,1981,71.722
Aruba,1982,71.959
Aruba,1983,72.105
Aruba,1984,72.251
Aruba,1985,72.388
Aruba,1986,72.462
Aruba,1987,72.789
Aruba,1988,73.047
Aruba,1989,73.023
Aruba,1990,73.076
Aruba,1991,73.1
Aruba,1992,73.179
Aruba,1993,73.225
Aruba,1994,73.272
Aruba,1995,73.349
Aruba,1996,73.448
Aruba,1997,73.452
Aruba,1998,73.491
Aruba,1999,73.561
Aruba,2000,73.569
Aruba,2001,73.647
Aruba,2002,73.726
Aruba,2003,73.752
Aruba,2004,73.576
Aruba,2005,73.811
Aruba,2006,74.026
Aruba,2007,74.21
Aruba,2008,74.147
Aruba,2009,74.56
Aruba,2010,75.404
Aruba,2011,75.465
Aruba,2012,75.531
Aruba,2013,75.636
Aruba,2014,75.601
Aruba,2015,75.683
Aruba,2016,75.617
Aruba,2017,75.903
Aruba,2018,76.072
Aruba,2019,76.248
Aruba,2020,75.723
Aruba,2021,74.626
Aruba,2022,74.992
Africa Eastern and Southern,1960,44.0988346574946
Africa Eastern and Southern,1961,44.4010825990948
Africa Eastern and Southern,1962,44.7680371229247
Africa Eastern and Southern,1963,44.9256895261074
Africa Eastern and Southern,1964,45.4989334455041
Africa Eastern and Southern,1965,45.5128196460663
Africa Eastern and Southern,1966,45.2633977563552
Africa Eastern and Southern,1967,45.933042084943
Africa Eastern and Southern,1968,46.2297546143925
Africa Eastern and Southern,1969,46.4369445994896
Africa Eastern and Southern,1970,46.7237104209166
Africa Eastern and Southern,1971,47.2096723541213
Africa Eastern and Southern,1972,46.9131578868382
Africa Eastern and Southern,1973,47.7227078348149
Africa Eastern and Southern,1974,47.634362103647
Africa Eastern and Southern,1975,47.7928785363976
Africa Eastern and Southern,1976,48.3734725574753
Africa Eastern and Southern,1977,48.6567618954082
Africa Eastern and Southern,1978,48.7818960036143
Africa Eastern and Southern,1979,49.276900488754
Africa Eastern and Southern,1980,49.6549140809389
Africa Eastern and Southern,1981,50.0826228610725
Africa Eastern and Southern,1982,50.332663365642
Africa Eastern and Southern,1983,48.7581628368325
Africa Eastern and Southern,1984,48.7159952357098
Africa Eastern and Southern,1985,49.0802740588675
Africa Eastern and Southern,1986,49.711445017772
Africa Eastern and Southern,1987,50.1153864946532
Africa Eastern and Southern,1988,49.3745310521698
Africa Eastern and Southern,1989,50.7210010151314
Africa Eastern and Southern,1990,50.6426642532672
Africa Eastern and Southern,1991,50.4160601855954
Africa Eastern and Southern,1992,49.9744692157867
Africa Eastern and Southern,1993,50.2879424632518
Africa Eastern and Southern,1994,50.9163898482077
Africa Eastern and Southern,1995,51.0160366829441
Africa Eastern and Southern,1996,50.8193448001414
Africa Eastern and Southern,1997,50.9819695299728
Africa Eastern and Southern,1998,50.3271067293877
Africa Eastern and Southern,1999,51.2588743824657
Africa Eastern and Southern,2000,51.9869885599603
Africa Eastern and Southern,2001,52.2122393978731
Africa Eastern and Southern,2002,52.562781272505
Africa Eastern and Southern,2003,53.0363011425306
Africa Eastern and Southern,2004,53.5518823827268
Africa Eastern and Southern,2005,54.222949970966
Africa Eastern and Southern,2006,55.1577194111152
Africa Eastern and Southern,2007,55.9378377180117
Africa Eastern and Southern,2008,56.6807366036655
Africa Eastern and Southern,2009,57.6215135090088
Africa Eastern and Southern,2010,58.4103157038398
Africa Eastern and Southern,2011,59.2933194096367
Africa Eastern and Southern,2012,60.0515270441404
Africa Eastern and Southern,2013,60.7100282590173
Africa Eastern and Southern,2014,61.338812803717
Africa Eastern and Southern,2015,61.8568558505819
Africa Eastern and Southern,2016,62.4446410966273
Africa Eastern and Southern,2017,62.9248101271544
Africa Eastern and Southern,2018,63.3670367555538
Africa Eastern and Southern,2019,63.7547521666693
Africa Eastern and Southern,2020,63.3097935065176
Africa Eastern and Southern,2021,62.4490927859627
Africa Eastern and Southern,2022,62.888463228983
Afghanistan,1960,32.535
Afghanistan,1961,33.068
Afghanistan,1962,33.547
Afghanistan,1963,34.016
Afghanistan,1964,34.494
Afghanistan,1965,34.953
Afghanistan,1966,35.453
Afghanistan,1967,35.924
Afghanistan,1968,36.418
Afghanistan,1969,36.91
Afghanistan,1970,37.418
Afghanistan,1971,37.923
Afghanistan,1972,38.444
Afghanistan,1973,39.003
Afghanistan,1974,39.55
Afghanistan,1975,40.1
Afghanistan,1976,40.645
Afghanistan,1977,41.228
Afghanistan,1978,40.271
Afghanistan,1979,39.086
Afghanistan,1980,39.618
Afghanistan,1981,40.164
Afghanistan,1982,37.766
Afghanistan,1983,38.187
Afghanistan,1984,33.329
Afghanistan,1985,33.55
Afghanistan,1986,39.396
Afghanistan,1987,39.844
Afghanistan,1988,43.958
Afghanistan,1989,45.158
Afghanistan,1990,45.967
Afghanistan,1991,46.663
Afghanistan,1992,47.596
Afghanistan,1993,51.466
Afghanistan,1994,51.495
Afghanistan,1995,52.544
Afghanistan,1996,53.243
Afghanistan,1997,53.634
Afghanistan,1998,52.943
Afghanistan,1999,54.846
Afghanistan,2000,55.298
Afghanistan,2001,55.798
Afghanistan,2002,56.454
Afghanistan,2003,57.344
Afghanistan,2004,57.944
Afghanistan,2005,58.361
Afghanistan,2006,58.684
Afghanistan,2007,59.111
Afghanistan,2008,59.852
Afghanistan,2009,60.364
Afghanistan,2010,60.851
Afghanistan,2011,61.419
Afghanistan,2012,61.923
Afghanistan,2013,62.417
Afghanistan,2014,62.545
Afghanistan,2015,62.659
Afghanistan,2016,63.136
Afghanistan,2017,63.016
Afghanistan,2018,63.081
Afghanistan,2019,63.565
Afghanistan,2020,62.575
Afghanistan,2021,61.982
Afghanistan,2022,62.879
Africa Western and Central,1960,37.8461448646215
Africa Western and Central,1961,38.1654784289766
Africa Western and Central,1962,38.735787780386
Africa Western and Central,1963,39.0632725540672
Africa Western and Central,1964,39.3336214025603
Africa Western and Central,1965,39.6148800512706
Africa Western and Central,1966,39.8334838254132
Africa Western and Central,1967,39.4664255775905
Africa Western and Central,1968,40.079451356643
Africa Western and Central,1969,40.3428762411137
Africa Western and Central,1970,41.0264462919236
Africa Western and Central,1971,41.5478793286299
Africa Western and Central,1972,42.2412818905548
Africa Western and Central,1973,42.8467256024502
Africa Western and Central,1974,43.4889566326111
Africa Western and Central,1975,44.1926524188677
Africa Western and Central,1976,44.9949371531161
Africa Western and Central,1977,45.7121044692586
Africa Western and Central,1978,46.2620158285345
Africa Western and Central,1979,46.6662528597166
Africa Western and Central,1980,47.0082528222236
Africa Western and Central,1981,47.2904945436797
Africa Western and Central,1982,47.5231171781545
Africa Western and Central,1983,47.7792167536058
Africa Western and Central,1984,47.9262469812669
Africa Western and Central,1985,48.0156962385444
Africa Western and Central,1986,48.0603454125909
Africa Western and Central,1987,48.2294948653642
Africa Western and Central,1988,48.5046775106467
Africa Western and Central,1989,48.6802055068787
Africa Western and Central,1990,48.6382071671291
Africa Western and Central,1991,48.6487275119259
Africa Western and Central,1992,48.7214875525413
Africa Western and Central,1993,48.8153268531754
Africa Western and Central,1994,48.6646959581531
Africa Western and Central,1995,48.7647547169262
Africa Western and Central,1996,48.8852453235501
Africa Western and Central,1997,49.0580730718397
Africa Western and Central,1998,49.3098982631757
Africa Western and Central,1999,49.7264291205473
Africa Western and Central,2000,50.1945948063255
Africa Western and Central,2001,50.5373460326681
Africa Western and Central,2002,50.8980860716975
Africa Western and Central,2003,51.3716140688607
Africa Western and Central,2004,51.7847675047307
Africa Western and Central,2005,52.3080634425999
Africa Western and Central,2006,52.7925368799009
Africa Western and Central,2007,53.2089984184716
Africa Western and Central,2008,53.594145375776
Africa Western and Central,2009,54.111707721701
Africa Western and Central,2010,54.5004658348663
Africa Western and Central,2011,54.9601717528254
Africa Western and Central,2012,55.2839404862512
Africa Western and Central,2013,55.615140332255
Africa Western and Central,2014,55.8636648083814
Africa Western and Central,2015,56.1352747821566
Africa Western and Central,2016,56.5180855505093
Africa Western and Central,2017,56.8266341483196
Africa Western and Central,2018,57.1297073906826
Africa Western and Central,2019,57.5002948387114
Africa Western and Central,2020,57.1806707191864
Africa Western and Central,2021,56.9464748071321
Africa Western and Central,2022,57.5891064273872
Angola,1960,38.211
Angola,1961,37.267
Angola,1962,37.539
Angola,1963,37.824
Angola,1964,38.131
Angola,1965,38.495
Angola,1966,38.757
Angola,1967,39.092
Angola,1968,39.484
Angola,1969,39.829
Angola,1970,40.19
Angola,1971,40.554
Angola,1972,40.905
Angola,1973,41.27
Angola,1974,41.652
Angola,1975,41.191
Angola,1976,41.163
Angola,1977,41.437
Angola,1978,41.83
Angola,1979,42.175
Angola,1980,42.449
Angola,1981,42.772
Angola,1982,43.051
Angola,1983,42.092
Angola,1984,42.353
Angola,1985,42.648
Angola,1986,42.843
Angola,1987,40.917
Angola,1988,41.545
Angola,1989,41.765
Angola,1990,41.893
Angola,1991,43.813
Angola,1992,42.209
Angola,1993,42.101
Angola,1994,43.422
Angola,1995,45.849
Angola,1996,46.033
Angola,1997,46.306
Angola,1998,45.057
Angola,1999,45.386
Angola,2000,46.024
Angola,2001,46.59
Angola,2002,47.386
Angola,2003,49.617
Angola,2004,50.592
Angola,2005,51.57
Angola,2006,52.369
Angola,2007,53.642
Angola,2008,54.633
Angola,2009,55.752
Angola,2010,56.726
Angola,2011,57.596
Angola,2012,58.623
Angola,2013,59.307
Angola,2014,60.04
Angola,2015,60.655
Angola,2016,61.092
Angola,2017,61.68
Angola,2018,62.144
Angola,2019,62.448
Angola,2020,62.261
Angola,2021,61.643
Angola,2022,61.929
Albania,1960,54.439
Albania,1961,55.634
Albania,1962,56.671
Albania,1963,57.844
Albania,1964,58.983
Albania,1965,60.019
Albania,1966,60.998
Albania,1967,61.972
Albania,1968,62.946
Albania,1969,63.923
Albania,1970,64.824
Albania,1971,65.618
Albania,1972,66.422
Albania,1973,67.14
Albania,1974,67.769
Albania,1975,68.328
Albania,1976,68.704
Albania,1977,69.121
Albania,1978,69.309
Albania,1979,69.584
Albania,1980,70.478
Albania,1981,70.73
Albania,1982,71.023
Albania,1983,71.296
Albania,1984,71.502
Albania,1985,71.656
Albania,1986,71.95
Albania,1987,72.352
Albania,1988,72.641
Albania,1989,72.88
Albania,1990,73.144
Albania,1991,73.378
Albania,1992,73.715
Albania,1993,73.939
Albania,1994,74.131
Albania,1995,74.362
Albania,1996,74.592
Albania,1997,73.904
Albania,1998,74.99
Albania,1999,75.183
Albania,2000,75.404
Albania,2001,75.639
Albania,2002,75.89
Albania,2003,76.142
Albania,2004,76.376
Albania,2005,76.621
Albania,2006,76.816
Albania,2007,77.549
Albania,2008,77.653
Albania,2009,77.781
Albania,2010,77.936
Albania,2011,78.092
Albania,2012,78.064
Albania,2013,78.123
Albania,2014,78.407
Albania,2015,78.644
Albania,2016,78.86
Albania,2017,79.047
Albania,2018,79.184
Albania,2019,79.282
Albania,2020,76.989
Albania,2021,76.463
Albania,2022,76.833
Arab World,1960,44.956530676025
Arab World,1961,45.6591082263053
Arab World,1962,46.1004575327492
Arab World,1963,46.954091277091
Arab World,1964,47.8869624644942
Arab World,1965,48.2126925149048
Arab World,1966,48.4252413490845
Arab World,1967,48.8735576334782
Arab World,1968,49.3965755885973
Arab World,1969,49.76045731841
Arab World,1970,50.2795624787046
Arab World,1971,51.2321689500779
Arab World,1972,51.7894061377705
Arab World,1973,52.4619403843252
Arab World,1974,53.105691924249
Arab World,1975,53.6080179084914
Arab World,1976,53.9827614590193
Arab World,1977,55.2340672023999
Arab World,1978,55.9903686792533
Arab World,1979,56.7079014210182
Arab World,1980,57.1732662041854
Arab World,1981,57.5541012674757
Arab World,1982,57.9004131648282
Arab World,1983,58.6101247018123
Arab World,1984,59.2956867170174
Arab World,1985,60.0332144096784
Arab World,1986,61.0493688964207
Arab World,1987,60.9742621494447
Arab World,1988,60.3543194945362
Arab World,1989,62.28046614793
Arab World,1990,62.7293691855754
Arab World,1991,62.9713453378905
Arab World,1992,63.2352313770054
Arab World,1993,64.2297250080663
Arab World,1994,65.3257213637349
Arab World,1995,65.1530659868971
Arab World,1996,65.5277770689507
Arab World,1997,65.8137717257096
Arab World,1998,65.6001140162629
Arab World,1999,66.7167582232366
Arab World,2000,67.1485946556839
Arab World,2001,67.4878677120796
Arab World,2002,67.7989922635794
Arab World,2003,67.7264643995005
Arab World,2004,67.7617899778175
Arab World,2005,68.0313106881606
Arab World,2006,68.4456152626276
Arab World,2007,68.8044771777513
Arab World,2008,69.1498701706848
Arab World,2009,69.6659899107086
Arab World,2010,69.8629076501434
Arab World,2011,70.0929500756869
Arab World,2012,70.0306813523565
Arab World,2013,70.0635094909116
Arab World,2014,70.3670416519851
Arab World,2015,70.6438916772436
Arab World,2016,70.8430191114354
Arab World,2017,71.3208697263729
Arab World,2018,71.4885385070567
Arab World,2019,71.6884184364112
Arab World,2020,70.7942234312115
Arab World,2021,70.6523470396568
Arab World,2022,71.0781699371824
United Arab Emirates,1960,48.811
United Arab Emirates,1961,49.695
United Arab Emirates,1962,50.686
United Arab Emirates,1963,51.584
United Arab Emirates,1964,52.848
United Arab Emirates,1965,53.985
United Arab Emirates,1966,55.185
United Arab Emirates,1967,56.339
United Arab Emirates,1968,57.54
United Arab Emirates,1969,58.76
United Arab Emirates,1970,60.021
United Arab Emirates,1971,61.211
United Arab Emirates,1972,62.304
United Arab Emirates,1973,63.351
United Arab Emirates,1974,64.338
United Arab Emirates,1975,65.08
United Arab Emirates,1976,65.82
United Arab Emirates,1977,66.514
United Arab Emirates,1978,67.209
United Arab Emirates,1979,67.846
United Arab Emirates,1980,68.53
United Arab Emirates,1981,69.085
United Arab Emirates,1982,69.66
United Arab Emirates,1983,69.949
United Arab Emirates,1984,70.485
United Arab Emirates,1985,70.747
United Arab Emirates,1986,70.964
United Arab Emirates,1987,71.491
United Arab Emirates,1988,71.606
United Arab Emirates,1989,71.757
United Arab Emirates,1990,71.9
United Arab Emirates,1991,72.241
United Arab Emirates,1992,72.306
United Arab Emirates,1993,72.521
United Arab Emirates,1994,72.598
United Arab Emirates,1995,72.695
United Arab Emirates,1996,72.767
United Arab Emirates,1997,72.937
United Arab Emirates,1998,73.066
United Arab Emirates,1999,73.67
United Arab Emirates,2000,74.38
United Arab Emirates,2001,74.636
United Arab Emirates,2002,74.901
United Arab Emirates,2003,76.222
United Arab Emirates,2004,76.453
United Arab Emirates,2005,76.683
United Arab Emirates,2006,76.909
United Arab Emirates,2007,77.129
United Arab Emirates,2008,77.488
United Arab Emirates,2009,78.003
United Arab Emirates,2010,78.334
United Arab Emirates,2011,78.517
United Arab Emirates,2012,78.716
United Arab Emirates,2013,78.853
United Arab Emirates,2014,79.044
United Arab Emirates,2015,79.223
United Arab Emirates,2016,79.335
United Arab Emirates,2017,79.504
United Arab Emirates,2018,79.627
United Arab Emirates,2019,79.726
United Arab Emirates,2020,78.946
United Arab Emirates,2021,78.71
United Arab Emirates,2022,79.196
Argentina,1960,63.978
Argentina,1961,64.36
Argentina,1962,64.244
Argentina,1963,64.449
Argentina,1964,64.363
Argentina,1965,64.593
Argentina,1966,64.891
Argentina,1967,64.992
Argentina,1968,64.89
Argentina,1969,64.859
Argentina,1970,65.589
Argentina,1971,65.541
Argentina,1972,65.923
Argentina,1973,66.323
Argentina,1974,66.563
Argentina,1975,67.081
Argentina,1976,67.228
Argentina,1977,67.861
Argentina,1978,68.197
Argentina,1979,68.491
Argentina,1980,68.564
Argentina,1981,68.976
Argentina,1982,68.937
Argentina,1983,69.267
Argentina,1984,69.195
Argentina,1985,69.651
Argentina,1986,70.119
Argentina,1987,70.564
Argentina,1988,71.052
Argentina,1989,71.425
Argentina,1990,71.784
Argentina,1991,72.319
Argentina,1992,72.43
Argentina,1993,72.565
Argentina,1994,73.172
Argentina,1995,73.133
Argentina,1996,73.307
Argentina,1997,73.09
Argentina,1998,73.474
Argentina,1999,73.722
Argentina,2000,73.926
Argentina,2001,74.186
Argentina,2002,74.408
Argentina,2003,74.08
Argentina,2004,74.855
Argentina,2005,75.139
Argentina,2006,75.433
Argentina,2007,75.006
Argentina,2008,75.641
Argentina,2009,75.936
Argentina,2010,75.721
Argentina,2011,76.124
Argentina,2012,76.467
Argentina,2013,76.491
Argentina,2014,76.755
Argentina,2015,76.76
Argentina,2016,76.308
Argentina,2017,76.833
Argentina,2018,76.999
Argentina,2019,77.284
Argentina,2020,75.892
Argentina,2021,75.39
Argentina,2022,76.064
Armenia,1960,61.431
Armenia,1961,61.803
Armenia,1962,62.125
Armenia,1963,62.223
Armenia,1964,62.418
Armenia,1965,62.754
Armenia,1966,62.945
Armenia,1967,63.213
Armenia,1968,63.334
Armenia,1969,63.656
Armenia,1970,63.873
Armenia,1971,64.208
Armenia,1972,64.535
Armenia,1973,64.611
Armenia,1974,64.825
Armenia,1975,64.962
Armenia,1976,65.161
Armenia,1977,65.364
Armenia,1978,65.701
Armenia,1979,66.041
Armenia,1980,66.177
Armenia,1981,66.579
Armenia,1982,66.89
Armenia,1983,67.195
Armenia,1984,67.507
Armenia,1985,67.93
Armenia,1986,68.18
Armenia,1987,68.095
Armenia,1988,53.9
Armenia,1989,68.703
Armenia,1990,68.821
Armenia,1991,68.643
Armenia,1992,68.627
Armenia,1993,68.841
Armenia,1994,69.073
Armenia,1995,69.311
Armenia,1996,69.783
Armenia,1997,69.91
Armenia,1998,70.514
Armenia,1999,70.257
Armenia,2000,70.624
Armenia,2001,70.932
Armenia,2002,71.018
Armenia,2003,71.436
Armenia,2004,71.421
Armenia,2005,71.792
Armenia,2006,71.987
Armenia,2007,72.327
Armenia,2008,72.398
Armenia,2009,72.813
Armenia,2010,73.16
Armenia,2011,73.305
Armenia,2012,73.454
Armenia,2013,73.676
Armenia,2014,74.058
Armenia,2015,74.436
Armenia,2016,74.664
Armenia,2017,74.906
Armenia,2018,75.064
Armenia,2019,75.439
Armenia,2020,72.173
Armenia,2021,72.043
Armenia,2022,73.372
Antigua and Barbuda,1960,61.55
Antigua and Barbuda,1961,62.363
Antigua and Barbuda,1962,63.192
Antigua and Barbuda,1963,64.101
Antigua and Barbuda,1964,65.058
Antigua and Barbuda,1965,66.026
Antigua and Barbuda,1966,66.956
Antigua and Barbuda,1967,67.859
Antigua and Barbuda,1968,68.671
Antigua and Barbuda,1969,69.535
Antigua and Barbuda,1970,70.058
Antigua and Barbuda,1971,70.683
Antigua and Barbuda,1972,71.016
Antigua and Barbuda,1973,71.349
Antigua and Barbuda,1974,71.747
Antigua and Barbuda,1975,71.977
Antigua and Barbuda,1976,72.359
Antigua and Barbuda,1977,72.546
Antigua and Barbuda,1978,72.871
Antigua and Barbuda,1979,73.035
Antigua and Barbuda,1980,73.183
Antigua and Barbuda,1981,73.338
Antigua and Barbuda,1982,73.458
Antigua and Barbuda,1983,73.471
Antigua and Barbuda,1984,73.524
Antigua and Barbuda,1985,73.566
Antigua and Barbuda,1986,73.556
Antigua and Barbuda,1987,73.554
Antigua and Barbuda,1988,73.53
Antigua and Barbuda,1989,73.416
Antigua and Barbuda,1990,73.492
Antigua and Barbuda,1991,73.435
Antigua and Barbuda,1992,73.417
Antigua and Barbuda,1993,73.482
Antigua and Barbuda,1994,73.591
Antigua and Barbuda,1995,73.636
Antigua and Barbuda,1996,73.829
Antigua and Barbuda,1997,73.96
Antigua and Barbuda,1998,74.041
Antigua and Barbuda,1999,74.347
Antigua and Barbuda,2000,74.606
Antigua and Barbuda,2001,75.078
Antigua and Barbuda,2002,75.536
Antigua and Barbuda,2003,75.478
Antigua and Barbuda,2004,75.672
Antigua and Barbuda,2005,75.825
Antigua and Barbuda,2006,75.765
Antigua and Barbuda,2007,76.131
Antigua and Barbuda,2008,76.41
Antigua and Barbuda,2009,76.669
Antigua and Barbuda,2010,76.82
Antigua and Barbuda,2011,77.104
Antigua and Barbuda,2012,77.35
Antigua and Barbuda,2013,77.583
Antigua and Barbuda,2014,77.858
Antigua and Barbuda,2015,77.913
Antigua and Barbuda,2016,78.152
Antigua and Barbuda,2017,78.268
Antigua and Barbuda,2018,78.511
Antigua and Barbuda,2019,78.691
Antigua and Barbuda,2020,78.841
Antigua and Barbuda,2021,78.497
Antigua and Barbuda,2022,79.236
Australia,1960,70.8170731707317
Australia,1961,70.9731707317073
Australia,1962,70.9424390243903
Australia,1963,70.9117073170732
Australia,1964,70.8809756097561
Australia,1965,70.850243902439
Australia,1966,70.819512195122
Australia,1967,70.8692682926829
Australia,1968,70.9190243902439
Australia,1969,70.9687804878049
Australia,1970,71.0185365853659
Australia,1971,71.0682926829268
Australia,1972,71.4575609756098
Australia,1973,71.8468292682927
Australia,1974,72.2360975609756
Australia,1975,72.6253658536586
Australia,1976,73.0146341463415
Australia,1977,73.3443902439024
Australia,1978,73.6741463414634
Australia,1979,74.0039024390244
Australia,1980,74.3336585365854
Australia,1981,74.6634146341463
Australia,1982,74.9048780487805
Australia,1983,75.1463414634146
Australia,1984,75.3878048780488
Australia,1985,75.6292682926829
Australia,1986,75.8707317073171
Australia,1987,76.1517073170732
Australia,1988,76.4326829268293
Australia,1989,76.7136585365854
Australia,1990,76.9946341463415
Australia,1991,77.2756097560976
Australia,1992,77.3780487804878
Australia,1993,77.8780487804878
Australia,1994,77.8780487804878
Australia,1995,77.8292682926829
Australia,1996,78.0780487804878
Australia,1997,78.4804878048781
Australia,1998,78.6317073170732
Australia,1999,78.9317073170732
Australia,2000,79.2341463414634
Australia,2001,79.6341463414634
Australia,2002,79.9365853658537
Australia,2003,80.2390243902439
Australia,2004,80.490243902439
Australia,2005,80.8414634146341
Australia,2006,81.0414634146342
Australia,2007,81.2926829268293
Australia,2008,81.3951219512195
Australia,2009,81.5439024390244
Australia,2010,81.6951219512195
Australia,2011,81.8951219512195
Australia,2012,82.0463414634146
Australia,2013,82.1487804878049
Australia,2014,82.3
Australia,2015,82.4
Australia,2016,82.4487804878049
Australia,2017,82.5
Australia,2018,82.7487804878049
Australia,2019,82.9
Australia,2020,83.2
Australia,2021,83.3
Australia,2022,83.2
Austria,1960,68.5856097560976
Austria,1961,69.5773170731707
Austria,1962,69.309512195122
Austria,1963,69.4436585365854
Austria,1964,69.9219512195122
Austria,1965,69.7221951219512
Austria,1966,70.0458536585366
Austria,1967,69.9178048780488
Austria,1968,70.0575609756098
Austria,1969,69.8331707317073
Austria,1970,69.9146341463415
Austria,1971,70.1146341463415
Austria,1972,70.4634146341463
Austria,1973,71.0146341463415
Austria,1974,71.0121951219512
Austria,1975,71.1146341463415
Austria,1976,71.5658536585366
Austria,1977,71.9146341463415
Austria,1978,72.0121951219512
Austria,1979,72.3121951219512
Austria,1980,72.4634146341463
Austria,1981,72.8121951219512
Austria,1982,72.9609756097561
Austria,1983,73.0121951219512
Austria,1984,73.6121951219512
Austria,1985,73.8146341463415
Austria,1986,74.3170731707317
Austria,1987,74.7682926829268
Austria,1988,75.2170731707317
Austria,1989,75.2658536585366
Austria,1990,75.5682926829269
Austria,1991,75.6170731707317
Austria,1992,75.8170731707317
Austria,1993,76.0682926829268
Austria,1994,76.419512195122
Austria,1995,76.6682926829268
Austria,1996,76.8707317073171
Austria,1997,77.319512195122
Austria,1998,77.6707317073171
Austria,1999,77.8756097560976
Austria,2000,78.1268292682927
Austria,2001,78.5756097560976
Austria,2002,78.6780487804878
Austria,2003,78.6317073170732
Austria,2004,79.1804878048781
Austria,2005,79.3317073170732
Austria,2006,79.8804878048781
Austria,2007,80.1804878048781
Austria,2008,80.4317073170732
Austria,2009,80.3317073170732
Austria,2010,80.5804878048781
Austria,2011,80.9829268292683
Austria,2012,80.9365853658537
Austria,2013,81.1365853658537
Austria,2014,81.490243902439
Austria,2015,81.190243902439
Austria,2016,81.6414634146342
Austria,2017,81.6439024390244
Austria,2018,81.6926829268293
Austria,2019,81.8951219512195
Austria,2020,81.1926829268293
Austria,2021,81.190243902439
Austria,2022,81.0926829268293
Azerbaijan,1960,55.837
Azerbaijan,1961,56.192
Azerbaijan,1962,56.516
Azerbaijan,1963,56.898
Azerbaijan,1964,57.196
Azerbaijan,1965,57.619
Azerbaijan,1966,57.672
Azerbaijan,1967,57.973
Azerbaijan,1968,58.367
Azerbaijan,1969,58.599
Azerbaijan,1970,59.018
Azerbaijan,1971,59.353
Azerbaijan,1972,59.803
Azerbaijan,1973,60.045
Azerbaijan,1974,60.228
Azerbaijan,1975,60.337
Azerbaijan,1976,60.521
Azerbaijan,1977,60.627
Azerbaijan,1978,60.713
Azerbaijan,1979,60.867
Azerbaijan,1980,61.081
Azerbaijan,1981,61.291
Azerbaijan,1982,61.447
Azerbaijan,1983,61.96
Azerbaijan,1984,61.956
Azerbaijan,1985,62.093
Azerbaijan,1986,62.194
Azerbaijan,1987,62.569
Azerbaijan,1988,62.729
Azerbaijan,1989,62.582
Azerbaijan,1990,62.352
Azerbaijan,1991,62.052
Azerbaijan,1992,61.296
Azerbaijan,1993,61.286
Azerbaijan,1994,61.594
Azerbaijan,1995,62.305
Azerbaijan,1996,62.622
Azerbaijan,1997,62.973
Azerbaijan,1998,63.561
Azerbaijan,1999,64.189
Azerbaijan,2000,64.891
Azerbaijan,2001,65.51
Azerbaijan,2002,66.239
Azerbaijan,2003,66.756
Azerbaijan,2004,67.346
Azerbaijan,2005,67.562
Azerbaijan,2006,68.165
Azerbaijan,2007,68.603
Azerbaijan,2008,68.811
Azerbaijan,2009,69.356
Azerbaijan,2010,69.529
Azerbaijan,2011,69.984
Azerbaijan,2012,70.36
Azerbaijan,2013,70.881
Azerbaijan,2014,71.116
Azerbaijan,2015,71.451
Azerbaijan,2016,72.004
Azerbaijan,2017,72.248
Azerbaijan,2018,72.76
Azerbaijan,2019,73.102
Azerbaijan,2020,66.868
Azerbaijan,2021,69.366
Azerbaijan,2022,73.488
Burundi,1960,43.024
Burundi,1961,43.252
Burundi,1962,43.441
Burundi,1963,43.718
Burundi,1964,43.974
Burundi,1965,42.005
Burundi,1966,43.531
Burundi,1967,43.341
Burundi,1968,43.378
Burundi,1969,42.874
Burundi,1970,43.041
Burundi,1971,42.965
Burundi,1972,25.613
Burundi,1973,37.275
Burundi,1974,43.012
Burundi,1975,42.982
Burundi,1976,43.144
Burundi,1977,43.513
Burundi,1978,43.764
Burundi,1979,44.59
Burundi,1980,45.406
Burundi,1981,46.393
Burundi,1982,47.29
Burundi,1983,48.051
Burundi,1984,48.491
Burundi,1985,48.541
Burundi,1986,48.164
Burundi,1987,47.516
Burundi,1988,43.04
Burundi,1989,45.62
Burundi,1990,44.86
Burundi,1991,44.227
Burundi,1992,43.895
Burundi,1993,37.105
Burundi,1994,44.08
Burundi,1995,44.059
Burundi,1996,44.373
Burundi,1997,45.387
Burundi,1998,46.552
Burundi,1999,47.528
Burundi,2000,47.514
Burundi,2001,48.431
Burundi,2002,49.891
Burundi,2003,50.857
Burundi,2004,52.01
Burundi,2005,53.023
Burundi,2006,53.869
Burundi,2007,54.727
Burundi,2008,55.71
Burundi,2009,56.388
Burundi,2010,57.081
Burundi,2011,57.769
Burundi,2012,58.493
Burundi,2013,59.235
Burundi,2014,59.868
Burundi,2015,60.217
Burundi,2016,60.793
Burundi,2017,61.553
Burundi,2018,61.688
Burundi,2019,62.351
Burundi,2020,61.566
Burundi,2021,61.663
Burundi,2022,61.977
Belgium,1960,69.7019512195122
Belgium,1961,70.5209756097561
Belgium,1962,70.219512195122
Belgium,1963,70.0514634146342
Belgium,1964,70.7551219512195
Belgium,1965,70.6253658536586
Belgium,1966,70.7063414634146
Belgium,1967,71.0129268292683
Belgium,1968,70.6931707317073
Belgium,1969,70.7648780487805
Belgium,1970,70.9719512195122
Belgium,1971,71.0604878048781
Belgium,1972,71.4051219512195
Belgium,1973,71.6353658536586
Belgium,1974,71.9858536585366
Belgium,1975,71.9712195121951
Belgium,1976,72.119756097561
Belgium,1977,72.7739024390244
Belgium,1978,72.6980487804878
Belgium,1979,73.1936585365854
Belgium,1980,73.2070731707317
Belgium,1981,73.6217073170732
Belgium,1982,73.8880487804878
Belgium,1983,73.8690243902439
Belgium,1984,74.4048780487805
Belgium,1985,74.520243902439
Belgium,1986,74.7317073170732
Belgium,1987,75.3658536585366
Belgium,1988,75.5658536585366
Belgium,1989,75.6326829268293
Belgium,1990,76.0519512195122
Belgium,1991,76.1921951219512
Belgium,1992,76.3512195121951
Belgium,1993,76.3453658536585
Belgium,1994,76.6917073170732
Belgium,1995,76.8407317073171
Belgium,1996,77.1873170731707
Belgium,1997,77.3707317073171
Belgium,1998,77.4731707317073
Belgium,1999,77.619512195122
Belgium,2000,77.7219512195122
Belgium,2001,77.9731707317073
Belgium,2002,78.0756097560976
Belgium,2003,78.1292682926829
Belgium,2004,78.8780487804878
Belgium,2005,78.9804878048781
Belgium,2006,79.380487804878
Belgium,2007,79.7829268292683
Belgium,2008,79.6804878048781
Belgium,2009,80.0341463414634
Belgium,2010,80.1829268292683
Belgium,2011,80.5853658536585
Belgium,2012,80.3853658536585
Belgium,2013,80.5878048780488
Belgium,2014,81.2878048780488
Belgium,2015,80.9926829268293
Belgium,2016,81.4390243902439
Belgium,2017,81.4926829268293
Belgium,2018,81.5951219512195
Belgium,2019,81.9951219512195
Belgium,2020,80.6951219512195
Belgium,2021,81.790243902439
Belgium,2022,81.6975609756098
Benin,1960,38.181
Benin,1961,38.542
Benin,1962,38.928
Benin,1963,39.334
Benin,1964,39.758
Benin,1965,40.184
Benin,1966,40.648
Benin,1967,41.055
Benin,1968,41.522
Benin,1969,41.849
Benin,1970,42.189
Benin,1971,42.581
Benin,1972,43.158
Benin,1973,43.596
Benin,1974,44.085
Benin,1975,44.681
Benin,1976,45.488
Benin,1977,46.176
Benin,1978,46.961
Benin,1979,47.362
Benin,1980,47.877
Benin,1981,48.31
Benin,1982,48.813
Benin,1983,49.333
Benin,1984,49.747
Benin,1985,50.374
Benin,1986,51.075
Benin,1987,51.659
Benin,1988,52.294
Benin,1989,52.684
Benin,1990,53.292
Benin,1991,53.624
Benin,1992,54.089
Benin,1993,54.537
Benin,1994,54.91
Benin,1995,55.295
Benin,1996,55.558
Benin,1997,55.978
Benin,1998,56.218
Benin,1999,56.526
Benin,2000,56.578
Benin,2001,56.66
Benin,2002,56.606
Benin,2003,56.738
Benin,2004,56.826
Benin,2005,57.125
Benin,2006,57.456
Benin,2007,57.675
Benin,2008,57.869
Benin,2009,57.956
Benin,2010,58.363
Benin,2011,58.462
Benin,2012,58.716
Benin,2013,58.965
Benin,2014,59.125
Benin,2015,59.377
Benin,2016,59.539
Benin,2017,59.856
Benin,2018,60.14
Benin,2019,60.454
Benin,2020,60.088
Benin,2021,59.821
Benin,2022,59.954
Burkina Faso,1960,35.872
Burkina Faso,1961,36.24
Burkina Faso,1962,36.665
Burkina Faso,1963,36.974
Burkina Faso,1964,37.251
Burkina Faso,1965,37.691
Burkina Faso,1966,37.916
Burkina Faso,1967,38.294
Burkina Faso,1968,38.531
Burkina Faso,1969,38.857
Burkina Faso,1970,39.239
Burkina Faso,1971,39.559
Burkina Faso,1972,40.053
Burkina Faso,1973,40.548
Burkina Faso,1974,41.354
Burkina Faso,1975,42.307
Burkina Faso,1976,43.245
Burkina Faso,1977,44.147
Burkina Faso,1978,45.073
Burkina Faso,1979,45.903
Burkina Faso,1980,46.539
Burkina Faso,1981,46.872
Burkina Faso,1982,47.602
Burkina Faso,1983,48.091
Burkina Faso,1984,48.638
Burkina Faso,1985,48.949
Burkina Faso,1986,49.013
Burkina Faso,1987,49.058
Burkina Faso,1988,49.132
Burkina Faso,1989,49.174
Burkina Faso,1990,49.44
Burkina Faso,1991,49.45
Burkina Faso,1992,49.437
Burkina Faso,1993,49.209
Burkina Faso,1994,49.307
Burkina Faso,1995,49.446
Burkina Faso,1996,49.614
Burkina Faso,1997,49.4
Burkina Faso,1998,49.991
Burkina Faso,1999,50.325
Burkina Faso,2000,50.847
Burkina Faso,2001,51.071
Burkina Faso,2002,51.272
Burkina Faso,2003,51.793
Burkina Faso,2004,52.416
Burkina Faso,2005,53.092
Burkina Faso,2006,53.742
Burkina Faso,2007,54.375
Burkina Faso,2008,55.342
Burkina Faso,2009,55.959
Burkina Faso,2010,56.477
Burkina Faso,2011,57.125
Burkina Faso,2012,57.619
Burkina Faso,2013,57.823
Burkina Faso,2014,58.359
Burkina Faso,2015,58.845
Burkina Faso,2016,59.326
Burkina Faso,2017,59.536
Burkina Faso,2018,60.047
Burkina Faso,2019,60.039
Burkina Faso,2020,59.731
Burkina Faso,2021,59.27
Burkina Faso,2022,59.766
Bangladesh,1960,44.74
Bangladesh,1961,45.662
Bangladesh,1962,46.701
Bangladesh,1963,46.655
Bangladesh,1964,47.741
Bangladesh,1965,46.858
Bangladesh,1966,48.577
Bangladesh,1967,48.865
Bangladesh,1968,49.09
Bangladesh,1969,49.172
Bangladesh,1970,42.587
Bangladesh,1971,25.996
Bangladesh,1972,49.591
Bangladesh,1973,49.828
Bangladesh,1974,49.16
Bangladesh,1975,50.292
Bangladesh,1976,50.647
Bangladesh,1977,51.197
Bangladesh,1978,51.254
Bangladesh,1979,51.464
Bangladesh,1980,51.85
Bangladesh,1981,52.169
Bangladesh,1982,52.54
Bangladesh,1983,53.011
Bangladesh,1984,53.54
Bangladesh,1985,53.897
Bangladesh,1986,54.415
Bangladesh,1987,54.926
Bangladesh,1988,55.027
Bangladesh,1989,55.089
Bangladesh,1990,55.989
Bangladesh,1991,54.154
Bangladesh,1992,57.635
Bangladesh,1993,57.927
Bangladesh,1994,58.617
Bangladesh,1995,59.467
Bangladesh,1996,59.492
Bangladesh,1997,61.427
Bangladesh,1998,63.917
Bangladesh,1999,66.228
Bangladesh,2000,65.779
Bangladesh,2001,66.135
Bangladesh,2002,66.612
Bangladesh,2003,66.824
Bangladesh,2004,67.187
Bangladesh,2005,67.299
Bangladesh,2006,67.241
Bangladesh,2007,66.714
Bangladesh,2008,67.051
Bangladesh,2009,67.403
Bangladesh,2010,68.638
Bangladesh,2011,68.809
Bangladesh,2012,69.554
Bangladesh,2013,69.565
Bangladesh,2014,69.986
Bangladesh,2015,70.491
Bangladesh,2016,71.09
Bangladesh,2017,71.788
Bangladesh,2018,72.567
Bangladesh,2019,72.806
Bangladesh,2020,71.968
Bangladesh,2021,72.381
Bangladesh,2022,73.698
Bulgaria,1960,69.2475609756098
Bulgaria,1961,70.1956097560976
Bulgaria,1962,69.4919512195122
Bulgaria,1963,70.3092682926829
Bulgaria,1964,71.1212195121951
Bulgaria,1965,71.2939024390244
Bulgaria,1966,71.2234146341464
Bulgaria,1967,70.4139024390244
Bulgaria,1968,71.2251219512195
Bulgaria,1969,70.43
Bulgaria,1970,71.2563414634146
Bulgaria,1971,70.8736585365854
Bulgaria,1972,70.899512195122
Bulgaria,1973,71.3421951219512
Bulgaria,1974,71.2080487804878
Bulgaria,1975,71.049756097561
Bulgaria,1976,71.3948780487805
Bulgaria,1977,70.8160975609756
Bulgaria,1978,71.1846341463415
Bulgaria,1979,71.3082926829268
Bulgaria,1980,71.1575609756098
Bulgaria,1981,71.5719512195122
Bulgaria,1982,71.1860975609756
Bulgaria,1983,71.3863414634146
Bulgaria,1984,71.499756097561
Bulgaria,1985,71.2280487804878
Bulgaria,1986,71.7307317073171
Bulgaria,1987,71.5268292682927
Bulgaria,1988,71.6043902439024
Bulgaria,1989,71.7224390243903
Bulgaria,1990,71.6414634146342
Bulgaria,1991,71.5609756097561
Bulgaria,1992,71.4943902439024
Bulgaria,1993,71.3468292682927
Bulgaria,1994,71.2087804878049
Bulgaria,1995,71.053414634146307
Bulgaria,1996,70.8973170731707
Bulgaria,1997,70.3512195121951
Bulgaria,1998,71.0609756097561
Bulgaria,1999,71.4121951219512
Bulgaria,2000,71.6634146341463
Bulgaria,2001,71.7682926829268
Bulgaria,2002,71.8658536585366
Bulgaria,2003,72.0658536585366
Bulgaria,2004,72.5634146341463
Bulgaria,2005,72.5609756097561
Bulgaria,2006,72.6121951219512
Bulgaria,2007,72.6634146341463
Bulgaria,2008,72.9634146341463
Bulgaria,2009,73.4121951219512
Bulgaria,2010,73.5121951219512
Bulgaria,2011,74.1634146341463
Bulgaria,2012,74.3146341463415
Bulgaria,2013,74.8609756097561
Bulgaria,2014,74.4658536585366
Bulgaria,2015,74.6146341463415
Bulgaria,2016,74.8121951219512
Bulgaria,2017,74.8146341463415
Bulgaria,2018,74.9634146341464
Bulgaria,2019,75.1121951219512
Bulgaria,2020,73.6585365853659
Bulgaria,2021,71.4634146341463
Bulgaria,2022,74.3609756097561
Bahrain,1960,50.33
Bahrain,1961,52.112
Bahrain,1962,53.697
Bahrain,1963,55.285
Bahrain,1964,56.778
Bahrain,1965,58.228
Bahrain,1966,59.656
Bahrain,1967,61.002
Bahrain,1968,62.31
Bahrain,1969,63.475
Bahrain,1970,64.45
Bahrain,1971,65.607
Bahrain,1972,66.373
Bahrain,1973,67.183
Bahrain,1974,67.864
Bahrain,1975,68.466
Bahrain,1976,69.118
Bahrain,1977,69.604
Bahrain,1978,69.978
Bahrain,1979,70.456
Bahrain,1980,70.826
Bahrain,1981,71.183
Bahrain,1982,71.47
Bahrain,1983,71.668
Bahrain,1984,72.012
Bahrain,1985,72.106
Bahrain,1986,72.269
Bahrain,1987,72.369
Bahrain,1988,72.444
Bahrain,1989,72.619
Bahrain,1990,72.668
Bahrain,1991,72.764
Bahrain,1992,72.953
Bahrain,1993,73.375
Bahrain,1994,73.517
Bahrain,1995,73.799
Bahrain,1996,74.355
Bahrain,1997,74.535
Bahrain,1998,74.641
Bahrain,1999,74.98
Bahrain,2000,75.496
Bahrain,2001,75.908
Bahrain,2002,76.088
Bahrain,2003,76.337
Bahrain,2004,76.56
Bahrain,2005,76.931
Bahrain,2006,77.156
Bahrain,2007,77.634
Bahrain,2008,78.084
Bahrain,2009,78.461
Bahrain,2010,78.748
Bahrain,2011,78.89
Bahrain,2012,79.081
Bahrain,2013,79.246
Bahrain,2014,79.328
Bahrain,2015,79.405
Bahrain,2016,79.557
Bahrain,2017,79.689
Bahrain,2018,79.857
Bahrain,2019,80.019
Bahrain,2020,79.174
Bahrain,2021,78.76
Bahrain,2022,79.246
"Bahamas, The",1960,62.896
"Bahamas, The",1961,63.185
"Bahamas, The",1962,63.433
"Bahamas, The",1963,63.732
"Bahamas, The",1964,64.05
"Bahamas, The",1965,64.362
"Bahamas, The",1966,64.659
"Bahamas, The",1967,64.948
"Bahamas, The",1968,65.328
"Bahamas, The",1969,65.646
"Bahamas, The",1970,65.926
"Bahamas, The",1971,66.151
"Bahamas, The",1972,66.413
"Bahamas, The",1973,66.488
"Bahamas, The",1974,67.001
"Bahamas, The",1975,67.221
"Bahamas, The",1976,67.84
"Bahamas, The",1977,67.88
"Bahamas, The",1978,67.562
"Bahamas, The",1979,67.366
"Bahamas, The",1980,67.521
"Bahamas, The",1981,67.746
"Bahamas, The",1982,68.436
"Bahamas, The",1983,69.161
"Bahamas, The",1984,69.351
"Bahamas, The",1985,69.257
"Bahamas, The",1986,69.285
"Bahamas, The",1987,68.924
"Bahamas, The",1988,69.215
"Bahamas, The",1989,69.598
"Bahamas, The",1990,70.133
"Bahamas, The",1991,69.616
"Bahamas, The",1992,70.668
"Bahamas, The",1993,70.656
"Bahamas, The",1994,70.851
"Bahamas, The",1995,70.763
"Bahamas, The",1996,70.71
"Bahamas, The",1997,71.054
"Bahamas, The",1998,71.456
"Bahamas, The",1999,71.771
"Bahamas, The",2000,72.041
"Bahamas, The",2001,72.11
"Bahamas, The",2002,72.232
"Bahamas, The",2003,72.402
"Bahamas, The",2004,72.478
"Bahamas, The",2005,72.765
"Bahamas, The",2006,72.855
"Bahamas, The",2007,72.678
"Bahamas, The",2008,72.667
"Bahamas, The",2009,72.579
"Bahamas, The",2010,72.731
"Bahamas, The",2011,72.564
"Bahamas, The",2012,72.753
"Bahamas, The",2013,73.024
"Bahamas, The",2014,73.366
"Bahamas, The",2015,73.104
"Bahamas, The",2016,73.537
"Bahamas, The",2017,73.632
"Bahamas, The",2018,73.806
"Bahamas, The",2019,71.205
"Bahamas, The",2020,72.677
"Bahamas, The",2021,71.598
"Bahamas, The",2022,74.358
Bosnia and Herzegovina,1960,61.037
Bosnia and Herzegovina,1961,61.856
Bosnia and Herzegovina,1962,62.511
Bosnia and Herzegovina,1963,63.274
Bosnia and Herzegovina,1964,63.948
Bosnia and Herzegovina,1965,64.555
Bosnia and Herzegovina,1966,65.171
Bosnia and Herzegovina,1967,65.553
Bosnia and Herzegovina,1968,65.883
Bosnia and Herzegovina,1969,66.2
Bosnia and Herzegovina,1970,66.688
Bosnia and Herzegovina,1971,67.163
Bosnia and Herzegovina,1972,67.672
Bosnia and Herzegovina,1973,68.216
Bosnia and Herzegovina,1974,68.862
Bosnia and Herzegovina,1975,69.405
Bosnia and Herzegovina,1976,69.648
Bosnia and Herzegovina,1977,70.041
Bosnia and Herzegovina,1978,70.132
Bosnia and Herzegovina,1979,70.34
Bosnia and Herzegovina,1980,70.543
Bosnia and Herzegovina,1981,70.7
Bosnia and Herzegovina,1982,70.875
Bosnia and Herzegovina,1983,71.081
Bosnia and Herzegovina,1984,71.036
Bosnia and Herzegovina,1985,70.799
Bosnia and Herzegovina,1986,71.239
Bosnia and Herzegovina,1987,71.676
Bosnia and Herzegovina,1988,71.755
Bosnia and Herzegovina,1989,71.781
Bosnia and Herzegovina,1990,72.349
Bosnia and Herzegovina,1991,72.089
Bosnia and Herzegovina,1992,51.785
Bosnia and Herzegovina,1993,51.519
Bosnia and Herzegovina,1994,67.209
Bosnia and Herzegovina,1995,70.284
Bosnia and Herzegovina,1996,73.43
Bosnia and Herzegovina,1997,73.686
Bosnia and Herzegovina,1998,73.901
Bosnia and Herzegovina,1999,75.076
Bosnia and Herzegovina,2000,74.496
Bosnia and Herzegovina,2001,75.06
Bosnia and Herzegovina,2002,74.612
Bosnia and Herzegovina,2003,75.782
Bosnia and Herzegovina,2004,76.133
Bosnia and Herzegovina,2005,75.42
Bosnia and Herzegovina,2006,76.247
Bosnia and Herzegovina,2007,76.161
Bosnia and Herzegovina,2008,76.838
Bosnia and Herzegovina,2009,76.976
Bosnia and Herzegovina,2010,77.073
Bosnia and Herzegovina,2011,77.007
Bosnia and Herzegovina,2012,77.191
Bosnia and Herzegovina,2013,76.33
Bosnia and Herzegovina,2014,75.659
Bosnia and Herzegovina,2015,76.182
Bosnia and Herzegovina,2016,76.808
Bosnia and Herzegovina,2017,76.935
Bosnia and Herzegovina,2018,77.093
Bosnia and Herzegovina,2019,77.241
Bosnia and Herzegovina,2020,76.225
Bosnia and Herzegovina,2021,75.3
Bosnia and Herzegovina,2022,75.293
Belarus,1960,69.2546097560976
Belarus,1961,69.7383902439024
Belarus,1962,69.4623170731708
Belarus,1963,69.7097804878049
Belarus,1964,70.619243902439
Belarus,1965,70.5974878048781
Belarus,1966,70.7689268292683
Belarus,1967,70.9297804878049
Belarus,1968,70.8127804878049
Belarus,1969,70.9780243902439
Belarus,1970,70.7444878048781
Belarus,1971,71.0117073170732
Belarus,1972,70.8493170731708
Belarus,1973,71.0006585365854
Belarus,1974,70.8546829268293
Belarus,1975,70.4570975609756
Belarus,1976,70.3968292682927
Belarus,1977,70.2890243902439
Belarus,1978,70.0817317073171
Belarus,1979,69.9336341463415
Belarus,1980,69.9277073170732
Belarus,1981,69.907512195122
Belarus,1982,70.0769024390244
Belarus,1983,69.7948536585366
Belarus,1984,69.5631951219512
Belarus,1985,70.9926829268293
Belarus,1986,71.549512195122
Belarus,1987,70.990243902439
Belarus,1988,71.3414634146341
Belarus,1989,71.4829268292683
Belarus,1990,70.8365853658537
Belarus,1991,70.3780487804878
Belarus,1992,70.0219512195122
Belarus,1993,68.9707317073171
Belarus,1994,68.7682926829268
Belarus,1995,68.4609756097561
Belarus,1996,68.5121951219512
Belarus,1997,68.4609756097561
Belarus,1998,68.4073170731707
Belarus,1999,67.9073170731707
Belarus,2000,68.9121951219512
Belarus,2001,68.5073170731707
Belarus,2002,68.0560975609756
Belarus,2003,68.5536585365854
Belarus,2004,68.9560975609756
Belarus,2005,68.8512195121951
Belarus,2006,69.4048780487805
Belarus,2007,70.2073170731707
Belarus,2008,70.4560975609756
Belarus,2009,70.4073170731707
Belarus,2010,70.4048780487805
Belarus,2011,70.5536585365854
Belarus,2012,71.9658536585366
Belarus,2013,72.4707317073171
Belarus,2014,72.9707317073171
Belarus,2015,73.6243902439025
Belarus,2016,73.8268292682927
Belarus,2017,74.1292682926829
Belarus,2018,74.1756097560976
Belarus,2019,74.2268292682927
Belarus,2020,72.4572195121951
Belarus,2021,72.3706829268293
Belarus,2022,73.1114634146342
Belize,1960,58.163
Belize,1961,53.356
Belize,1962,59
Belize,1963,59.569
Belize,1964,60.057
Belize,1965,60.629
Belize,1966,60.963
Belize,1967,61.5
Belize,1968,62.192
Belize,1969,62.77
Belize,1970,63.468
Belize,1971,64.204
Belize,1972,64.453
Belize,1973,64.622
Belize,1974,65.03
Belize,1975,65.942
Belize,1976,66.268
Belize,1977,66.518
Belize,1978,66.885
Belize,1979,67.399
Belize,1980,67.756
Belize,1981,68.068
Belize,1982,67.955
Belize,1983,68.14
Belize,1984,68.64
Belize,1985,69.462
Belize,1986,69.704
Belize,1987,70.198
Belize,1988,70.781
Belize,1989,70.724
Belize,1990,70.744
Belize,1991,70.248
Belize,1992,69.979
Belize,1993,69.988
Belize,1994,70.316
Belize,1995,69.887
Belize,1996,69.806
Belize,1997,69.212
Belize,1998,68.599
Belize,1999,68.773
Belize,2000,68.564
Belize,2001,68.357
Belize,2002,68.752
Belize,2003,68.909
Belize,2004,69.227
Belize,2005,69.376
Belize,2006,70.093
Belize,2007,70.655
Belize,2008,71.151
Belize,2009,71.819
Belize,2010,72.272
Belize,2011,72.651
Belize,2012,73.245
Belize,2013,73.666
Belize,2014,73.311
Belize,2015,73.187
Belize,2016,73.399
Belize,2017,73.562
Belize,2018,73.703
Belize,2019,73.931
Belize,2020,72.854
Belize,2021,70.47
Belize,2022,70.962
Bermuda,1960,67.162
Bermuda,1961,64.111
Bermuda,1962,63.837
Bermuda,1963,63.778
Bermuda,1964,67.641
Bermuda,1965,67.848
Bermuda,1966,63.426
Bermuda,1967,68.358
Bermuda,1968,68.535
Bermuda,1969,68.211
Bermuda,1970,69.478
Bermuda,1971,68.502
Bermuda,1972,69.961
Bermuda,1973,71.888
Bermuda,1974,72.394
Bermuda,1975,72.573
Bermuda,1976,71.862
Bermuda,1977,72.083
Bermuda,1978,72.854
Bermuda,1979,73.299
Bermuda,1980,73.454
Bermuda,1981,73.684
Bermuda,1982,73.746
Bermuda,1983,74.116
Bermuda,1984,74.526
Bermuda,1985,73.337
Bermuda,1986,73.428
Bermuda,1987,73.996
Bermuda,1988,74.91
Bermuda,1989,74.269
Bermuda,1990,74.5
Bermuda,1991,74.886
Bermuda,1992,73.8
Bermuda,1993,74.487
Bermuda,1994,73.608
Bermuda,1995,76.137
Bermuda,1996,78.225
Bermuda,1997,77.995
Bermuda,1998,79.949
Bermuda,1999,79.053
Bermuda,2000,78.858
Bermuda,2001,79.871
Bermuda,2002,80.631
Bermuda,2003,79.345
Bermuda,2004,81.12
Bermuda,2005,77.927
Bermuda,2006,77.585
Bermuda,2007,79.361
Bermuda,2008,78.623
Bermuda,2009,79.996
Bermuda,2010,80.499
Bermuda,2011,81.403
Bermuda,2012,81.272
Bermuda,2013,79.992
Bermuda,2014,79.518
Bermuda,2015,80.918
Bermuda,2016,80.608
Bermuda,2017,82.351
Bermuda,2018,80.825
Bermuda,2019,81.033
Bermuda,2020,81.136
Bermuda,2021,79.28
Bermuda,2022,81.571
Bolivia,1960,43.1
Bolivia,1961,43.4
Bolivia,1962,43.791
Bolivia,1963,44.077
Bolivia,1964,44.366
Bolivia,1965,44.712
Bolivia,1966,45.118
Bolivia,1967,45.419
Bolivia,1968,45.796
Bolivia,1969,46.215
Bolivia,1970,46.597
Bolivia,1971,47.061
Bolivia,1972,47.497
Bolivia,1973,47.975
Bolivia,1974,48.446
Bolivia,1975,48.826
Bolivia,1976,49.264
Bolivia,1977,49.734
Bolivia,1978,50.181
Bolivia,1979,50.665
Bolivia,1980,51.181
Bolivia,1981,51.619
Bolivia,1982,52.053
Bolivia,1983,52.405
Bolivia,1984,52.971
Bolivia,1985,53.446
Bolivia,1986,53.929
Bolivia,1987,54.492
Bolivia,1988,55.156
Bolivia,1989,55.772
Bolivia,1990,56.422
Bolivia,1991,57.097
Bolivia,1992,57.629
Bolivia,1993,58.418
Bolivia,1994,58.989
Bolivia,1995,59.534
Bolivia,1996,60.084
Bolivia,1997,60.752
Bolivia,1998,61.332
Bolivia,1999,61.871
Bolivia,2000,62.346
Bolivia,2001,62.843
Bolivia,2002,63.306
Bolivia,2003,63.635
Bolivia,2004,64.004
Bolivia,2005,64.386
Bolivia,2006,64.779
Bolivia,2007,65.027
Bolivia,2008,65.446
Bolivia,2009,65.88
Bolivia,2010,66.162
Bolivia,2011,66.534
Bolivia,2012,66.705
Bolivia,2013,67.021
Bolivia,2014,67.163
Bolivia,2015,67.318
Bolivia,2016,67.628
Bolivia,2017,67.701
Bolivia,2018,67.748
Bolivia,2019,67.841
Bolivia,2020,64.467
Bolivia,2021,63.63
Bolivia,2022,64.928
Brazil,1960,52.66
Brazil,1961,53.183
Brazil,1962,53.71
Brazil,1963,54.209
Brazil,1964,54.648
Brazil,1965,55.084
Brazil,1966,55.473
Brazil,1967,55.868
Brazil,1968,56.31
Brazil,1969,56.748
Brazil,1970,57.171
Brazil,1971,57.586
Brazil,1972,58.032
Brazil,1973,58.472
Brazil,1974,58.881
Brazil,1975,59.353
Brazil,1976,59.792
Brazil,1977,60.24
Brazil,1978,60.72
Brazil,1979,61.253
Brazil,1980,61.781
Brazil,1981,62.333
Brazil,1982,62.856
Brazil,1983,63.331
Brazil,1984,63.773
Brazil,1985,64.198
Brazil,1986,64.64
Brazil,1987,65.08
Brazil,1988,65.454
Brazil,1989,65.868
Brazil,1990,65.985
Brazil,1991,66.31
Brazil,1992,66.708
Brazil,1993,67.109
Brazil,1994,67.568
Brazil,1995,67.919
Brazil,1996,68.409
Brazil,1997,68.813
Brazil,1998,69.189
Brazil,1999,69.524
Brazil,2000,69.737
Brazil,2001,70.195
Brazil,2002,70.41
Brazil,2003,70.72
Brazil,2004,71.131
Brazil,2005,71.753
Brazil,2006,72.037
Brazil,2007,72.365
Brazil,2008,72.715
Brazil,2009,72.948
Brazil,2010,73.182
Brazil,2011,73.343
Brazil,2012,73.552
Brazil,2013,73.918
Brazil,2014,74.306
Brazil,2015,74.332
Brazil,2016,74.442
Brazil,2017,74.827
Brazil,2018,75.109
Brazil,2019,75.338
Brazil,2020,74.009
Brazil,2021,72.75
Brazil,2022,73.425
Barbados,1960,64.564
Barbados,1961,65.318
Barbados,1962,65.897
Barbados,1963,66.487
Barbados,1964,67.02
Barbados,1965,67.376
Barbados,1966,67.805
Barbados,1967,67.944
Barbados,1968,68.114
Barbados,1969,68.44
Barbados,1970,68.272
Barbados,1971,68.598
Barbados,1972,68.929
Barbados,1973,69.167
Barbados,1974,69.519
Barbados,1975,69.921
Barbados,1976,70.208
Barbados,1977,70.719
Barbados,1978,71.122
Barbados,1979,71.526
Barbados,1980,71.921
Barbados,1981,72.12
Barbados,1982,72.297
Barbados,1983,72.537
Barbados,1984,72.596
Barbados,1985,72.495
Barbados,1986,72.568
Barbados,1987,72.675
Barbados,1988,72.652
Barbados,1989,72.74
Barbados,1990,72.752
Barbados,1991,72.843
Barbados,1992,72.915
Barbados,1993,73.19
Barbados,1994,73.211
Barbados,1995,73.298
Barbados,1996,73.546
Barbados,1997,73.547
Barbados,1998,73.728
Barbados,1999,74.039
Barbados,2000,74.089
Barbados,2001,74.247
Barbados,2002,74.366
Barbados,2003,74.472
Barbados,2004,74.727
Barbados,2005,74.89
Barbados,2006,75.068
Barbados,2007,75.342
Barbados,2008,75.447
Barbados,2009,75.678
Barbados,2010,75.712
Barbados,2011,75.917
Barbados,2012,76.099
Barbados,2013,76.275
Barbados,2014,76.476
Barbados,2015,76.65
Barbados,2016,76.815
Barbados,2017,76.936
Barbados,2018,77.067
Barbados,2019,77.257
Barbados,2020,77.393
Barbados,2021,77.571
Barbados,2022,77.706
Brunei Darussalam,1960,56.793
Brunei Darussalam,1961,57.817
Brunei Darussalam,1962,57.667
Brunei Darussalam,1963,59.779
Brunei Darussalam,1964,60.582
Brunei Darussalam,1965,61.193
Brunei Darussalam,1966,61.963
Brunei Darussalam,1967,62.511
Brunei Darussalam,1968,63.005
Brunei Darussalam,1969,63.553
Brunei Darussalam,1970,64.11
Brunei Darussalam,1971,64.699
Brunei Darussalam,1972,65.35
Brunei Darussalam,1973,65.963
Brunei Darussalam,1974,66.528
Brunei Darussalam,1975,67.107
Brunei Darussalam,1976,67.608
Brunei Darussalam,1977,68.075
Brunei Darussalam,1978,68.487
Brunei Darussalam,1979,68.862
Brunei Darussalam,1980,69.246
Brunei Darussalam,1981,69.54
Brunei Darussalam,1982,69.841
Brunei Darussalam,1983,70.09
Brunei Darussalam,1984,70.358
Brunei Darussalam,1985,70.582
Brunei Darussalam,1986,70.847
Brunei Darussalam,1987,71.019
Brunei Darussalam,1988,71.236
Brunei Darussalam,1989,71.445
Brunei Darussalam,1990,71.656
Brunei Darussalam,1991,71.871
Brunei Darussalam,1992,72.081
Brunei Darussalam,1993,72.312
Brunei Darussalam,1994,72.553
Brunei Darussalam,1995,72.816
Brunei Darussalam,1996,73.1
Brunei Darussalam,1997,73.364
Brunei Darussalam,1998,73.619
Brunei Darussalam,1999,73.863
Brunei Darussalam,2000,74.08
Brunei Darussalam,2001,74.276
Brunei Darussalam,2002,74.426
Brunei Darussalam,2003,74.561
Brunei Darussalam,2004,74.65
Brunei Darussalam,2005,74.731
Brunei Darussalam,2006,74.783
Brunei Darussalam,2007,74.818
Brunei Darussalam,2008,74.84
Brunei Darussalam,2009,74.846
Brunei Darussalam,2010,74.849
Brunei Darussalam,2011,74.858
Brunei Darussalam,2012,74.827
Brunei Darussalam,2013,74.799
Brunei Darussalam,2014,74.779
Brunei Darussalam,2015,74.75
Brunei Darussalam,2016,74.733
Brunei Darussalam,2017,74.722
Brunei Darussalam,2018,74.712
Brunei Darussalam,2019,74.748
Brunei Darussalam,2020,74.795
Brunei Darussalam,2021,74.642
Brunei Darussalam,2022,74.551
Bhutan,1960,33.465
Bhutan,1961,33.946
Bhutan,1962,34.469
Bhutan,1963,35.029
Bhutan,1964,35.618
Bhutan,1965,36.24
Bhutan,1966,36.901
Bhutan,1967,37.584
Bhutan,1968,38.266
Bhutan,1969,39.127
Bhutan,1970,39.953
Bhutan,1971,40.753
Bhutan,1972,41.586
Bhutan,1973,42.451
Bhutan,1974,43.265
Bhutan,1975,44.09
Bhutan,1976,44.947
Bhutan,1977,45.789
Bhutan,1978,46.599
Bhutan,1979,47.411
Bhutan,1980,48.218
Bhutan,1981,49.034
Bhutan,1982,49.853
Bhutan,1983,50.637
Bhutan,1984,51.4
Bhutan,1985,52.118
Bhutan,1986,52.919
Bhutan,1987,53.72
Bhutan,1988,54.513
Bhutan,1989,55.261
Bhutan,1990,55.968
Bhutan,1991,56.642
Bhutan,1992,57.423
Bhutan,1993,58.117
Bhutan,1994,58.635
Bhutan,1995,59.516
Bhutan,1996,60.212
Bhutan,1997,60.852
Bhutan,1998,61.549
Bhutan,1999,62.23
Bhutan,2000,62.01
Bhutan,2001,63.444
Bhutan,2002,64.078
Bhutan,2003,64.696
Bhutan,2004,65.268
Bhutan,2005,65.805
Bhutan,2006,66.362
Bhutan,2007,66.954
Bhutan,2008,67.499
Bhutan,2009,67.897
Bhutan,2010,68.43
Bhutan,2011,68.881
Bhutan,2012,69.326
Bhutan,2013,69.707
Bhutan,2014,70.049
Bhutan,2015,70.343
Bhutan,2016,70.602
Bhutan,2017,70.847
Bhutan,2018,71.129
Bhutan,2019,71.391
Bhutan,2020,71.609
Bhutan,2021,71.815
Bhutan,2022,72.229
Botswana,1960,50.372
Botswana,1961,50.891
Botswana,1962,51.389
Botswana,1963,51.881
Botswana,1964,52.349
Botswana,1965,52.809
Botswana,1966,53.264
Botswana,1967,53.721
Botswana,1968,54.188
Botswana,1969,54.684
Botswana,1970,55.197
Botswana,1971,55.745
Botswana,1972,56.3
Botswana,1973,56.861
Botswana,1974,57.424
Botswana,1975,57.998
Botswana,1976,58.583
Botswana,1977,59.169
Botswana,1978,59.691
Botswana,1979,60.176
Botswana,1980,60.646
Botswana,1981,61.125
Botswana,1982,61.57
Botswana,1983,62.004
Botswana,1984,62.364
Botswana,1985,62.626
Botswana,1986,62.678
Botswana,1987,62.522
Botswana,1988,61.755
Botswana,1989,61.427
Botswana,1990,60.533
Botswana,1991,59.473
Botswana,1992,58.348
Botswana,1993,57.719
Botswana,1994,56.154
Botswana,1995,55.059
Botswana,1996,54.357
Botswana,1997,53.448
Botswana,1998,52.523
Botswana,1999,51.694
Botswana,2000,51.011
Botswana,2001,50.676
Botswana,2002,50.632
Botswana,2003,50.947
Botswana,2004,51.617
Botswana,2005,52.61
Botswana,2006,53.918
Botswana,2007,55.732
Botswana,2008,57.121
Botswana,2009,58.279
Botswana,2010,60.013
Botswana,2011,60.53
Botswana,2012,60.8
Botswana,2013,61.996
Botswana,2014,62.608
Botswana,2015,63.818
Botswana,2016,65.464
Botswana,2017,66.753
Botswana,2018,65.422
Botswana,2019,65.464
Botswana,2020,65.647
Botswana,2021,61.141
Botswana,2022,65.913
Central African Republic,1960,39.236
Central African Republic,1961,39.737
Central African Republic,1962,40.256
Central African Republic,1963,40.781
Central African Republic,1964,41.345
Central African Republic,1965,41.929
Central African Republic,1966,42.531
Central African Republic,1967,43.158
Central African Republic,1968,43.797
Central African Republic,1969,44.442
Central African Republic,1970,45.072
Central African Republic,1971,45.688
Central African Republic,1972,46.294
Central African Republic,1973,46.854
Central African Republic,1974,47.402
Central African Republic,1975,47.913
Central African Republic,1976,48.395
Central African Republic,1977,48.838
Central African Republic,1978,49.239
Central African Republic,1979,49.597
Central African Republic,1980,49.889
Central African Republic,1981,50.159
Central African Republic,1982,50.303
Central African Republic,1983,50.423
Central African Republic,1984,50.484
Central African Republic,1985,50.518
Central African Republic,1986,50.492
Central African Republic,1987,50.409
Central African Republic,1988,50.241
Central African Republic,1989,49.986
Central African Republic,1990,49.635
Central African Republic,1991,49.252
Central African Republic,1992,48.793
Central African Republic,1993,48.353
Central African Republic,1994,47.853
Central African Republic,1995,47.35
Central African Republic,1996,46.831
Central African Republic,1997,46.319
Central African Republic,1998,46.025
Central African Republic,1999,45.75
Central African Republic,2000,45.406
Central African Republic,2001,45.393
Central African Republic,2002,45.409
Central African Republic,2003,45.76
Central African Republic,2004,46.038
Central African Republic,2005,46.433
Central African Republic,2006,46.851
Central African Republic,2007,47.426
Central African Republic,2008,48.016
Central African Republic,2009,48.648
Central African Republic,2010,49.255
Central African Republic,2011,49.948
Central African Republic,2012,50.686
Central African Republic,2013,50.902
Central African Republic,2014,50.566
Central African Republic,2015,52.793
Central African Republic,2016,53.46
Central African Republic,2017,53.721
Central African Republic,2018,54.369
Central African Republic,2019,55.025
Central African Republic,2020,54.604
Central African Republic,2021,53.895
Central African Republic,2022,54.477
Canada,1960,71.1331707317073
Canada,1961,71.3460975609756
Canada,1962,71.3670731707317
Canada,1963,71.3807317073171
Canada,1964,71.7763414634146
Canada,1965,71.8721951219512
Canada,1966,72.0043902439024
Canada,1967,72.2078048780488
Canada,1968,72.3534146341463
Canada,1969,72.5014634146341
Canada,1970,72.7004878048781
Canada,1971,73.0292682926829
Canada,1972,72.9339024390244
Canada,1973,73.1626829268293
Canada,1974,73.2375609756098
Canada,1975,73.5217073170732
Canada,1976,73.8560975609756
Canada,1977,74.2156097560976
Canada,1978,74.529756097561
Canada,1979,74.8663414634146
Canada,1980,75.1021951219512
Canada,1981,75.4978048780488
Canada,1982,75.7251219512195
Canada,1983,76.0604878048781
Canada,1984,76.3319512195122
Canada,1985,76.3273170731707
Canada,1986,76.4639024390244
Canada,1987,76.7787804878049
Canada,1988,76.8587804878049
Canada,1989,77.1248780487805
Canada,1990,77.4365853658537
Canada,1991,77.5934146341464
Canada,1992,77.8380487804878
Canada,1993,77.7048780487805
Canada,1994,77.8717073170732
Canada,1995,77.9773170731707
Canada,1996,78.220243902439
Canada,1997,78.4124390243903
Canada,1998,78.6236585365854
Canada,1999,78.8390243902439
Canada,2000,79.1668292682927
Canada,2001,79.3980487804878
Canada,2002,79.5307317073171
Canada,2003,79.7151219512195
Canada,2004,79.9921951219512
Canada,2005,80.1126829268293
Canada,2006,80.5436585365854
Canada,2007,80.5436585365854
Canada,2008,80.7246341463415
Canada,2009,81.0660975609756
Canada,2010,81.3221951219512
Canada,2011,81.4826829268293
Canada,2012,81.6636585365854
Canada,2013,81.7448780487805
Canada,2014,81.7843902439025
Canada,2015,81.8156097560976
Canada,2016,81.9248780487805
Canada,2017,81.8329268292683
Canada,2018,81.8439024390244
Canada,2019,82.2239024390244
Canada,2020,81.6604878048781
Canada,2021,81.5870731707317
Canada,2022,81.2956097560976
Central Europe and the Baltics,1960,67.9339519629045
Central Europe and the Baltics,1961,68.2359322349445
Central Europe and the Baltics,1962,67.6901619835113
Central Europe and the Baltics,1963,68.6740026282383
Central Europe and the Baltics,1964,69.1702269896561
Central Europe and the Baltics,1965,69.3234595907427
Central Europe and the Baltics,1966,69.8234553673133
Central Europe and the Baltics,1967,69.3242744755165
Central Europe and the Baltics,1968,69.5551095617349
Central Europe and the Baltics,1969,69.0547392575317
Central Europe and the Baltics,1970,69.3304152082525
Central Europe and the Baltics,1971,69.5014811371977
Central Europe and the Baltics,1972,69.9606341578404
Central Europe and the Baltics,1973,70.1002774522687
Central Europe and the Baltics,1974,70.3520863206519
Central Europe and the Baltics,1975,70.175972670731
Central Europe and the Baltics,1976,70.3205898664644
Central Europe and the Baltics,1977,70.2459730644075
Central Europe and the Baltics,1978,70.1446657622575
Central Europe and the Baltics,1979,70.2477610926432
Central Europe and the Baltics,1980,69.888984623612
Central Europe and the Baltics,1981,70.3720501777774
Central Europe and the Baltics,1982,70.4554733187317
Central Europe and the Baltics,1983,70.3897851694296
Central Europe and the Baltics,1984,70.3491148561342
Central Europe and the Baltics,1985,70.3128834663237
Central Europe and the Baltics,1986,70.5651360397443
Central Europe and the Baltics,1987,70.6117633312342
Central Europe and the Baltics,1988,70.861708225052
Central Europe and the Baltics,1989,70.7319722597485
Central Europe and the Baltics,1990,70.6563313372586
Central Europe and the Baltics,1991,70.5752213034774
Central Europe and the Baltics,1992,70.7328371314157
Central Europe and the Baltics,1993,70.8459866151448
Central Europe and the Baltics,1994,70.8695439447473
Central Europe and the Baltics,1995,71.0254214282891
Central Europe and the Baltics,1996,71.3360580189951
Central Europe and the Baltics,1997,71.5172580696822
Central Europe and the Baltics,1998,71.8982376759956
Central Europe and the Baltics,1999,72.1845610740875
Central Europe and the Baltics,2000,72.7197247227791
Central Europe and the Baltics,2001,73.0961481937343
Central Europe and the Baltics,2002,73.2424154880921
Central Europe and the Baltics,2003,73.3822527825258
Central Europe and the Baltics,2004,73.7304349327381
Central Europe and the Baltics,2005,73.8449951359211
Central Europe and the Baltics,2006,74.0926027308098
Central Europe and the Baltics,2007,74.2506487210769
Central Europe and the Baltics,2008,74.5759526780779
Central Europe and the Baltics,2009,74.9303639266576
Central Europe and the Baltics,2010,75.2939657786314
Central Europe and the Baltics,2011,75.8884748834282
Central Europe and the Baltics,2012,75.9934242014194
Central Europe and the Baltics,2013,76.3550009989144
Central Europe and the Baltics,2014,76.6753382623867
Central Europe and the Baltics,2015,76.5715240168426
Central Europe and the Baltics,2016,76.9691216017019
Central Europe and the Baltics,2017,76.927648854983
Central Europe and the Baltics,2018,76.9757647744597
Central Europe and the Baltics,2019,77.2655334303509
Central Europe and the Baltics,2020,76.0802066283339
Central Europe and the Baltics,2021,74.7920383016387
Central Europe and the Baltics,2022,76.7857380588102
Switzerland,1960,71.3134146341463
Switzerland,1961,71.6448780487805
Switzerland,1962,71.1960975609756
Switzerland,1963,71.1875609756098
Switzerland,1964,72.0778048780488
Switzerland,1965,72.2017073170732
Switzerland,1966,72.3356097560976
Switzerland,1967,72.6365853658537
Switzerland,1968,72.590243902439
Switzerland,1969,72.6126829268293
Switzerland,1970,73.020243902439
Switzerland,1971,73.1307317073171
Switzerland,1972,73.6443902439024
Switzerland,1973,73.9409756097561
Switzerland,1974,74.2870731707317
Switzerland,1975,74.6656097560976
Switzerland,1976,74.7853658536585
Switzerland,1977,75.2380487804878
Switzerland,1978,75.1873170731707
Switzerland,1979,75.4660975609756
Switzerland,1980,75.4592682926829
Switzerland,1981,75.6931707317073
Switzerland,1982,76.0339024390244
Switzerland,1983,76.0312195121951
Switzerland,1984,76.6085365853659
Switzerland,1985,76.7336585365854
Switzerland,1986,76.8990243902439
Switzerland,1987,77.1975609756098
Switzerland,1988,77.2265853658537
Switzerland,1989,77.4212195121951
Switzerland,1990,77.2424390243902
Switzerland,1991,77.5146341463415
Switzerland,1992,77.8060975609756
Switzerland,1993,78.0853658536586
Switzerland,1994,78.35
Switzerland,1995,78.4170731707317
Switzerland,1996,78.8960975609756
Switzerland,1997,79.079512195122
Switzerland,1998,79.3243902439025
Switzerland,1999,79.580487804878
Switzerland,2000,79.6804878048781
Switzerland,2001,80.1804878048781
Switzerland,2002,80.3853658536585
Switzerland,2003,80.5365853658537
Switzerland,2004,81.0878048780488
Switzerland,2005,81.2365853658537
Switzerland,2006,81.490243902439
Switzerland,2007,81.7414634146342
Switzerland,2008,81.9926829268293
Switzerland,2009,82.0439024390244
Switzerland,2010,82.2463414634147
Switzerland,2011,82.6951219512195
Switzerland,2012,82.6975609756098
Switzerland,2013,82.7975609756098
Switzerland,2014,83.1975609756098
Switzerland,2015,82.8975609756098
Switzerland,2016,83.6024390243903
Switzerland,2017,83.5512195121951
Switzerland,2018,83.7536585365854
Switzerland,2019,83.9048780487805
Switzerland,2020,83
Switzerland,2021,83.7512195121951
Switzerland,2022,83.4536585365854
Channel Islands,1960,71.47
Channel Islands,1961,69.747
Channel Islands,1962,72.043
Channel Islands,1963,70.305
Channel Islands,1964,72.476
Channel Islands,1965,72.031
Channel Islands,1966,72.366
Channel Islands,1967,73.235
Channel Islands,1968,71.206
Channel Islands,1969,71.508
Channel Islands,1970,71.165
Channel Islands,1971,71.685
Channel Islands,1972,71.868
Channel Islands,1973,72.148
Channel Islands,1974,72.237
Channel Islands,1975,71.651
Channel Islands,1976,72.57
Channel Islands,1977,72.833
Channel Islands,1978,73.211
Channel Islands,1979,72.509
Channel Islands,1980,73.428
Channel Islands,1981,73.858
Channel Islands,1982,74.87
Channel Islands,1983,74.041
Channel Islands,1984,76.076
Channel Islands,1985,75.266
Channel Islands,1986,75.616
Channel Islands,1987,76.623
Channel Islands,1988,77.045
Channel Islands,1989,77.211
Channel Islands,1990,77.185
Channel Islands,1991,76.617
Channel Islands,1992,78.125
Channel Islands,1993,76.547
Channel Islands,1994,78.005
Channel Islands,1995,77.749
Channel Islands,1996,77.962
Channel Islands,1997,78.211
Channel Islands,1998,78.898
Channel Islands,1999,78.935
Channel Islands,2000,79.155
Channel Islands,2001,79.277
Channel Islands,2002,78.906
Channel Islands,2003,79.618
Channel Islands,2004,80.125
Channel Islands,2005,80.344
Channel Islands,2006,80.694
Channel Islands,2007,81.166
Channel Islands,2008,81.317
Channel Islands,2009,80.995
Channel Islands,2010,81.12
Channel Islands,2011,81.726
Channel Islands,2012,81.339
Channel Islands,2013,81.516
Channel Islands,2014,81.884
Channel Islands,2015,81.433
Channel Islands,2016,81.366
Channel Islands,2017,81.331
Channel Islands,2018,81.375
Channel Islands,2019,81.39
Channel Islands,2020,81.264
Channel Islands,2021,81.232
Channel Islands,2022,81.583
Chile,1960,57.015
Chile,1961,57.537
Chile,1962,57.771
Chile,1963,57.15
Chile,1964,58.738
Chile,1965,59.455
Chile,1966,59.689
Chile,1967,60.72
Chile,1968,61.63
Chile,1969,61.905
Chile,1970,62.491
Chile,1971,62.732
Chile,1972,62.281
Chile,1973,63.905
Chile,1974,64.901
Chile,1975,66.279
Chile,1976,65.855
Chile,1977,67.402
Chile,1978,68.074
Chile,1979,68.186
Chile,1980,68.84
Chile,1981,69.909
Chile,1982,70.299
Chile,1983,70.011
Chile,1984,70.46
Chile,1985,71.176
Chile,1986,71.81
Chile,1987,72.54
Chile,1988,72.456
Chile,1989,72.467
Chile,1990,72.574
Chile,1991,73.574
Chile,1992,74.135
Chile,1993,74.195
Chile,1994,74.614
Chile,1995,74.609
Chile,1996,74.899
Chile,1997,75.596
Chile,1998,75.669
Chile,1999,76.018
Chile,2000,76.87
Chile,2001,76.773
Chile,2002,77.445
Chile,2003,77.387
Chile,2004,77.616
Chile,2005,78.016
Chile,2006,78.261
Chile,2007,77.826
Chile,2008,78.484
Chile,2009,78.741
Chile,2010,78.501
Chile,2011,79.11
Chile,2012,79.023
Chile,2013,79.339
Chile,2014,79.473
Chile,2015,79.746
Chile,2016,80.079
Chile,2017,80.35
Chile,2018,80.133
Chile,2019,80.326
Chile,2020,79.377
Chile,2021,78.944
Chile,2022,79.519
China,1960,33.275
China,1961,40.468
China,1962,50.818
China,1963,51.408
China,1964,52.156
China,1965,52.912
China,1966,53.637
China,1967,54.351
China,1968,55.057
China,1969,55.738
China,1970,56.607
China,1971,57.565
China,1972,58.418
China,1973,59.389
China,1974,60.168
China,1975,60.917
China,1976,61.796
China,1977,62.538
China,1978,63.218
China,1979,63.865
China,1980,64.42
China,1981,64.975
China,1982,65.463
China,1983,65.904
China,1984,66.3
China,1985,66.643
China,1986,66.97
China,1987,67.288
China,1988,67.581
China,1989,67.838
China,1990,68.005
China,1991,68.169
China,1992,68.734
China,1993,69.216
China,1994,69.52
China,1995,70.008
China,1996,70.266
China,1997,70.672
China,1998,71.172
China,1999,71.419
China,2000,71.881
China,2001,72.606
China,2002,72.985
China,2003,73.371
China,2004,73.748
China,2005,74.111
China,2006,74.504
China,2007,74.762
China,2008,74.872
China,2009,75.343
China,2010,75.599
China,2011,75.903
China,2012,76.192
China,2013,76.452
China,2014,76.717
China,2015,76.977
China,2016,77.218
China,2017,77.248
China,2018,77.744
China,2019,77.968
China,2020,78.077
China,2021,78.211
China,2022,78.587
Cote d'Ivoire,1960,38.108
Cote d'Ivoire,1961,38.744
Cote d'Ivoire,1962,39.402
Cote d'Ivoire,1963,39.955
Cote d'Ivoire,1964,40.606
Cote d'Ivoire,1965,41.177
Cote d'Ivoire,1966,41.819
Cote d'Ivoire,1967,42.419
Cote d'Ivoire,1968,43.021
Cote d'Ivoire,1969,43.643
Cote d'Ivoire,1970,44.325
Cote d'Ivoire,1971,44.992
Cote d'Ivoire,1972,45.724
Cote d'Ivoire,1973,46.556
Cote d'Ivoire,1974,47.506
Cote d'Ivoire,1975,48.346
Cote d'Ivoire,1976,49.291
Cote d'Ivoire,1977,50.184
Cote d'Ivoire,1978,50.927
Cote d'Ivoire,1979,51.682
Cote d'Ivoire,1980,52.27
Cote d'Ivoire,1981,52.734
Cote d'Ivoire,1982,52.919
Cote d'Ivoire,1983,53.171
Cote d'Ivoire,1984,53.037
Cote d'Ivoire,1985,53.174
Cote d'Ivoire,1986,53.202
Cote d'Ivoire,1987,53.187
Cote d'Ivoire,1988,53.017
Cote d'Ivoire,1989,52.876
Cote d'Ivoire,1990,52.603
Cote d'Ivoire,1991,52.323
Cote d'Ivoire,1992,52.138
Cote d'Ivoire,1993,51.925
Cote d'Ivoire,1994,51.737
Cote d'Ivoire,1995,51.61
Cote d'Ivoire,1996,51.52
Cote d'Ivoire,1997,51.449
Cote d'Ivoire,1998,51.108
Cote d'Ivoire,1999,50.957
Cote d'Ivoire,2000,50.842
Cote d'Ivoire,2001,50.81
Cote d'Ivoire,2002,50.886
Cote d'Ivoire,2003,50.954
Cote d'Ivoire,2004,51.363
Cote d'Ivoire,2005,51.824
Cote d'Ivoire,2006,52.355
Cote d'Ivoire,2007,52.97
Cote d'Ivoire,2008,53.653
Cote d'Ivoire,2009,54.394
Cote d'Ivoire,2010,55.023
Cote d'Ivoire,2011,55.52
Cote d'Ivoire,2012,56.158
Cote d'Ivoire,2013,56.748
Cote d'Ivoire,2014,57.208
Cote d'Ivoire,2015,57.762
Cote d'Ivoire,2016,58.06
Cote d'Ivoire,2017,58.48
Cote d'Ivoire,2018,58.849
Cote d'Ivoire,2019,59.319
Cote d'Ivoire,2020,59.032
Cote d'Ivoire,2021,58.598
Cote d'Ivoire,2022,58.916
Cameroon,1960,34.819
Cameroon,1961,35.406
Cameroon,1962,42.516
Cameroon,1963,42.918
Cameroon,1964,43.31
Cameroon,1965,43.889
Cameroon,1966,44.436
Cameroon,1967,45.176
Cameroon,1968,45.978
Cameroon,1969,46.821
Cameroon,1970,47.583
Cameroon,1971,48.251
Cameroon,1972,48.9
Cameroon,1973,49.324
Cameroon,1974,49.571
Cameroon,1975,49.718
Cameroon,1976,49.88
Cameroon,1977,49.995
Cameroon,1978,50.28
Cameroon,1979,50.575
Cameroon,1980,51.041
Cameroon,1981,51.517
Cameroon,1982,52.085
Cameroon,1983,52.762
Cameroon,1984,53.22
Cameroon,1985,53.899
Cameroon,1986,54.037
Cameroon,1987,54.724
Cameroon,1988,54.934
Cameroon,1989,54.947
Cameroon,1990,54.868
Cameroon,1991,54.658
Cameroon,1992,54.481
Cameroon,1993,54.062
Cameroon,1994,53.528
Cameroon,1995,53.222
Cameroon,1996,52.82
Cameroon,1997,52.737
Cameroon,1998,52.582
Cameroon,1999,52.695
Cameroon,2000,52.932
Cameroon,2001,53.142
Cameroon,2002,53.415
Cameroon,2003,53.883
Cameroon,2004,54.178
Cameroon,2005,54.362
Cameroon,2006,54.856
Cameroon,2007,55.165
Cameroon,2008,55.655
Cameroon,2009,56.102
Cameroon,2010,56.582
Cameroon,2011,57.133
Cameroon,2012,57.792
Cameroon,2013,58.476
Cameroon,2014,58.935
Cameroon,2015,59.658
Cameroon,2016,60.233
Cameroon,2017,60.81
Cameroon,2018,61.18
Cameroon,2019,61.584
Cameroon,2020,60.833
Cameroon,2021,60.333
Cameroon,2022,60.958
"Congo, Dem. Rep.",1960,40.857
"Congo, Dem. Rep.",1961,40.239
"Congo, Dem. Rep.",1962,40.342
"Congo, Dem. Rep.",1963,40.604
"Congo, Dem. Rep.",1964,40.052
"Congo, Dem. Rep.",1965,40.704
"Congo, Dem. Rep.",1966,42.053
"Congo, Dem. Rep.",1967,42.31
"Congo, Dem. Rep.",1968,42.705
"Congo, Dem. Rep.",1969,42.976
"Congo, Dem. Rep.",1970,43.284
"Congo, Dem. Rep.",1971,43.656
"Congo, Dem. Rep.",1972,43.933
"Congo, Dem. Rep.",1973,44.096
"Congo, Dem. Rep.",1974,44.41
"Congo, Dem. Rep.",1975,44.471
"Congo, Dem. Rep.",1976,44.656
"Congo, Dem. Rep.",1977,44.763
"Congo, Dem. Rep.",1978,44.537
"Congo, Dem. Rep.",1979,45.207
"Congo, Dem. Rep.",1980,45.473
"Congo, Dem. Rep.",1981,45.72
"Congo, Dem. Rep.",1982,45.92
"Congo, Dem. Rep.",1983,46.181
"Congo, Dem. Rep.",1984,46.445
"Congo, Dem. Rep.",1985,46.624
"Congo, Dem. Rep.",1986,46.914
"Congo, Dem. Rep.",1987,47.336
"Congo, Dem. Rep.",1988,47.768
"Congo, Dem. Rep.",1989,48.17
"Congo, Dem. Rep.",1990,48.601
"Congo, Dem. Rep.",1991,48.948
"Congo, Dem. Rep.",1992,49.244
"Congo, Dem. Rep.",1993,49.551
"Congo, Dem. Rep.",1994,49.884
"Congo, Dem. Rep.",1995,50.411
"Congo, Dem. Rep.",1996,49.307
"Congo, Dem. Rep.",1997,50.402
"Congo, Dem. Rep.",1998,49.696
"Congo, Dem. Rep.",1999,49.945
"Congo, Dem. Rep.",2000,51.781
"Congo, Dem. Rep.",2001,52.116
"Congo, Dem. Rep.",2002,52.333
"Congo, Dem. Rep.",2003,52.827
"Congo, Dem. Rep.",2004,53.426
"Congo, Dem. Rep.",2005,53.927
"Congo, Dem. Rep.",2006,54.534
"Congo, Dem. Rep.",2007,54.923
"Congo, Dem. Rep.",2008,55.339
"Congo, Dem. Rep.",2009,55.836
"Congo, Dem. Rep.",2010,56.417
"Congo, Dem. Rep.",2011,57.069
"Congo, Dem. Rep.",2012,57.248
"Congo, Dem. Rep.",2013,57.762
"Congo, Dem. Rep.",2014,58.296
"Congo, Dem. Rep.",2015,58.49
"Congo, Dem. Rep.",2016,59.066
"Congo, Dem. Rep.",2017,59.411
"Congo, Dem. Rep.",2018,59.942
"Congo, Dem. Rep.",2019,60.276
"Congo, Dem. Rep.",2020,59.739
"Congo, Dem. Rep.",2021,59.193
"Congo, Dem. Rep.",2022,59.743
"Congo, Rep.",1960,47.979
"Congo, Rep.",1961,48.697
"Congo, Rep.",1962,49.499
"Congo, Rep.",1963,50.118
"Congo, Rep.",1964,50.696
"Congo, Rep.",1965,51.2
"Congo, Rep.",1966,51.774
"Congo, Rep.",1967,52.101
"Congo, Rep.",1968,52.715
"Congo, Rep.",1969,53.195
"Congo, Rep.",1970,53.634
"Congo, Rep.",1971,54.043
"Congo, Rep.",1972,54.36
"Congo, Rep.",1973,54.7
"Congo, Rep.",1974,55.059
"Congo, Rep.",1975,55.323
"Congo, Rep.",1976,55.602
"Congo, Rep.",1977,55.806
"Congo, Rep.",1978,56.065
"Congo, Rep.",1979,56.314
"Congo, Rep.",1980,56.593
"Congo, Rep.",1981,56.827
"Congo, Rep.",1982,57.019
"Congo, Rep.",1983,57.232
"Congo, Rep.",1984,57.453
"Congo, Rep.",1985,57.517
"Congo, Rep.",1986,57.552
"Congo, Rep.",1987,57.431
"Congo, Rep.",1988,57.009
"Congo, Rep.",1989,56.513
"Congo, Rep.",1990,55.926
"Congo, Rep.",1991,55.243
"Congo, Rep.",1992,54.663
"Congo, Rep.",1993,54.146
"Congo, Rep.",1994,53.738
"Congo, Rep.",1995,53.644
"Congo, Rep.",1996,53.491
"Congo, Rep.",1997,47.19
"Congo, Rep.",1998,50.894
"Congo, Rep.",1999,52.757
"Congo, Rep.",2000,53.682
"Congo, Rep.",2001,54.395
"Congo, Rep.",2002,55.088
"Congo, Rep.",2003,55.948
"Congo, Rep.",2004,56.986
"Congo, Rep.",2005,58.126
"Congo, Rep.",2006,58.878
"Congo, Rep.",2007,59.643
"Congo, Rep.",2008,60.426
"Congo, Rep.",2009,61.088
"Congo, Rep.",2010,61.683
"Congo, Rep.",2011,61.992
"Congo, Rep.",2012,62.317
"Congo, Rep.",2013,62.695
"Congo, Rep.",2014,62.95
"Congo, Rep.",2015,63.233
"Congo, Rep.",2016,63.577
"Congo, Rep.",2017,63.76
"Congo, Rep.",2018,64.053
"Congo, Rep.",2019,62.747
"Congo, Rep.",2020,63.785
"Congo, Rep.",2021,63.519
"Congo, Rep.",2022,63.053
Colombia,1960,57.13
Colombia,1961,57.73
Colombia,1962,58.301
Colombia,1963,58.892
Colombia,1964,59.375
Colombia,1965,59.815
Colombia,1966,60.204
Colombia,1967,60.531
Colombia,1968,60.871
Colombia,1969,61.216
Colombia,1970,61.569
Colombia,1971,62.051
Colombia,1972,62.569
Colombia,1973,63.06
Colombia,1974,63.64
Colombia,1975,64.27
Colombia,1976,64.845
Colombia,1977,65.424
Colombia,1978,65.954
Colombia,1979,66.38
Colombia,1980,66.868
Colombia,1981,67.197
Colombia,1982,67.531
Colombia,1983,67.745
Colombia,1984,67.979
Colombia,1985,66.276
Colombia,1986,68.26
Colombia,1987,68.268
Colombia,1988,68.391
Colombia,1989,68.533
Colombia,1990,68.644
Colombia,1991,68.813
Colombia,1992,69.038
Colombia,1993,69.342
Colombia,1994,69.613
Colombia,1995,69.933
Colombia,1996,70.189
Colombia,1997,70.492
Colombia,1998,70.738
Colombia,1999,70.926
Colombia,2000,71.32
Colombia,2001,71.502
Colombia,2002,71.939
Colombia,2003,72.361
Colombia,2004,72.695
Colombia,2005,73.081
Colombia,2006,73.468
Colombia,2007,73.837
Colombia,2008,74.295
Colombia,2009,74.742
Colombia,2010,75.033
Colombia,2011,75.32
Colombia,2012,75.597
Colombia,2013,75.827
Colombia,2014,76.043
Colombia,2015,76.257
Colombia,2016,76.471
Colombia,2017,76.646
Colombia,2018,76.748
Colombia,2019,76.752
Colombia,2020,74.769
Colombia,2021,72.83
Colombia,2022,73.659
Comoros,1960,39.694
Comoros,1961,40.147
Comoros,1962,40.58
Comoros,1963,40.926
Comoros,1964,41.25
Comoros,1965,41.7
Comoros,1966,42.147
Comoros,1967,42.754
Comoros,1968,43.462
Comoros,1969,44.158
Comoros,1970,44.863
Comoros,1971,45.581
Comoros,1972,46.305
Comoros,1973,46.881
Comoros,1974,47.474
Comoros,1975,46.628
Comoros,1976,48.523
Comoros,1977,49.047
Comoros,1978,49.67
Comoros,1979,50.251
Comoros,1980,50.8
Comoros,1981,51.312
Comoros,1982,51.895
Comoros,1983,52.273
Comoros,1984,52.941
Comoros,1985,53.482
Comoros,1986,54.029
Comoros,1987,54.368
Comoros,1988,54.95
Comoros,1989,55.224
Comoros,1990,55.84
Comoros,1991,56.194
Comoros,1992,56.733
Comoros,1993,57.276
Comoros,1994,57.694
Comoros,1995,58.015
Comoros,1996,58.344
Comoros,1997,58.39
Comoros,1998,58.407
Comoros,1999,58.781
Comoros,2000,58.757
Comoros,2001,59.163
Comoros,2002,59.056
Comoros,2003,59.258
Comoros,2004,59.48
Comoros,2005,59.604
Comoros,2006,59.875
Comoros,2007,60.102
Comoros,2008,60.475
Comoros,2009,60.831
Comoros,2010,61.123
Comoros,2011,61.503
Comoros,2012,61.834
Comoros,2013,62.224
Comoros,2014,62.516
Comoros,2015,62.896
Comoros,2016,63.237
Comoros,2017,63.625
Comoros,2018,63.912
Comoros,2019,64.068
Comoros,2020,64.166
Comoros,2021,63.417
Comoros,2022,63.68
Cabo Verde,1960,49.411
Cabo Verde,1961,49.953
Cabo Verde,1962,50.392
Cabo Verde,1963,50.894
Cabo Verde,1964,51.345
Cabo Verde,1965,51.808
Cabo Verde,1966,52.356
Cabo Verde,1967,52.722
Cabo Verde,1968,53.176
Cabo Verde,1969,53.736
Cabo Verde,1970,54.333
Cabo Verde,1971,54.813
Cabo Verde,1972,55.309
Cabo Verde,1973,56.008
Cabo Verde,1974,56.837
Cabo Verde,1975,57.89
Cabo Verde,1976,58.65
Cabo Verde,1977,59.568
Cabo Verde,1978,60.306
Cabo Verde,1979,60.917
Cabo Verde,1980,61.368
Cabo Verde,1981,61.593
Cabo Verde,1982,61.67
Cabo Verde,1983,61.693
Cabo Verde,1984,61.661
Cabo Verde,1985,62.182
Cabo Verde,1986,62.747
Cabo Verde,1987,63.404
Cabo Verde,1988,64.058
Cabo Verde,1989,64.446
Cabo Verde,1990,65.023
Cabo Verde,1991,65.176
Cabo Verde,1992,65.318
Cabo Verde,1993,65.312
Cabo Verde,1994,65.25
Cabo Verde,1995,64.093
Cabo Verde,1996,65.763
Cabo Verde,1997,66.378
Cabo Verde,1998,66.993
Cabo Verde,1999,67.569
Cabo Verde,2000,68.618
Cabo Verde,2001,69.929
Cabo Verde,2002,70.705
Cabo Verde,2003,71.429
Cabo Verde,2004,71.999
Cabo Verde,2005,72.68
Cabo Verde,2006,72.239
Cabo Verde,2007,72.835
Cabo Verde,2008,72.508
Cabo Verde,2009,73.088
Cabo Verde,2010,73.499
Cabo Verde,2011,74.257
Cabo Verde,2012,74.484
Cabo Verde,2013,75.059
Cabo Verde,2014,75.24
Cabo Verde,2015,74.62
Cabo Verde,2016,75.742
Cabo Verde,2017,76.593
Cabo Verde,2018,75.733
Cabo Verde,2019,76.004
Cabo Verde,2020,74.808
Cabo Verde,2021,74.052
Cabo Verde,2022,74.722
Costa Rica,1960,60.415
Costa Rica,1961,60.901
Costa Rica,1962,61.111
Costa Rica,1963,61.624
Costa Rica,1964,62.083
Costa Rica,1965,62.663
Costa Rica,1966,63.367
Costa Rica,1967,63.921
Costa Rica,1968,64.428
Costa Rica,1969,65.016
Costa Rica,1970,65.361
Costa Rica,1971,66.301
Costa Rica,1972,66.716
Costa Rica,1973,67.953
Costa Rica,1974,68.454
Costa Rica,1975,69.4
Costa Rica,1976,70.294
Costa Rica,1977,71.288
Costa Rica,1978,72.239
Costa Rica,1979,72.423
Costa Rica,1980,72.899
Costa Rica,1981,73.799
Costa Rica,1982,74.654
Costa Rica,1983,75.079
Costa Rica,1984,75.091
Costa Rica,1985,75.111
Costa Rica,1986,75.505
Costa Rica,1987,75.741
Costa Rica,1988,76.106
Costa Rica,1989,76.263
Costa Rica,1990,76.63
Costa Rica,1991,76.591
Costa Rica,1992,76.627
Costa Rica,1993,76.703
Costa Rica,1994,76.67
Costa Rica,1995,76.552
Costa Rica,1996,76.804
Costa Rica,1997,77.07
Costa Rica,1998,76.896
Costa Rica,1999,77.138
Costa Rica,2000,77.586
Costa Rica,2001,77.545
Costa Rica,2002,77.983
Costa Rica,2003,78.072
Costa Rica,2004,78.331
Costa Rica,2005,78.505
Costa Rica,2006,78.514
Costa Rica,2007,78.462
Costa Rica,2008,78.445
Costa Rica,2009,78.672
Costa Rica,2010,78.67
Costa Rica,2011,79.348
Costa Rica,2012,79.283
Costa Rica,2013,79.403
Costa Rica,2014,78.774
Costa Rica,2015,79.086
Costa Rica,2016,79.459
Costa Rica,2017,79.377
Costa Rica,2018,79.484
Costa Rica,2019,79.427
Costa Rica,2020,79.277
Costa Rica,2021,77.023
Costa Rica,2022,77.32
Caribbean small states,1960,59.1330649391125
Caribbean small states,1961,59.4928678435556
Caribbean small states,1962,60.4498088338893
Caribbean small states,1963,60.9275851974967
Caribbean small states,1964,61.6409802744998
Caribbean small states,1965,61.9567769083747
Caribbean small states,1966,62.2537076912198
Caribbean small states,1967,62.5890349503423
Caribbean small states,1968,62.8752147188978
Caribbean small states,1969,63.0955028423506
Caribbean small states,1970,63.3214607875572
Caribbean small states,1971,63.4335761106257
Caribbean small states,1972,63.6476534894799
Caribbean small states,1973,63.815698839095
Caribbean small states,1974,64.1195620764726
Caribbean small states,1975,64.3935277534626
Caribbean small states,1976,64.6113295956816
Caribbean small states,1977,64.7662101942431
Caribbean small states,1978,64.9636383641551
Caribbean small states,1979,65.1257151032198
Caribbean small states,1980,65.3539344455359
Caribbean small states,1981,65.6145585091751
Caribbean small states,1982,65.8239961627778
Caribbean small states,1983,65.9139115456371
Caribbean small states,1984,66.2795836198836
Caribbean small states,1985,66.3834348571443
Caribbean small states,1986,66.4749780884321
Caribbean small states,1987,66.5816944289879
Caribbean small states,1988,66.7974415267124
Caribbean small states,1989,66.9817762972306
Caribbean small states,1990,67.1745534612345
Caribbean small states,1991,67.2701421608929
Caribbean small states,1992,67.5186693647122
Caribbean small states,1993,67.7806561199174
Caribbean small states,1994,67.9383383598637
Caribbean small states,1995,67.8806061982255
Caribbean small states,1996,67.9413164509448
Caribbean small states,1997,68.0002541797462
Caribbean small states,1998,68.1689945501398
Caribbean small states,1999,68.3260491840518
Caribbean small states,2000,68.529433328845
Caribbean small states,2001,68.6723298562476
Caribbean small states,2002,68.7952478181172
Caribbean small states,2003,68.8269827831261
Caribbean small states,2004,69.1703654222798
Caribbean small states,2005,69.5151852427645
Caribbean small states,2006,69.933254888585
Caribbean small states,2007,70.3347302275271
Caribbean small states,2008,70.6071210873963
Caribbean small states,2009,70.9050002390023
Caribbean small states,2010,71.0835912783944
Caribbean small states,2011,71.1907488434047
Caribbean small states,2012,71.3416591239405
Caribbean small states,2013,71.4361122077388
Caribbean small states,2014,71.6230256687485
Caribbean small states,2015,71.8674733623341
Caribbean small states,2016,72.2071551824674
Caribbean small states,2017,72.4332461951409
Caribbean small states,2018,72.694576053522
Caribbean small states,2019,72.3592307062763
Caribbean small states,2020,72.308759597255
Caribbean small states,2021,70.4450018132098
Caribbean small states,2022,70.9840247794591
Cuba,1960,64.173
Cuba,1961,64.512
Cuba,1962,65.038
Cuba,1963,64.94
Cuba,1964,65.905
Cuba,1965,66.318
Cuba,1966,66.715
Cuba,1967,67.11
Cuba,1968,67.511
Cuba,1969,67.936
Cuba,1970,68.398
Cuba,1971,68.918
Cuba,1972,69.462
Cuba,1973,70.02
Cuba,1974,70.57
Cuba,1975,71.079
Cuba,1976,71.524
Cuba,1977,71.895
Cuba,1978,72.201
Cuba,1979,72.447
Cuba,1980,72.752
Cuba,1981,72.939
Cuba,1982,73.13
Cuba,1983,73.309
Cuba,1984,73.468
Cuba,1985,73.605
Cuba,1986,73.725
Cuba,1987,73.825
Cuba,1988,73.913
Cuba,1989,73.981
Cuba,1990,74.039
Cuba,1991,74.093
Cuba,1992,74.162
Cuba,1993,74.261
Cuba,1994,74.411
Cuba,1995,74.623
Cuba,1996,74.903
Cuba,1997,75.222
Cuba,1998,75.564
Cuba,1999,75.893
Cuba,2000,76.183
Cuba,2001,76.421
Cuba,2002,76.612
Cuba,2003,76.773
Cuba,2004,76.912
Cuba,2005,77.047
Cuba,2006,77.179
Cuba,2007,77.307
Cuba,2008,77.429
Cuba,2009,77.548
Cuba,2010,77.661
Cuba,2011,77.76
Cuba,2012,77.833
Cuba,2013,77.87
Cuba,2014,77.853
Cuba,2015,77.772
Cuba,2016,77.643
Cuba,2017,77.529
Cuba,2018,77.496
Cuba,2019,77.611
Cuba,2020,77.567
Cuba,2021,73.683
Cuba,2022,78.155
Curacao,1960,65.7780243902439
Curacao,1961,65.9092926829268
Curacao,1962,66.1990243902439
Curacao,1963,66.4743170731708
Curacao,1964,66.6675853658537
Curacao,1965,66.9062195121951
Curacao,1966,67.1986097560976
Curacao,1967,67.4914878048781
Curacao,1968,67.6584390243903
Curacao,1969,67.9443170731707
Curacao,1970,68.2781463414634
Curacao,1971,68.4608536585366
Curacao,1972,68.7903658536585
Curacao,1973,69.1921951219512
Curacao,1974,69.5290243902439
Curacao,1975,69.6485365853659
Curacao,1976,70.0280731707317
Curacao,1977,70.1549512195122
Curacao,1978,70.4453414634146
Curacao,1979,70.7440975609756
Curacao,1980,70.8946829268293
Curacao,1981,71.0241463414634
Curacao,1982,71.1478780487805
Curacao,1983,71.2760975609756
Curacao,1984,71.3399268292683
Curacao,1985,71.626756097561
Curacao,1986,71.7439756097561
Curacao,1987,71.9510487804878
Curacao,1988,72.0428048780488
Curacao,1989,71.9486585365854
Curacao,1990,72.2503902439024
Curacao,1991,72.3497073170732
Curacao,1992,72.4180731707317
Curacao,1993,72.4980731707317
Curacao,1994,72.5900731707317
Curacao,1995,72.6013414634146
Curacao,1996,72.6928292682927
Curacao,1997,72.7533658536586
Curacao,1998,72.8583170731707
Curacao,1999,72.9375609756098
Curacao,2000,73.0339512195122
Curacao,2001,73.110756097561
Curacao,2002,73.2115365853659
Curacao,2003,73.353512195122
Curacao,2004,73.4289268292683
Curacao,2005,73.5657073170732
Curacao,2006,74.709756097561
Curacao,2007,75.3634146341464
Curacao,2008,75.309756097561
Curacao,2009,76.1560975609756
Curacao,2011,77.4731707317073
Curacao,2012,77.5243902439024
Curacao,2013,77.8268292682927
Curacao,2014,77.9756097560976
Curacao,2015,78.0756097560976
Curacao,2016,77.719512195122
Curacao,2017,78.0170731707317
Cayman Islands,2010,82.190243902439
Cayman Islands,2021,82.009756097561
Cyprus,1960,64.187
Cyprus,1961,64.804
Cyprus,1962,65.424
Cyprus,1963,62.282
Cyprus,1964,62.79
Cyprus,1965,67.052
Cyprus,1966,67.495
Cyprus,1967,67.917
Cyprus,1968,68.273
Cyprus,1969,68.49
Cyprus,1970,68.927
Cyprus,1971,69.33
Cyprus,1972,69.811
Cyprus,1973,70.163
Cyprus,1974,55.23
Cyprus,1975,70.518
Cyprus,1976,71.04
Cyprus,1977,71.302
Cyprus,1978,71.767
Cyprus,1979,71.895
Cyprus,1980,71.95
Cyprus,1981,71.941
Cyprus,1982,71.981
Cyprus,1983,72.311
Cyprus,1984,72.255
Cyprus,1985,72.647
Cyprus,1986,72.651
Cyprus,1987,73.089
Cyprus,1988,73.129
Cyprus,1989,73.48
Cyprus,1990,73.539
Cyprus,1991,73.716
Cyprus,1992,74.177
Cyprus,1993,74.65
Cyprus,1994,74.72
Cyprus,1995,75.133
Cyprus,1996,75.522
Cyprus,1997,75.841
Cyprus,1998,76.182
Cyprus,1999,76.295
Cyprus,2000,76.568
Cyprus,2001,76.989
Cyprus,2002,77.487
Cyprus,2003,77.788
Cyprus,2004,77.944
Cyprus,2005,78.101
Cyprus,2006,78.371
Cyprus,2007,78.81
Cyprus,2008,78.981
Cyprus,2009,79.401
Cyprus,2010,79.665
Cyprus,2011,79.999
Cyprus,2012,80.109
Cyprus,2013,80.402
Cyprus,2014,80.771
Cyprus,2015,80.966
Cyprus,2016,81.056
Cyprus,2017,81.328
Cyprus,2018,81.382
Cyprus,2019,81.397
Cyprus,2020,81.391
Cyprus,2021,81.203
Cyprus,2022,81.889
Czechia,1960,70.3487804878049
Czechia,1961,70.5126829268293
Czechia,1962,69.7868292682927
Czechia,1963,70.3043902439025
Czechia,1964,70.459512195122
Czechia,1965,70.1631707317073
Czechia,1966,70.3848780487805
Czechia,1967,70.2641463414634
Czechia,1968,69.8407317073171
Czechia,1969,69.3670731707317
Czechia,1970,69.440243902439
Czechia,1971,69.6770731707317
Czechia,1972,70.1765853658537
Czechia,1973,70.0226829268293
Czechia,1974,70.0865853658537
Czechia,1975,70.4146341463415
Czechia,1976,70.5326829268293
Czechia,1977,70.5734146341463
Czechia,1978,70.6439024390244
Czechia,1979,70.749512195122
Czechia,1980,70.2780487804878
Czechia,1981,70.7221951219512
Czechia,1982,70.8078048780488
Czechia,1983,70.5914634146341
Czechia,1984,70.8375609756098
Czechia,1985,71.0463414634146
Czechia,1986,70.9973170731707
Czechia,1987,71.4456097560976
Czechia,1988,71.6414634146342
Czechia,1989,71.6756097560976
Czechia,1990,71.3839024390244
Czechia,1991,71.8982926829268
Czechia,1992,72.2717073170732
Czechia,1993,72.7678048780488
Czechia,1994,72.9726829268293
Czechia,1995,73.0748780487805
Czechia,1996,73.7146341463415
Czechia,1997,73.8248780487805
Czechia,1998,74.5146341463415
Czechia,1999,74.6682926829268
Czechia,2000,74.9682926829268
Czechia,2001,75.1731707317073
Czechia,2002,75.2219512195122
Czechia,2003,75.1707317073171
Czechia,2004,75.7219512195122
Czechia,2005,75.9243902439025
Czechia,2006,76.5243902439024
Czechia,2007,76.7243902439025
Czechia,2008,76.9756097560976
Czechia,2009,77.0780487804878
Czechia,2010,77.4243902439025
Czechia,2011,77.8731707317073
Czechia,2012,78.0756097560976
Czechia,2013,78.1756097560976
Czechia,2014,78.8243902439024
Czechia,2015,78.5780487804878
Czechia,2016,79.0268292682927
Czechia,2017,78.9780487804878
Czechia,2018,79.0292682926829
Czechia,2019,79.2292682926829
Czechia,2020,78.1756097560976
Czechia,2021,77.2219512195122
Czechia,2022,79.0292682926829
Germany,1960,69.0640731707317
Germany,1961,69.6448780487805
Germany,1962,69.7992195121951
Germany,1963,69.9140731707317
Germany,1964,70.4355609756098
Germany,1965,70.4103658536585
Germany,1966,70.5215853658537
Germany,1967,70.7317317073171
Germany,1968,70.3784634146342
Germany,1969,70.2288048780488
Germany,1970,70.4471951219512
Germany,1971,70.676756097561
Germany,1972,70.9067073170732
Germany,1973,71.1128048780488
Germany,1974,71.4189268292683
Germany,1975,71.259243902439
Germany,1976,71.7122195121951
Germany,1977,72.3073170731707
Germany,1978,72.2904146341464
Germany,1979,72.6301707317073
Germany,1980,72.8003170731707
Germany,1981,73.0402195121951
Germany,1982,73.3331463414634
Germany,1983,73.6221463414634
Germany,1984,74.0722926829268
Germany,1985,74.1890975609756
Germany,1986,74.3968292682927
Germany,1987,74.8070243902439
Germany,1988,74.9987317073171
Germany,1989,75.1915365853659
Germany,1990,75.0856341463415
Germany,1991,75.319512195122
Germany,1992,75.819512195122
Germany,1993,75.8707317073171
Germany,1994,76.2707317073171
Germany,1995,76.4219512195122
Germany,1996,76.6731707317073
Germany,1997,77.0731707317073
Germany,1998,77.4756097560976
Germany,1999,77.7268292682927
Germany,2000,77.9268292682927
Germany,2001,78.3292682926829
Germany,2002,78.2292682926829
Germany,2003,78.3804878048781
Germany,2004,78.6804878048781
Germany,2005,78.9317073170732
Germany,2006,79.1317073170732
Germany,2007,79.5341463414634
Germany,2008,79.7365853658537
Germany,2009,79.8365853658537
Germany,2010,79.9878048780488
Germany,2011,80.4365853658537
Germany,2012,80.5390243902439
Germany,2013,80.490243902439
Germany,2014,81.090243902439
Germany,2015,80.6414634146341
Germany,2016,80.990243902439
Germany,2017,80.9926829268293
Germany,2018,80.8926829268293
Germany,2019,81.2926829268293
Germany,2020,81.0414634146342
Germany,2021,80.790243902439
Germany,2022,80.7056097560976
Djibouti,1960,43.429
Djibouti,1961,43.721
Djibouti,1962,44.088
Djibouti,1963,44.414
Djibouti,1964,44.667
Djibouti,1965,45.088
Djibouti,1966,45.474
Djibouti,1967,45.907
Djibouti,1968,46.438
Djibouti,1969,46.982
Djibouti,1970,47.511
Djibouti,1971,47.358
Djibouti,1972,48.528
Djibouti,1973,49.119
Djibouti,1974,49.524
Djibouti,1975,49.87
Djibouti,1976,50.058
Djibouti,1977,50.568
Djibouti,1978,51.049
Djibouti,1979,51.518
Djibouti,1980,51.947
Djibouti,1981,52.262
Djibouti,1982,52.765
Djibouti,1983,53.18
Djibouti,1984,53.703
Djibouti,1985,54.067
Djibouti,1986,54.481
Djibouti,1987,54.775
Djibouti,1988,55.161
Djibouti,1989,55.273
Djibouti,1990,55.498
Djibouti,1991,55.156
Djibouti,1992,54.452
Djibouti,1993,55.774
Djibouti,1994,55.505
Djibouti,1995,56.302
Djibouti,1996,56.186
Djibouti,1997,55.967
Djibouti,1998,56.176
Djibouti,1999,56.427
Djibouti,2000,56.573
Djibouti,2001,56.903
Djibouti,2002,57.215
Djibouti,2003,57.595
Djibouti,2004,57.759
Djibouti,2005,58.316
Djibouti,2006,58.715
Djibouti,2007,59.024
Djibouti,2008,59.365
Djibouti,2009,59.673
Djibouti,2010,60.259
Djibouti,2011,60.433
Djibouti,2012,60.848
Djibouti,2013,61.221
Djibouti,2014,61.641
Djibouti,2015,61.957
Djibouti,2016,62.191
Djibouti,2017,62.797
Djibouti,2018,63.038
Djibouti,2019,63.085
Djibouti,2020,62.694
Djibouti,2021,62.305
Djibouti,2022,62.859
Dominica,1960,59.026
Dominica,1961,59.949
Dominica,1962,61.741
Dominica,1963,58.688
Dominica,1964,64.493
Dominica,1965,64.587
Dominica,1966,63.49
Dominica,1967,65.005
Dominica,1968,64.416
Dominica,1969,63.698
Dominica,1970,65.468
Dominica,1971,64.335
Dominica,1972,67.11
Dominica,1973,68.049
Dominica,1974,68.785
Dominica,1975,69.171
Dominica,1976,68.985
Dominica,1977,68.759
Dominica,1978,70.441
Dominica,1979,70.97
Dominica,1980,71.782
Dominica,1981,73.232
Dominica,1982,72.993
Dominica,1983,73.521
Dominica,1984,72.022
Dominica,1985,71.255
Dominica,1986,71.322
Dominica,1987,70.858
Dominica,1988,71.364
Dominica,1989,69.553
Dominica,1990,69.852
Dominica,1991,69.646
Dominica,1992,70.282
Dominica,1993,70.937
Dominica,1994,71.076
Dominica,1995,71.52
Dominica,1996,71.194
Dominica,1997,71.634
Dominica,1998,71.472
Dominica,1999,70.631
Dominica,2000,72.693
Dominica,2001,71.713
Dominica,2002,72.34
Dominica,2003,71.438
Dominica,2004,72.401
Dominica,2005,72.254
Dominica,2006,72.848
Dominica,2007,71.93
Dominica,2008,73.305
Dominica,2009,72.17
Dominica,2010,71.55
Dominica,2011,69.695
Dominica,2012,70.538
Dominica,2013,68.896
Dominica,2014,69.434
Dominica,2015,68.727
Dominica,2016,70.128
Dominica,2017,67.525
Dominica,2018,73.59
Dominica,2019,73.559
Dominica,2020,73.649
Dominica,2021,72.814
Dominica,2022,72.981
Denmark,1960,72.1765853658537
Denmark,1961,72.4382926829268
Denmark,1962,72.319756097561
Denmark,1963,72.4004878048781
Denmark,1964,72.4851219512195
Denmark,1965,72.3707317073171
Denmark,1966,72.4441463414634
Denmark,1967,72.9221951219512
Denmark,1968,73.1214634146341
Denmark,1969,73.2209756097561
Denmark,1970,73.3434146341463
Denmark,1971,73.4146341463415
Denmark,1972,73.4390243902439
Denmark,1973,73.6821951219512
Denmark,1974,73.8082926829268
Denmark,1975,74.0751219512195
Denmark,1976,73.739756097561
Denmark,1977,74.6324390243903
Denmark,1978,74.3929268292683
Denmark,1979,74.2192682926829
Denmark,1980,74.1017073170732
Denmark,1981,74.2304878048781
Denmark,1982,74.5512195121951
Denmark,1983,74.4204878048781
Denmark,1984,74.5621951219512
Denmark,1985,74.4275609756098
Denmark,1986,74.579756097561
Denmark,1987,74.6912195121951
Denmark,1988,74.7717073170732
Denmark,1989,74.799756097561
Denmark,1990,74.8053658536585
Denmark,1991,75.1578048780488
Denmark,1992,75.1941463414634
Denmark,1993,75.1168292682927
Denmark,1994,75.3751219512195
Denmark,1995,75.2126829268293
Denmark,1996,75.5914634146342
Denmark,1997,75.9451219512195
Denmark,1998,76.1390243902439
Denmark,1999,76.3414634146341
Denmark,2000,76.5926829268293
Denmark,2001,76.7926829268293
Denmark,2002,76.8951219512195
Denmark,2003,77.1439024390244
Denmark,2004,77.4926829268293
Denmark,2005,77.8439024390244
Denmark,2006,78.0951219512195
Denmark,2007,78.1951219512195
Denmark,2008,78.4463414634146
Denmark,2009,78.5975609756098
Denmark,2010,79.1
Denmark,2011,79.8
Denmark,2012,80.0512195121951
Denmark,2013,80.3
Denmark,2014,80.7
Denmark,2015,80.7024390243902
Denmark,2016,80.8536585365854
Denmark,2017,81.1024390243903
Denmark,2018,80.9536585365854
Denmark,2019,81.4512195121951
Denmark,2020,81.6024390243903
Denmark,2021,81.4048780487805
Denmark,2022,81.3048780487805
Dominican Republic,1960,50.264
Dominican Republic,1961,50.84
Dominican Republic,1962,51.411
Dominican Republic,1963,51.799
Dominican Republic,1964,52.542
Dominican Republic,1965,50.864
Dominican Republic,1966,53.666
Dominican Republic,1967,54.289
Dominican Republic,1968,54.894
Dominican Republic,1969,55.513
Dominican Republic,1970,56.145
Dominican Republic,1971,56.782
Dominican Republic,1972,57.417
Dominican Republic,1973,58.042
Dominican Republic,1974,58.65
Dominican Republic,1975,59.236
Dominican Republic,1976,59.791
Dominican Republic,1977,60.319
Dominican Republic,1978,60.822
Dominican Republic,1979,60.753
Dominican Republic,1980,61.754
Dominican Republic,1981,62.194
Dominican Republic,1982,62.648
Dominican Republic,1983,63.109
Dominican Republic,1984,63.602
Dominican Republic,1985,64.139
Dominican Republic,1986,64.727
Dominican Republic,1987,65.339
Dominican Republic,1988,65.951
Dominican Republic,1989,66.546
Dominican Republic,1990,67.11
Dominican Republic,1991,67.625
Dominican Republic,1992,68.084
Dominican Republic,1993,68.472
Dominican Republic,1994,68.792
Dominican Republic,1995,68.988
Dominican Republic,1996,69.097
Dominican Republic,1997,69.166
Dominican Republic,1998,69.096
Dominican Republic,1999,69.279
Dominican Republic,2000,69.423
Dominican Republic,2001,69.642
Dominican Republic,2002,69.923
Dominican Republic,2003,70.265
Dominican Republic,2004,70.331
Dominican Republic,2005,70.875
Dominican Republic,2006,71.165
Dominican Republic,2007,71.371
Dominican Republic,2008,71.658
Dominican Republic,2009,71.871
Dominican Republic,2010,72.093
Dominican Republic,2011,72.221
Dominican Republic,2012,72.514
Dominican Republic,2013,72.713
Dominican Republic,2014,72.867
Dominican Republic,2015,72.953
Dominican Republic,2016,72.987
Dominican Republic,2017,73.063
Dominican Republic,2018,73.232
Dominican Republic,2019,73.577
Dominican Republic,2020,72.889
Dominican Republic,2021,72.615
Dominican Republic,2022,74.17
Algeria,1960,40.532
Algeria,1961,40.516
Algeria,1962,39.323
Algeria,1963,42.908
Algeria,1964,42.788
Algeria,1965,42.714
Algeria,1966,42.543
Algeria,1967,42.568
Algeria,1968,42.642
Algeria,1969,42.781
Algeria,1970,43.16
Algeria,1971,43.67
Algeria,1972,44.346
Algeria,1973,45.079
Algeria,1974,46.034
Algeria,1975,46.972
Algeria,1976,47.985
Algeria,1977,49.191
Algeria,1978,50.353
Algeria,1979,51.755
Algeria,1980,53.261
Algeria,1981,55.276
Algeria,1982,57.428
Algeria,1983,59.51
Algeria,1984,61.658
Algeria,1985,63.588
Algeria,1986,65.159
Algeria,1987,65.83
Algeria,1988,66.971
Algeria,1989,67.085
Algeria,1990,67.416
Algeria,1991,67.688
Algeria,1992,67.757
Algeria,1993,67.719
Algeria,1994,67.361
Algeria,1995,67.454
Algeria,1996,68.749
Algeria,1997,69.171
Algeria,1998,69.451
Algeria,1999,70.032
Algeria,2000,70.478
Algeria,2001,70.823
Algeria,2002,71.23
Algeria,2003,71.287
Algeria,2004,71.762
Algeria,2005,72.061
Algeria,2006,72.334
Algeria,2007,72.602
Algeria,2008,72.941
Algeria,2009,73.62
Algeria,2010,73.808
Algeria,2011,74.123
Algeria,2012,74.202
Algeria,2013,74.615
Algeria,2014,75.11
Algeria,2015,75.622
Algeria,2016,75.732
Algeria,2017,75.743
Algeria,2018,76.066
Algeria,2019,76.474
Algeria,2020,74.453
Algeria,2021,76.377
Algeria,2022,77.129
East Asia & Pacific (excluding high income),1960,37.7417323353418
East Asia & Pacific (excluding high income),1961,43.349585159497
East Asia & Pacific (excluding high income),1962,51.122702473294
East Asia & Pacific (excluding high income),1963,51.6267704361955
East Asia & Pacific (excluding high income),1964,52.3556516215527
East Asia & Pacific (excluding high income),1965,52.2833100998738
East Asia & Pacific (excluding high income),1966,53.4602799330428
East Asia & Pacific (excluding high income),1967,54.3365551239729
East Asia & Pacific (excluding high income),1968,54.819564101933
East Asia & Pacific (excluding high income),1969,55.5264941583802
East Asia & Pacific (excluding high income),1970,56.2386775052925
East Asia & Pacific (excluding high income),1971,57.0908787539551
East Asia & Pacific (excluding high income),1972,57.6913732444343
East Asia & Pacific (excluding high income),1973,58.645973847246
East Asia & Pacific (excluding high income),1974,59.2916610965399
East Asia & Pacific (excluding high income),1975,60.0539870936701
East Asia & Pacific (excluding high income),1976,60.8894925974368
East Asia & Pacific (excluding high income),1977,61.6447510656186
East Asia & Pacific (excluding high income),1978,62.2816138875378
East Asia & Pacific (excluding high income),1979,62.8990648075208
East Asia & Pacific (excluding high income),1980,63.4479070749279
East Asia & Pacific (excluding high income),1981,63.9494616384152
East Asia & Pacific (excluding high income),1982,64.4335511499068
East Asia & Pacific (excluding high income),1983,64.8547562620977
East Asia & Pacific (excluding high income),1984,65.2492564298935
East Asia & Pacific (excluding high income),1985,65.6299577153093
East Asia & Pacific (excluding high income),1986,65.9771757787291
East Asia & Pacific (excluding high income),1987,66.3241497383691
East Asia & Pacific (excluding high income),1988,66.6035697066155
East Asia & Pacific (excluding high income),1989,66.926648106124
East Asia & Pacific (excluding high income),1990,67.1441026263533
East Asia & Pacific (excluding high income),1991,67.3653945472728
East Asia & Pacific (excluding high income),1992,67.8879007280359
East Asia & Pacific (excluding high income),1993,68.3593228446173
East Asia & Pacific (excluding high income),1994,68.6232809042221
East Asia & Pacific (excluding high income),1995,68.9151729979981
East Asia & Pacific (excluding high income),1996,69.1663501017191
East Asia & Pacific (excluding high income),1997,69.5519287680836
East Asia & Pacific (excluding high income),1998,69.969061925845
East Asia & Pacific (excluding high income),1999,70.184108948619
East Asia & Pacific (excluding high income),2000,70.5558037339519
East Asia & Pacific (excluding high income),2001,71.1438575473753
East Asia & Pacific (excluding high income),2002,71.4907761253985
East Asia & Pacific (excluding high income),2003,71.9405074047613
East Asia & Pacific (excluding high income),2004,72.0169594254703
East Asia & Pacific (excluding high income),2005,72.5473995932714
East Asia & Pacific (excluding high income),2006,72.8988624538219
East Asia & Pacific (excluding high income),2007,73.1422066086382
East Asia & Pacific (excluding high income),2008,73.0922606113006
East Asia & Pacific (excluding high income),2009,73.6424004125225
East Asia & Pacific (excluding high income),2010,73.8683724414574
East Asia & Pacific (excluding high income),2011,74.1383147533489
East Asia & Pacific (excluding high income),2012,74.3861738297176
East Asia & Pacific (excluding high income),2013,74.6341516425625
East Asia & Pacific (excluding high income),2014,74.8924578087216
East Asia & Pacific (excluding high income),2015,75.1119119727131
East Asia & Pacific (excluding high income),2016,75.3109651737337
East Asia & Pacific (excluding high income),2017,75.3757926446065
East Asia & Pacific (excluding high income),2018,75.7914160224627
East Asia & Pacific (excluding high income),2019,75.992673092087
East Asia & Pacific (excluding high income),2020,75.9260975082288
East Asia & Pacific (excluding high income),2021,75.5328901017944
East Asia & Pacific (excluding high income),2022,76.1676968092332
Early-demographic dividend,1960,46.8963982150986
Early-demographic dividend,1961,47.3859751620078
Early-demographic dividend,1962,47.8123280853967
Early-demographic dividend,1963,48.2117748448737
Early-demographic dividend,1964,48.6984805506026
Early-demographic dividend,1965,47.7079237730153
Early-demographic dividend,1966,48.7084558925727
Early-demographic dividend,1967,49.3928242399548
Early-demographic dividend,1968,50.4338518407553
Early-demographic dividend,1969,50.8585292499905
Early-demographic dividend,1970,50.7941722354111
Early-demographic dividend,1971,50.1586014320995
Early-demographic dividend,1972,52.034935016335
Early-demographic dividend,1973,52.4928551156568
Early-demographic dividend,1974,52.9456929268079
Early-demographic dividend,1975,53.3690511596711
Early-demographic dividend,1976,53.9012888691195
Early-demographic dividend,1977,54.5027405107184
Early-demographic dividend,1978,54.991073405541
Early-demographic dividend,1979,55.5758138546225
Early-demographic dividend,1980,56.1200706671
Early-demographic dividend,1981,56.5527816109673
Early-demographic dividend,1982,57.0429290542641
Early-demographic dividend,1983,57.4831018452228
Early-demographic dividend,1984,58.058243210525
Early-demographic dividend,1985,58.5736067585887
Early-demographic dividend,1986,59.0398791435185
Early-demographic dividend,1987,59.6279662274122
Early-demographic dividend,1988,60.0329391202536
Early-demographic dividend,1989,60.4736889770084
Early-demographic dividend,1990,60.832948466219
Early-demographic dividend,1991,61.135717850902
Early-demographic dividend,1992,61.6248725971905
Early-demographic dividend,1993,61.9035114615237
Early-demographic dividend,1994,62.1574759886613
Early-demographic dividend,1995,62.5672480171062
Early-demographic dividend,1996,62.873279581685
Early-demographic dividend,1997,63.2805520456161
Early-demographic dividend,1998,63.7081850645253
Early-demographic dividend,1999,64.144948297748
Early-demographic dividend,2000,64.4993929013545
Early-demographic dividend,2001,64.816342258075
Early-demographic dividend,2002,65.2219575008991
Early-demographic dividend,2003,65.5175243748406
Early-demographic dividend,2004,65.739233734547
Early-demographic dividend,2005,66.186484967331
Early-demographic dividend,2006,66.585263294402
Early-demographic dividend,2007,66.8744587709832
Early-demographic dividend,2008,67.0688894169284
Early-demographic dividend,2009,67.5146086627473
Early-demographic dividend,2010,67.8509663886902
Early-demographic dividend,2011,68.2759115913423
Early-demographic dividend,2012,68.6573726657165
Early-demographic dividend,2013,69.050820416687
Early-demographic dividend,2014,69.4686352274776
Early-demographic dividend,2015,69.8536662281089
Early-demographic dividend,2016,70.1983596635622
Early-demographic dividend,2017,70.5180253492573
Early-demographic dividend,2018,70.768483000209
Early-demographic dividend,2019,70.9856503544998
Early-demographic dividend,2020,70.0017730020499
Early-demographic dividend,2021,68.4344066377972
Early-demographic dividend,2022,69.2787025969777
East Asia & Pacific,1960,41.6293875457188
East Asia & Pacific,1961,46.570477231332
East Asia & Pacific,1962,53.2829224583299
East Asia & Pacific,1963,53.8132837089026
East Asia & Pacific,1964,54.5046727422066
East Asia & Pacific,1965,54.4662073317353
East Asia & Pacific,1966,55.5425422069805
East Asia & Pacific,1967,56.3695122268678
East Asia & Pacific,1968,56.7860707168046
East Asia & Pacific,1969,57.4241620520476
East Asia & Pacific,1970,58.0372994291342
East Asia & Pacific,1971,58.8612185945223
East Asia & Pacific,1972,59.4131177756628
East Asia & Pacific,1973,60.2586550812969
East Asia & Pacific,1974,60.8605958300578
East Asia & Pacific,1975,61.5837247255998
East Asia & Pacific,1976,62.3526508649367
East Asia & Pacific,1977,63.0636128944123
East Asia & Pacific,1978,63.6554959633338
East Asia & Pacific,1979,64.2420179977229
East Asia & Pacific,1980,64.7260770094638
East Asia & Pacific,1981,65.2093357252874
East Asia & Pacific,1982,65.6777810327496
East Asia & Pacific,1983,66.0562047747107
East Asia & Pacific,1984,66.4478443701777
East Asia & Pacific,1985,66.8138005145476
East Asia & Pacific,1986,67.1614479389
East Asia & Pacific,1987,67.5047923080735
East Asia & Pacific,1988,67.7495198157525
East Asia & Pacific,1989,68.0698829127503
East Asia & Pacific,1990,68.2770096563043
East Asia & Pacific,1991,68.4985516005047
East Asia & Pacific,1992,68.9659388214766
East Asia & Pacific,1993,69.40837105221
East Asia & Pacific,1994,69.6746548968589
East Asia & Pacific,1995,69.9225607333859
East Asia & Pacific,1996,70.2041681040451
East Asia & Pacific,1997,70.5754001616502
East Asia & Pacific,1998,70.9595752411555
East Asia & Pacific,1999,71.1564174399144
East Asia & Pacific,2000,71.5435259467311
East Asia & Pacific,2001,72.1034922611085
East Asia & Pacific,2002,72.440794897004
East Asia & Pacific,2003,72.8562085182419
East Asia & Pacific,2004,72.9535250359436
East Asia & Pacific,2005,73.4312728198041
East Asia & Pacific,2006,73.7841091003782
East Asia & Pacific,2007,74.0273710660763
East Asia & Pacific,2008,73.9982649606599
East Asia & Pacific,2009,74.5244268119366
East Asia & Pacific,2010,74.7255325654349
East Asia & Pacific,2011,74.9616448679129
East Asia & Pacific,2012,75.2190990639431
East Asia & Pacific,2013,75.4674882849853
East Asia & Pacific,2014,75.7193152200331
East Asia & Pacific,2015,75.9365967944783
East Asia & Pacific,2016,76.1259565165813
East Asia & Pacific,2017,76.2011424337729
East Asia & Pacific,2018,76.5829004467556
East Asia & Pacific,2019,76.7873101376072
East Asia & Pacific,2020,76.7488995392737
East Asia & Pacific,2021,76.3821728663599
East Asia & Pacific,2022,76.8908803193648
Europe & Central Asia (excluding high income),1960,61.2484815709533
Europe & Central Asia (excluding high income),1961,61.5683065004868
Europe & Central Asia (excluding high income),1962,61.7314604474162
Europe & Central Asia (excluding high income),1963,62.1649332587932
Europe & Central Asia (excluding high income),1964,62.5569326585552
Europe & Central Asia (excluding high income),1965,62.6767840751314
Europe & Central Asia (excluding high income),1966,62.8498543293225
Europe & Central Asia (excluding high income),1967,62.9910605081695
Europe & Central Asia (excluding high income),1968,63.172944073204
Europe & Central Asia (excluding high income),1969,63.210528878029
Europe & Central Asia (excluding high income),1970,63.357813840904
Europe & Central Asia (excluding high income),1971,63.6696940579405
Europe & Central Asia (excluding high income),1972,63.9112384267934
Europe & Central Asia (excluding high income),1973,64.146316469479
Europe & Central Asia (excluding high income),1974,64.3405879269923
Europe & Central Asia (excluding high income),1975,64.5292646650444
Europe & Central Asia (excluding high income),1976,64.6846973978576
Europe & Central Asia (excluding high income),1977,64.8469802599264
Europe & Central Asia (excluding high income),1978,65.0249920828482
Europe & Central Asia (excluding high income),1979,65.1207425428231
Europe & Central Asia (excluding high income),1980,65.6614802339168
Europe & Central Asia (excluding high income),1981,65.925162273767
Europe & Central Asia (excluding high income),1982,66.2171183436076
Europe & Central Asia (excluding high income),1983,66.4285670558369
Europe & Central Asia (excluding high income),1984,66.5843637539102
Europe & Central Asia (excluding high income),1985,66.8962122618949
Europe & Central Asia (excluding high income),1986,67.5843832442923
Europe & Central Asia (excluding high income),1987,67.9006707105969
Europe & Central Asia (excluding high income),1988,67.8503007584009
Europe & Central Asia (excluding high income),1989,68.2819721825859
Europe & Central Asia (excluding high income),1990,68.2957316079968
Europe & Central Asia (excluding high income),1991,68.0808639632856
Europe & Central Asia (excluding high income),1992,67.3642354118019
Europe & Central Asia (excluding high income),1993,67.0275545452412
Europe & Central Asia (excluding high income),1994,67.3303806351947
Europe & Central Asia (excluding high income),1995,67.2554859700622
Europe & Central Asia (excluding high income),1996,67.574129347704
Europe & Central Asia (excluding high income),1997,67.9431350022815
Europe & Central Asia (excluding high income),1998,68.4042518692695
Europe & Central Asia (excluding high income),1999,68.369208273361
Europe & Central Asia (excluding high income),2000,68.8949909564869
Europe & Central Asia (excluding high income),2001,69.1964220546218
Europe & Central Asia (excluding high income),2002,69.5030065004838
Europe & Central Asia (excluding high income),2003,69.7466064003484
Europe & Central Asia (excluding high income),2004,70.0089215048771
Europe & Central Asia (excluding high income),2005,70.0781927624262
Europe & Central Asia (excluding high income),2006,70.383981522489
Europe & Central Asia (excluding high income),2007,70.6824028818238
Europe & Central Asia (excluding high income),2008,70.9791531321447
Europe & Central Asia (excluding high income),2009,71.463991745238
Europe & Central Asia (excluding high income),2010,71.8637703136499
Europe & Central Asia (excluding high income),2011,72.0633918085623
Europe & Central Asia (excluding high income),2012,72.5253417540631
Europe & Central Asia (excluding high income),2013,72.9306898180076
Europe & Central Asia (excluding high income),2014,73.161796017094
Europe & Central Asia (excluding high income),2015,73.3347779121128
Europe & Central Asia (excluding high income),2016,73.5463788771688
Europe & Central Asia (excluding high income),2017,73.8912859142249
Europe & Central Asia (excluding high income),2018,74.0864758474709
Europe & Central Asia (excluding high income),2019,74.3132090293624
Europe & Central Asia (excluding high income),2020,72.6548560330816
Europe & Central Asia (excluding high income),2021,72.5756784791279
Europe & Central Asia (excluding high income),2022,74.0288334456203
Europe & Central Asia,1960,67.4617241658308
Europe & Central Asia,1961,67.7341780574337
Europe & Central Asia,1962,67.6095139889574
Europe & Central Asia,1963,67.944373644914
Europe & Central Asia,1964,68.4654757792123
Europe & Central Asia,1965,68.450425789616
Europe & Central Asia,1966,68.6374698058376
Europe & Central Asia,1967,68.6478705099563
Europe & Central Asia,1968,68.6253456305241
Europe & Central Asia,1969,68.419959356504
Europe & Central Asia,1970,68.8955756886432
Europe & Central Asia,1971,69.0910853070062
Europe & Central Asia,1972,69.3133087015304
Europe & Central Asia,1973,69.4301727843319
Europe & Central Asia,1974,69.6451381871641
Europe & Central Asia,1975,69.5990195243153
Europe & Central Asia,1976,69.7253659403155
Europe & Central Asia,1977,69.9338799079889
Europe & Central Asia,1978,70.0057345491734
Europe & Central Asia,1979,70.1202593007843
Europe & Central Asia,1980,70.257994789779
Europe & Central Asia,1981,70.5461116044019
Europe & Central Asia,1982,70.8515149466182
Europe & Central Asia,1983,70.8957445516737
Europe & Central Asia,1984,71.0189011891128
Europe & Central Asia,1985,71.2184696551674
Europe & Central Asia,1986,71.7904352247063
Europe & Central Asia,1987,72.0143888353504
Europe & Central Asia,1988,72.1033791592486
Europe & Central Asia,1989,72.2267259810785
Europe & Central Asia,1990,72.2131181119288
Europe & Central Asia,1991,72.1558851102161
Europe & Central Asia,1992,71.8792188010337
Europe & Central Asia,1993,71.5206695344927
Europe & Central Asia,1994,71.6902351009121
Europe & Central Asia,1995,71.7801708416484
Europe & Central Asia,1996,72.2105321278261
Europe & Central Asia,1997,72.617666879197
Europe & Central Asia,1998,72.9290162635661
Europe & Central Asia,1999,72.8782701787638
Europe & Central Asia,2000,73.1207772679041
Europe & Central Asia,2001,73.3802763102071
Europe & Central Asia,2002,73.4902348694709
Europe & Central Asia,2003,73.5998971937522
Europe & Central Asia,2004,74.0399179190423
Europe & Central Asia,2005,74.1798344825642
Europe & Central Asia,2006,74.6776962001576
Europe & Central Asia,2007,75.0355918976625
Europe & Central Asia,2008,75.2983865718277
Europe & Central Asia,2009,75.6890608319283
Europe & Central Asia,2010,75.9764229123489
Europe & Central Asia,2011,76.4501153924761
Europe & Central Asia,2012,76.6337953659463
Europe & Central Asia,2013,76.9756512700024
Europe & Central Asia,2014,77.2847185691837
Europe & Central Asia,2015,77.2195960526704
Europe & Central Asia,2016,77.5528746440128
Europe & Central Asia,2017,77.7628908281095
Europe & Central Asia,2018,77.8954378072222
Europe & Central Asia,2019,78.1688006056568
Europe & Central Asia,2020,76.9402938210574
Europe & Central Asia,2021,76.6567585067198
Europe & Central Asia,2022,77.8051871533767
Ecuador,1960,53.364
Ecuador,1961,53.895
Ecuador,1962,54.401
Ecuador,1963,54.88
Ecuador,1964,55.305
Ecuador,1965,55.664
Ecuador,1966,55.942
Ecuador,1967,56.213
Ecuador,1968,56.487
Ecuador,1969,56.654
Ecuador,1970,57.152
Ecuador,1971,57.633
Ecuador,1972,58.205
Ecuador,1973,58.837
Ecuador,1974,59.526
Ecuador,1975,60.232
Ecuador,1976,60.89
Ecuador,1977,61.559
Ecuador,1978,62.153
Ecuador,1979,62.696
Ecuador,1980,63.191
Ecuador,1981,63.662
Ecuador,1982,64.11
Ecuador,1983,64.528
Ecuador,1984,65.171
Ecuador,1985,65.811
Ecuador,1986,66.535
Ecuador,1987,67.3
Ecuador,1988,68.056
Ecuador,1989,68.749
Ecuador,1990,69.348
Ecuador,1991,69.625
Ecuador,1992,70.117
Ecuador,1993,70.345
Ecuador,1994,70.757
Ecuador,1995,71.041
Ecuador,1996,71.362
Ecuador,1997,71.681
Ecuador,1998,72.045
Ecuador,1999,72.463
Ecuador,2000,72.839
Ecuador,2001,73.24
Ecuador,2002,73.613
Ecuador,2003,73.975
Ecuador,2004,74.279
Ecuador,2005,74.514
Ecuador,2006,74.689
Ecuador,2007,74.844
Ecuador,2008,74.983
Ecuador,2009,75.184
Ecuador,2010,75.43
Ecuador,2011,75.743
Ecuador,2012,76.062
Ecuador,2013,76.369
Ecuador,2014,76.622
Ecuador,2015,76.789
Ecuador,2016,76.763
Ecuador,2017,76.972
Ecuador,2018,77.094
Ecuador,2019,77.297
Ecuador,2020,72.153
Ecuador,2021,73.67
Ecuador,2022,77.894
"Egypt, Arab Rep.",1960,45.373
"Egypt, Arab Rep.",1961,46.024
"Egypt, Arab Rep.",1962,46.843
"Egypt, Arab Rep.",1963,47.672
"Egypt, Arab Rep.",1964,48.47
"Egypt, Arab Rep.",1965,49.128
"Egypt, Arab Rep.",1966,49.504
"Egypt, Arab Rep.",1967,49.538
"Egypt, Arab Rep.",1968,49.897
"Egypt, Arab Rep.",1969,49.797
"Egypt, Arab Rep.",1970,50.013
"Egypt, Arab Rep.",1971,50.386
"Egypt, Arab Rep.",1972,50.765
"Egypt, Arab Rep.",1973,50.852
"Egypt, Arab Rep.",1974,51.838
"Egypt, Arab Rep.",1975,52.591
"Egypt, Arab Rep.",1976,53.365
"Egypt, Arab Rep.",1977,54.134
"Egypt, Arab Rep.",1978,54.99
"Egypt, Arab Rep.",1979,55.802
"Egypt, Arab Rep.",1980,56.628
"Egypt, Arab Rep.",1981,57.138
"Egypt, Arab Rep.",1982,57.948
"Egypt, Arab Rep.",1983,58.888
"Egypt, Arab Rep.",1984,59.73
"Egypt, Arab Rep.",1985,60.542
"Egypt, Arab Rep.",1986,61.261
"Egypt, Arab Rep.",1987,62.137
"Egypt, Arab Rep.",1988,62.98
"Egypt, Arab Rep.",1989,63.628
"Egypt, Arab Rep.",1990,64.146
"Egypt, Arab Rep.",1991,64.755
"Egypt, Arab Rep.",1992,65.031
"Egypt, Arab Rep.",1993,65.468
"Egypt, Arab Rep.",1994,65.816
"Egypt, Arab Rep.",1995,66.312
"Egypt, Arab Rep.",1996,66.742
"Egypt, Arab Rep.",1997,67.197
"Egypt, Arab Rep.",1998,67.471
"Egypt, Arab Rep.",1999,67.737
"Egypt, Arab Rep.",2000,68.007
"Egypt, Arab Rep.",2001,68.308
"Egypt, Arab Rep.",2002,68.564
"Egypt, Arab Rep.",2003,68.402
"Egypt, Arab Rep.",2004,68.613
"Egypt, Arab Rep.",2005,68.779
"Egypt, Arab Rep.",2006,68.977
"Egypt, Arab Rep.",2007,69.128
"Egypt, Arab Rep.",2008,69.319
"Egypt, Arab Rep.",2009,69.48
"Egypt, Arab Rep.",2010,69.664
"Egypt, Arab Rep.",2011,69.88
"Egypt, Arab Rep.",2012,70.085
"Egypt, Arab Rep.",2013,70.052
"Egypt, Arab Rep.",2014,70.415
"Egypt, Arab Rep.",2015,70.483
"Egypt, Arab Rep.",2016,70.844
"Egypt, Arab Rep.",2017,71.302
"Egypt, Arab Rep.",2018,71.367
"Egypt, Arab Rep.",2019,71.358
"Egypt, Arab Rep.",2020,70.99
"Egypt, Arab Rep.",2021,70.221
"Egypt, Arab Rep.",2022,70.159
Euro area,1960,69.2276620493163
Euro area,1961,69.6604228291167
Euro area,1962,69.6266609605177
Euro area,1963,69.7892206797646
Euro area,1964,70.3421125012524
Euro area,1965,70.4220686418887
Euro area,1966,70.6690340954922
Euro area,1967,70.8526005211291
Euro area,1968,70.7682317356915
Euro area,1969,70.6859227753377
Euro area,1970,71.1064096483601
Euro area,1971,71.2606174775867
Euro area,1972,71.6130028484505
Euro area,1973,71.722632969395
Euro area,1974,72.0552973709581
Euro area,1975,72.1257747580229
Euro area,1976,72.451818624979
Euro area,1977,72.8910490335087
Euro area,1978,73.0430172538614
Euro area,1979,73.3829319620533
Euro area,1980,73.5299352331305
Euro area,1981,73.807306887062
Euro area,1982,74.1483771541992
Euro area,1983,74.2199184088499
Euro area,1984,74.6164391842976
Euro area,1985,74.753954054888
Euro area,1986,75.0467083218147
Euro area,1987,75.3673268474473
Euro area,1988,75.5528330198231
Euro area,1989,75.7369735556783
Euro area,1990,75.8120381246448
Euro area,1991,75.9601405089024
Euro area,1992,76.3008612879362
Euro area,1993,76.4088265255649
Euro area,1994,76.7194203127755
Euro area,1995,76.8784316840903
Euro area,1996,77.1446176906233
Euro area,1997,77.5053201102213
Euro area,1998,77.7161346564147
Euro area,1999,77.9419747822425
Euro area,2000,78.1959047710653
Euro area,2001,78.5400017224755
Euro area,2002,78.6301872436169
Euro area,2003,78.6520260876688
Euro area,2004,79.2282370843568
Euro area,2005,79.3706124651578
Euro area,2006,79.8031827342776
Euro area,2007,80.0433253598811
Euro area,2008,80.2467056158468
Euro area,2009,80.4506803042872
Euro area,2010,80.6936098852488
Euro area,2011,81.1778298195402
Euro area,2012,81.1741991031391
Euro area,2013,81.4591871104656
Euro area,2014,81.8900680344162
Euro area,2015,81.5193422043975
Euro area,2016,81.9093542268696
Euro area,2017,81.8863805892422
Euro area,2018,82.0055745240526
Euro area,2019,82.283095808815
Euro area,2020,81.4949212153593
Euro area,2021,81.5950293897357
Euro area,2022,81.7018565021718
Eritrea,1960,37.5
Eritrea,1961,37.974
Eritrea,1962,38.393
Eritrea,1963,38.774
Eritrea,1964,39.24
Eritrea,1965,39.554
Eritrea,1966,39.882
Eritrea,1967,40.09
Eritrea,1968,40.38
Eritrea,1969,40.722
Eritrea,1970,41.09
Eritrea,1971,41.483
Eritrea,1972,41.848
Eritrea,1973,42.252
Eritrea,1974,42.243
Eritrea,1975,42.24
Eritrea,1976,42.656
Eritrea,1977,43.175
Eritrea,1978,43.561
Eritrea,1979,43.972
Eritrea,1980,44.585
Eritrea,1981,44.905
Eritrea,1982,44.86
Eritrea,1983,45.323
Eritrea,1984,45.777
Eritrea,1985,46.145
Eritrea,1986,47.075
Eritrea,1987,47.333
Eritrea,1988,48.015
Eritrea,1989,47.828
Eritrea,1990,49.769
Eritrea,1991,50.607
Eritrea,1992,52.465
Eritrea,1993,53.234
Eritrea,1994,54.1
Eritrea,1995,54.914
Eritrea,1996,55.756
Eritrea,1997,56.312
Eritrea,1998,49.158
Eritrea,1999,43.397
Eritrea,2000,56.111
Eritrea,2001,58.298
Eritrea,2002,58.811
Eritrea,2003,59.409
Eritrea,2004,59.899
Eritrea,2005,60.597
Eritrea,2006,61.611
Eritrea,2007,62.116
Eritrea,2008,62.573
Eritrea,2009,63.328
Eritrea,2010,63.787
Eritrea,2011,64.402
Eritrea,2012,64.838
Eritrea,2013,65.067
Eritrea,2014,65.6
Eritrea,2015,66.033
Eritrea,2016,66.289
Eritrea,2017,66.577
Eritrea,2018,67.067
Eritrea,2019,67.3
Eritrea,2020,67.133
Eritrea,2021,66.536
Eritrea,2022,66.604
Spain,1960,69.1092682926829
Spain,1961,69.4804878048781
Spain,1962,69.5190243902439
Spain,1963,69.6812195121951
Spain,1964,70.399756097561
Spain,1965,70.8092682926829
Spain,1966,71.0551219512195
Spain,1967,71.2529268292683
Spain,1968,71.5378048780488
Spain,1969,71.0575609756098
Spain,1970,72.0273170731707
Spain,1971,71.630243902439
Spain,1972,72.8180487804878
Spain,1973,72.6107317073171
Spain,1974,72.969756097561
Spain,1975,73.3187804878049
Spain,1976,73.6426829268293
Spain,1977,74.1319512195122
Spain,1978,74.2956097560976
Spain,1979,74.8187804878049
Spain,1980,75.3492682926829
Spain,1981,75.5285365853659
Spain,1982,76.1341463414634
Spain,1983,75.9090243902439
Spain,1984,76.2953658536586
Spain,1985,76.259512195122
Spain,1986,76.5104878048781
Spain,1987,76.7280487804878
Spain,1988,76.7470731707317
Spain,1989,76.8136585365854
Spain,1990,76.8375609756098
Spain,1991,76.9712195121951
Spain,1992,77.41
Spain,1993,77.5465853658537
Spain,1994,77.9014634146342
Spain,1995,77.9807317073171
Spain,1996,78.1204878048781
Spain,1997,78.6041463414634
Spain,1998,78.6658536585366
Spain,1999,78.7170731707317
Spain,2000,78.9658536585366
Spain,2001,79.3682926829268
Spain,2002,79.5682926829268
Spain,2003,79.619512195122
Spain,2004,79.8707317073171
Spain,2005,80.1707317073171
Spain,2006,80.8219512195122
Spain,2007,80.8731707317073
Spain,2008,81.1756097560976
Spain,2009,81.4756097560976
Spain,2010,81.6268292682927
Spain,2011,82.4756097560976
Spain,2012,82.4268292682927
Spain,2013,83.0780487804878
Spain,2014,83.2292682926829
Spain,2015,82.8317073170732
Spain,2016,83.3292682926829
Spain,2017,83.2829268292683
Spain,2018,83.4317073170732
Spain,2019,83.8317073170732
Spain,2020,82.3317073170732
Spain,2021,83.2292682926829
Spain,2022,83.0829268292683
Estonia,1960,68.933512195122
Estonia,1961,68.9621219512195
Estonia,1962,68.7918048780488
Estonia,1963,69.2101219512195
Estonia,1964,70.0573170731707
Estonia,1965,69.6807317073171
Estonia,1966,69.627756097561
Estonia,1967,69.9401463414634
Estonia,1968,69.7512195121951
Estonia,1969,69.2659024390244
Estonia,1970,69.4100975609756
Estonia,1971,69.8151707317073
Estonia,1972,69.5921463414634
Estonia,1973,69.7994634146342
Estonia,1974,70.0786097560976
Estonia,1975,69.3543658536585
Estonia,1976,68.9256829268293
Estonia,1977,69.3248292682927
Estonia,1978,68.9206097560976
Estonia,1979,68.7858536585366
Estonia,1980,68.7956341463415
Estonia,1981,68.9780487804878
Estonia,1982,69.1268292682927
Estonia,1983,69.3756097560976
Estonia,1984,69.2780487804878
Estonia,1985,69.3804878048781
Estonia,1986,70.0853658536585
Estonia,1987,70.6439024390244
Estonia,1988,70.6975609756098
Estonia,1989,70.0390243902439
Estonia,1990,69.4756097560976
Estonia,1991,69.3731707317073
Estonia,1992,68.8634146341464
Estonia,1993,67.909756097561
Estonia,1994,66.5
Estonia,1995,67.5439024390244
Estonia,1996,69.6121951219512
Estonia,1997,69.809756097561
Estonia,1998,69.3585365853659
Estonia,1999,70.0634146341463
Estonia,2000,70.4170731707317
Estonia,2001,70.2585365853659
Estonia,2002,70.9048780487805
Estonia,2003,71.3170731707317
Estonia,2004,71.909756097561
Estonia,2005,72.5682926829268
Estonia,2006,72.6914634146341
Estonia,2007,72.8146341463415
Estonia,2008,73.7707317073171
Estonia,2009,74.8243902439024
Estonia,2010,75.4292682926829
Estonia,2011,76.2292682926829
Estonia,2012,76.3268292682927
Estonia,2013,77.1414634146341
Estonia,2014,77.0341463414634
Estonia,2015,77.590243902439
Estonia,2016,77.6414634146342
Estonia,2017,78.0926829268293
Estonia,2018,78.2439024390244
Estonia,2019,78.6463414634147
Estonia,2020,78.5951219512195
Estonia,2021,76.9439024390244
Estonia,2022,77.9439024390244
Ethiopia,1960,40.33
Ethiopia,1961,40.995
Ethiopia,1962,41.403
Ethiopia,1963,41.956
Ethiopia,1964,42.275
Ethiopia,1965,42.444
Ethiopia,1966,40.15
Ethiopia,1967,42.692
Ethiopia,1968,42.844
Ethiopia,1969,42.83
Ethiopia,1970,42.815
Ethiopia,1971,42.892
Ethiopia,1972,41.55
Ethiopia,1973,41.635
Ethiopia,1974,39.453
Ethiopia,1975,39.356
Ethiopia,1976,41.895
Ethiopia,1977,41.893
Ethiopia,1978,41.9
Ethiopia,1979,42.807
Ethiopia,1980,43.217
Ethiopia,1981,43.608
Ethiopia,1982,43.767
Ethiopia,1983,36.036
Ethiopia,1984,36.429
Ethiopia,1985,37.364
Ethiopia,1986,37.811
Ethiopia,1987,45.44
Ethiopia,1988,45.061
Ethiopia,1989,45.036
Ethiopia,1990,44.557
Ethiopia,1991,46.13
Ethiopia,1992,46.901
Ethiopia,1993,47.394
Ethiopia,1994,47.861
Ethiopia,1995,48.302
Ethiopia,1996,48.924
Ethiopia,1997,49.514
Ethiopia,1998,49.927
Ethiopia,1999,49.425
Ethiopia,2000,50.538
Ethiopia,2001,51.043
Ethiopia,2002,51.517
Ethiopia,2003,52.533
Ethiopia,2004,53.235
Ethiopia,2005,54.008
Ethiopia,2006,55.149
Ethiopia,2007,56.426
Ethiopia,2008,57.592
Ethiopia,2009,58.804
Ethiopia,2010,59.73
Ethiopia,2011,60.721
Ethiopia,2012,61.543
Ethiopia,2013,62.373
Ethiopia,2014,62.905
Ethiopia,2015,63.649
Ethiopia,2016,64.392
Ethiopia,2017,64.838
Ethiopia,2018,65.412
Ethiopia,2019,65.838
Ethiopia,2020,65.371
Ethiopia,2021,64.975
Ethiopia,2022,65.645
European Union,1960,69.0393679335606
European Union,1961,69.4387474900277
European Union,1962,69.2832856283798
European Union,1963,69.642903943806
European Union,1964,70.1618216000395
European Union,1965,70.2717249286794
European Union,1966,70.5828430657739
European Union,1967,70.5904192392218
European Union,1968,70.5964695779279
European Union,1969,70.4224910008336
European Union,1970,70.8229368752302
European Union,1971,70.9665191021634
European Union,1972,71.3511147629022
European Union,1973,71.4695160630594
European Union,1974,71.7799801106263
European Union,1975,71.7996804710644
European Union,1976,72.0698003035017
European Union,1977,72.3947775467219
European Union,1978,72.4857803792619
European Union,1979,72.7675763040521
European Union,1980,72.7902837603994
European Union,1981,73.1258907345799
European Union,1982,73.4036453247156
European Union,1983,73.4492791809339
European Union,1984,73.7408104462142
European Union,1985,73.8158201912823
European Union,1986,74.0719002476408
European Union,1987,74.3248809060861
European Union,1988,74.5272504030559
European Union,1989,74.6553645594595
European Union,1990,74.6983059885902
European Union,1991,74.8099449417477
European Union,1992,75.1268774145407
European Union,1993,75.2553864694995
European Union,1994,75.5257225153663
European Union,1995,75.6712318641596
European Union,1996,75.9240119650164
European Union,1997,76.2418663159991
European Union,1998,76.5112314121687
European Union,1999,76.7451891593384
European Union,2000,77.0753049948739
European Union,2001,77.4229387287235
European Union,2002,77.5309869468717
European Union,2003,77.5893105510583
European Union,2004,78.1144590605861
European Union,2005,78.2713962700467
European Union,2006,78.6679816884404
European Union,2007,78.9017948981278
European Union,2008,79.1252751035821
European Union,2009,79.357615138299
European Union,2010,79.630013467567
European Union,2011,80.1387219651694
European Union,2012,80.1576923858525
European Union,2013,80.4649382913035
European Union,2014,80.8722582400698
European Union,2015,80.5688525132732
European Union,2016,80.9517504359263
European Union,2017,80.9288274367457
European Union,2018,81.0294256698864
European Union,2019,81.315597211546
European Union,2020,80.451933566125
European Union,2021,80.3253644910688
European Union,2022,80.8009860381263
Fragile and conflict affected situations,1960,46.2070963368692
Fragile and conflict affected situations,1961,46.518121531984
Fragile and conflict affected situations,1962,46.8592810749368
Fragile and conflict affected situations,1963,47.1596214184417
Fragile and conflict affected situations,1964,47.6727259054975
Fragile and conflict affected situations,1965,47.7778702824344
Fragile and conflict affected situations,1966,47.7502534200805
Fragile and conflict affected situations,1967,47.9825583798769
Fragile and conflict affected situations,1968,48.4068791346959
Fragile and conflict affected situations,1969,48.5081477338156
Fragile and conflict affected situations,1970,48.8909358559209
Fragile and conflict affected situations,1971,49.4704434395227
Fragile and conflict affected situations,1972,49.4799902826394
Fragile and conflict affected situations,1973,50.083090949671
Fragile and conflict affected situations,1974,50.2239983729475
Fragile and conflict affected situations,1975,50.4718370141003
Fragile and conflict affected situations,1976,50.9491553255981
Fragile and conflict affected situations,1977,51.4481700295307
Fragile and conflict affected situations,1978,51.5869958542798
Fragile and conflict affected situations,1979,51.8354580742788
Fragile and conflict affected situations,1980,52.0602786574891
Fragile and conflict affected situations,1981,52.1920449697201
Fragile and conflict affected situations,1982,52.1618099627051
Fragile and conflict affected situations,1983,51.5585065729046
Fragile and conflict affected situations,1984,51.3989454401159
Fragile and conflict affected situations,1985,51.5747287366935
Fragile and conflict affected situations,1986,52.206151898655
Fragile and conflict affected situations,1987,52.6351214924294
Fragile and conflict affected situations,1988,52.2045028592231
Fragile and conflict affected situations,1989,53.2482866464511
Fragile and conflict affected situations,1990,53.2679898651784
Fragile and conflict affected situations,1991,53.2686277795663
Fragile and conflict affected situations,1992,53.2356535830866
Fragile and conflict affected situations,1993,53.6306590687785
Fragile and conflict affected situations,1994,54.2543614706034
Fragile and conflict affected situations,1995,53.9611395846389
Fragile and conflict affected situations,1996,54.0352455940611
Fragile and conflict affected situations,1997,54.33314246036
Fragile and conflict affected situations,1998,54.1139165740165
Fragile and conflict affected situations,1999,54.8413934792367
Fragile and conflict affected situations,2000,55.4696263577778
Fragile and conflict affected situations,2001,55.6906139838165
Fragile and conflict affected situations,2002,56.1090326727382
Fragile and conflict affected situations,2003,56.3767191402783
Fragile and conflict affected situations,2004,56.6190403886395
Fragile and conflict affected situations,2005,57.0094631598967
Fragile and conflict affected situations,2006,57.4986468771533
Fragile and conflict affected situations,2007,57.9650371286608
Fragile and conflict affected situations,2008,57.9808366078806
Fragile and conflict affected situations,2009,59.0149104572987
Fragile and conflict affected situations,2010,59.2658079152072
Fragile and conflict affected situations,2011,59.922829043694
Fragile and conflict affected situations,2012,60.1278157034162
Fragile and conflict affected situations,2013,60.427502888832
Fragile and conflict affected situations,2014,60.6725644469998
Fragile and conflict affected situations,2015,60.9705211042924
Fragile and conflict affected situations,2016,61.249873616249
Fragile and conflict affected situations,2017,61.6159105183906
Fragile and conflict affected situations,2018,61.9275060577707
Fragile and conflict affected situations,2019,62.2300397029659
Fragile and conflict affected situations,2020,61.7330978653128
Fragile and conflict affected situations,2021,61.2320175374775
Fragile and conflict affected situations,2022,61.7932015299888
Finland,1960,68.819756097561
Finland,1961,68.8441463414634
Finland,1962,68.5778048780488
Finland,1963,69.0126829268293
Finland,1964,69.2209756097561
Finland,1965,68.9778048780488
Finland,1966,69.4770731707317
Finland,1967,69.6665853658537
Finland,1968,69.6163414634146
Finland,1969,69.5034146341464
Finland,1970,70.179512195122
Finland,1971,70.0175609756098
Finland,1972,70.7073170731707
Finland,1973,71.2236585365854
Finland,1974,71.1348780487805
Finland,1975,71.6736585365854
Finland,1976,71.8129268292683
Finland,1977,72.350243902439
Finland,1978,72.8970731707317
Finland,1979,73.1553658536586
Finland,1980,73.44
Finland,1981,73.7465853658537
Finland,1982,74.2980487804878
Finland,1983,74.2009756097561
Finland,1984,74.5190243902439
Finland,1985,74.2229268292683
Finland,1986,74.56
Finland,1987,74.5919512195122
Finland,1988,74.5770731707317
Finland,1989,74.7921951219512
Finland,1990,74.8131707317073
Finland,1991,75.2275609756098
Finland,1992,75.4553658536585
Finland,1993,75.7051219512195
Finland,1994,76.3956097560976
Finland,1995,76.409512195122
Finland,1996,76.6934146341464
Finland,1997,76.8785365853659
Finland,1998,77.0907317073171
Finland,1999,77.2912195121951
Finland,2000,77.4658536585366
Finland,2001,77.9658536585366
Finland,2002,78.119512195122
Finland,2003,78.3682926829268
Finland,2004,78.7146341463415
Finland,2005,78.8170731707317
Finland,2006,79.2146341463415
Finland,2007,79.2634146341464
Finland,2008,79.5682926829268
Finland,2009,79.719512195122
Finland,2010,79.8707317073171
Finland,2011,80.4707317073171
Finland,2012,80.6268292682927
Finland,2013,80.9756097560976
Finland,2014,81.1804878048781
Finland,2015,81.4804878048781
Finland,2016,81.4292682926829
Finland,2017,81.6317073170732
Finland,2018,81.7341463414634
Finland,2019,81.9829268292683
Finland,2020,81.9317073170732
Finland,2021,81.8853658536585
Finland,2022,81.1878048780488
Fiji,1960,57.588
Fiji,1961,58.199
Fiji,1962,58.934
Fiji,1963,59.552
Fiji,1964,60.219
Fiji,1965,60.805
Fiji,1966,61.154
Fiji,1967,61.576
Fiji,1968,61.772
Fiji,1969,61.538
Fiji,1970,61.713
Fiji,1971,61.796
Fiji,1972,61.784
Fiji,1973,61.022
Fiji,1974,61.686
Fiji,1975,61.852
Fiji,1976,61.975
Fiji,1977,62.273
Fiji,1978,62.527
Fiji,1979,62.941
Fiji,1980,62.734
Fiji,1981,62.729
Fiji,1982,62.793
Fiji,1983,63.29
Fiji,1984,63.892
Fiji,1985,64.526
Fiji,1986,64.715
Fiji,1987,64.936
Fiji,1988,65.149
Fiji,1989,65.277
Fiji,1990,65.508
Fiji,1991,65.643
Fiji,1992,65.827
Fiji,1993,65.928
Fiji,1994,66.125
Fiji,1995,66.286
Fiji,1996,66.408
Fiji,1997,66.448
Fiji,1998,66.68
Fiji,1999,66.763
Fiji,2000,66.31
Fiji,2001,66.34
Fiji,2002,65.748
Fiji,2003,66.177
Fiji,2004,66.424
Fiji,2005,66.632
Fiji,2006,66.855
Fiji,2007,66.826
Fiji,2008,66.935
Fiji,2009,67.089
Fiji,2010,67.328
Fiji,2011,67.523
Fiji,2012,67.552
Fiji,2013,67.428
Fiji,2014,67.376
Fiji,2015,66.844
Fiji,2016,67.24
Fiji,2017,67.79
Fiji,2018,67.81
Fiji,2019,67.893
Fiji,2020,67.924
Fiji,2021,67.114
Fiji,2022,68.312
France,1960,69.8682926829268
France,1961,70.1170731707317
France,1962,70.3146341463415
France,1963,70.5146341463415
France,1964,70.6634146341463
France,1965,70.8121951219512
France,1966,70.9609756097561
France,1967,71.1609756097561
France,1968,71.309756097561
France,1969,71.4585365853659
France,1970,71.6585365853659
France,1971,71.9073170731707
France,1972,72.1073170731707
France,1973,72.3560975609756
France,1974,72.6048780487805
France,1975,72.8536585365854
France,1976,73.1024390243903
France,1977,73.3512195121951
France,1978,73.6024390243903
France,1979,73.8512195121951
France,1980,74.0512195121951
France,1981,74.3
France,1982,74.5
France,1983,74.8
France,1984,75
France,1985,75.3
France,1986,75.6
France,1987,75.8
France,1988,76.1
France,1989,76.3487804878049
France,1990,76.6
France,1991,76.8487804878049
France,1992,77.1
France,1993,77.3
France,1994,77.6487804878049
France,1995,77.7512195121951
France,1996,77.9536585365854
France,1997,78.3048780487805
France,1998,78.6048780487805
France,1999,78.7560975609756
France,2000,79.0560975609756
France,2001,79.1585365853659
France,2002,79.2609756097561
France,2003,79.1146341463415
France,2004,80.1634146341463
France,2005,80.1634146341463
France,2006,80.8121951219512
France,2007,81.1121951219512
France,2008,81.2146341463415
France,2009,81.4146341463415
France,2010,81.6634146341463
France,2011,82.1146341463415
France,2012,81.9682926829268
France,2013,82.219512195122
France,2014,82.719512195122
France,2015,82.3219512195122
France,2016,82.5731707317073
France,2017,82.5756097560976
France,2018,82.6756097560976
France,2019,82.8268292682927
France,2020,82.1756097560976
France,2021,82.3243902439024
France,2022,82.2292682926829
Faroe Islands,1973,74.4975609756098
Faroe Islands,1978,75.9853658536585
Faroe Islands,1986,75.2658536585366
Faroe Islands,1987,75.4658536585366
Faroe Islands,1988,75.7146341463415
Faroe Islands,1989,75.9146341463415
Faroe Islands,1990,76.1146341463415
Faroe Islands,1991,76.3634146341464
Faroe Islands,1992,76.6146341463415
Faroe Islands,1993,76.9146341463415
Faroe Islands,1994,77.1658536585366
Faroe Islands,1995,77.3658536585366
Faroe Islands,1996,77.5682926829268
Faroe Islands,1997,77.8219512195122
Faroe Islands,1998,78.0268292682927
Faroe Islands,1999,78.2317073170732
Faroe Islands,2000,78.4365853658537
Faroe Islands,2001,78.6414634146341
Faroe Islands,2002,78.8439024390244
Faroe Islands,2003,78.9439024390244
Faroe Islands,2004,79.0926829268293
Faroe Islands,2005,79.290243902439
Faroe Islands,2006,79.6390243902439
Faroe Islands,2007,79.9878048780488
Faroe Islands,2008,80.1365853658537
Faroe Islands,2009,80.3365853658537
Faroe Islands,2010,80.6365853658537
Faroe Islands,2011,80.8878048780488
Faroe Islands,2012,81.190243902439
Faroe Islands,2013,81.4414634146341
Faroe Islands,2014,81.5926829268293
Faroe Islands,2015,81.7926829268293
Faroe Islands,2016,82.0439024390244
Faroe Islands,2017,82.2439024390244
Faroe Islands,2018,82.4951219512195
Faroe Islands,2019,82.6463414634146
Faroe Islands,2020,82.8975609756098
Faroe Islands,2021,83.0975609756098
Faroe Islands,2022,83.3
"Micronesia, Fed. Sts.",1960,56.409
"Micronesia, Fed. Sts.",1961,57.11
"Micronesia, Fed. Sts.",1962,57.803
"Micronesia, Fed. Sts.",1963,58.176
"Micronesia, Fed. Sts.",1964,58.532
"Micronesia, Fed. Sts.",1965,59.11
"Micronesia, Fed. Sts.",1966,59.337
"Micronesia, Fed. Sts.",1967,59.873
"Micronesia, Fed. Sts.",1968,60.193
"Micronesia, Fed. Sts.",1969,60.662
"Micronesia, Fed. Sts.",1970,61.035
"Micronesia, Fed. Sts.",1971,61.518
"Micronesia, Fed. Sts.",1972,61.781
"Micronesia, Fed. Sts.",1973,62.139
"Micronesia, Fed. Sts.",1974,62.499
"Micronesia, Fed. Sts.",1975,62.802
"Micronesia, Fed. Sts.",1976,63.092
"Micronesia, Fed. Sts.",1977,63.363
"Micronesia, Fed. Sts.",1978,63.72
"Micronesia, Fed. Sts.",1979,63.78
"Micronesia, Fed. Sts.",1980,64.212
"Micronesia, Fed. Sts.",1981,64.478
"Micronesia, Fed. Sts.",1982,64.821
"Micronesia, Fed. Sts.",1983,65.282
"Micronesia, Fed. Sts.",1984,65.749
"Micronesia, Fed. Sts.",1985,65.97
"Micronesia, Fed. Sts.",1986,66.172
"Micronesia, Fed. Sts.",1987,66.292
"Micronesia, Fed. Sts.",1988,66.859
"Micronesia, Fed. Sts.",1989,67.096
"Micronesia, Fed. Sts.",1990,67.425
"Micronesia, Fed. Sts.",1991,67.619
"Micronesia, Fed. Sts.",1992,67.832
"Micronesia, Fed. Sts.",1993,68.059
"Micronesia, Fed. Sts.",1994,68.095
"Micronesia, Fed. Sts.",1995,68.553
"Micronesia, Fed. Sts.",1996,68.776
"Micronesia, Fed. Sts.",1997,69.229
"Micronesia, Fed. Sts.",1998,69.465
"Micronesia, Fed. Sts.",1999,69.706
"Micronesia, Fed. Sts.",2000,69.769
"Micronesia, Fed. Sts.",2001,70.479
"Micronesia, Fed. Sts.",2002,69.46
"Micronesia, Fed. Sts.",2003,70.76
"Micronesia, Fed. Sts.",2004,70.838
"Micronesia, Fed. Sts.",2005,70.884
"Micronesia, Fed. Sts.",2006,71.093
"Micronesia, Fed. Sts.",2007,71.06
"Micronesia, Fed. Sts.",2008,71.137
"Micronesia, Fed. Sts.",2009,71.112
"Micronesia, Fed. Sts.",2010,71.233
"Micronesia, Fed. Sts.",2011,71.318
"Micronesia, Fed. Sts.",2012,71.398
"Micronesia, Fed. Sts.",2013,71.499
"Micronesia, Fed. Sts.",2014,71.529
"Micronesia, Fed. Sts.",2015,71.408
"Micronesia, Fed. Sts.",2016,71.595
"Micronesia, Fed. Sts.",2017,71.467
"Micronesia, Fed. Sts.",2018,71.318
"Micronesia, Fed. Sts.",2019,71.077
"Micronesia, Fed. Sts.",2020,70.674
"Micronesia, Fed. Sts.",2021,70.71
"Micronesia, Fed. Sts.",2022,70.925
Gabon,1960,46.575
Gabon,1961,47.228
Gabon,1962,47.838
Gabon,1963,48.479
Gabon,1964,49.048
Gabon,1965,49.752
Gabon,1966,50.349
Gabon,1967,50.892
Gabon,1968,51.439
Gabon,1969,51.957
Gabon,1970,52.555
Gabon,1971,53.073
Gabon,1972,53.605
Gabon,1973,54.057
Gabon,1974,54.567
Gabon,1975,55.035
Gabon,1976,55.569
Gabon,1977,56.089
Gabon,1978,56.659
Gabon,1979,57.053
Gabon,1980,57.454
Gabon,1981,57.816
Gabon,1982,58.106
Gabon,1983,58.601
Gabon,1984,58.894
Gabon,1985,59.311
Gabon,1986,59.641
Gabon,1987,59.894
Gabon,1988,60.006
Gabon,1989,60.265
Gabon,1990,60.311
Gabon,1991,60.397
Gabon,1992,60.545
Gabon,1993,60.718
Gabon,1994,60.701
Gabon,1995,60.704
Gabon,1996,60.612
Gabon,1997,60.662
Gabon,1998,60.79
Gabon,1999,60.849
Gabon,2000,61.069
Gabon,2001,61.27
Gabon,2002,61.292
Gabon,2003,61.671
Gabon,2004,61.838
Gabon,2005,61.959
Gabon,2006,62.375
Gabon,2007,62.618
Gabon,2008,63.083
Gabon,2009,63.303
Gabon,2010,63.898
Gabon,2011,64.045
Gabon,2012,64.587
Gabon,2013,64.776
Gabon,2014,64.974
Gabon,2015,65.46
Gabon,2016,65.802
Gabon,2017,66.189
Gabon,2018,66.306
Gabon,2019,66.603
Gabon,2020,66.531
Gabon,2021,65.821
Gabon,2022,65.694
United Kingdom,1960,71.1268292682927
United Kingdom,1961,70.8780487804878
United Kingdom,1962,70.9268292682927
United Kingdom,1963,70.8268292682927
United Kingdom,1964,71.6243902439024
United Kingdom,1965,71.6243902439024
United Kingdom,1966,71.5731707317073
United Kingdom,1967,72.1243902439024
United Kingdom,1968,71.7243902439025
United Kingdom,1969,71.7219512195122
United Kingdom,1970,71.9731707317073
United Kingdom,1971,72.2731707317073
United Kingdom,1972,72.1243902439024
United Kingdom,1973,72.3243902439024
United Kingdom,1974,72.5243902439024
United Kingdom,1975,72.7243902439024
United Kingdom,1976,72.7756097560976
United Kingdom,1977,73.2243902439024
United Kingdom,1978,73.1756097560976
United Kingdom,1979,73.2756097560976
United Kingdom,1980,73.6756097560976
United Kingdom,1981,74.0268292682927
United Kingdom,1982,74.1780487804878
United Kingdom,1983,74.3780487804878
United Kingdom,1984,74.7780487804878
United Kingdom,1985,74.6292682926829
United Kingdom,1986,74.9292682926829
United Kingdom,1987,75.280487804878
United Kingdom,1988,75.3804878048781
United Kingdom,1989,75.5829268292683
United Kingdom,1990,75.8804878048781
United Kingdom,1991,76.0829268292683
United Kingdom,1992,76.4341463414634
United Kingdom,1993,76.3853658536585
United Kingdom,1994,76.8853658536585
United Kingdom,1995,76.8365853658537
United Kingdom,1996,77.0878048780488
United Kingdom,1997,77.2109756097561
United Kingdom,1998,77.190243902439
United Kingdom,1999,77.390243902439
United Kingdom,2000,77.7414634146342
United Kingdom,2001,77.9926829268293
United Kingdom,2002,78.1439024390244
United Kingdom,2003,78.4463414634146
United Kingdom,2004,78.7463414634146
United Kingdom,2005,79.0487804878049
United Kingdom,2006,79.2487804878049
United Kingdom,2007,79.4487804878049
United Kingdom,2008,79.6
United Kingdom,2009,80.0512195121951
United Kingdom,2010,80.4024390243902
United Kingdom,2011,80.9512195121951
United Kingdom,2012,80.9048780487805
United Kingdom,2013,81.0048780487805
United Kingdom,2014,81.3048780487805
United Kingdom,2015,80.9560975609756
United Kingdom,2016,81.1560975609756
United Kingdom,2017,81.2560975609756
United Kingdom,2018,81.2560975609756
United Kingdom,2019,81.4048780487805
United Kingdom,2020,80.3512195121951
United Kingdom,2021,80.7
United Kingdom,2022,82.0585365853659
Georgia,1960,61.222
Georgia,1961,61.416
Georgia,1962,61.858
Georgia,1963,62.228
Georgia,1964,62.333
Georgia,1965,62.852
Georgia,1966,63.075
Georgia,1967,63.292
Georgia,1968,63.775
Georgia,1969,64.205
Georgia,1970,64.431
Georgia,1971,64.753
Georgia,1972,65.072
Georgia,1973,65.421
Georgia,1974,65.591
Georgia,1975,65.874
Georgia,1976,66.029
Georgia,1977,66.471
Georgia,1978,66.695
Georgia,1979,67.074
Georgia,1980,67.173
Georgia,1981,67.634
Georgia,1982,67.903
Georgia,1983,67.942
Georgia,1984,67.994
Georgia,1985,68.368
Georgia,1986,68.445
Georgia,1987,68.251
Georgia,1988,68.528
Georgia,1989,68.353
Georgia,1990,68.389
Georgia,1991,68.245
Georgia,1992,67.783
Georgia,1993,67.656
Georgia,1994,68.554
Georgia,1995,68.851
Georgia,1996,68.974
Georgia,1997,69.059
Georgia,1998,69.102
Georgia,1999,69.319
Georgia,2000,69.575
Georgia,2001,69.606
Georgia,2002,70.024
Georgia,2003,70.333
Georgia,2004,70.567
Georgia,2005,71.13
Georgia,2006,71.394
Georgia,2007,71.568
Georgia,2008,71.332
Georgia,2009,71.95
Georgia,2010,72.128
Georgia,2011,72.39
Georgia,2012,72.412
Georgia,2013,72.628
Georgia,2014,73.099
Georgia,2015,73.297
Georgia,2016,73.569
Georgia,2017,73.57
Georgia,2018,73.341
Georgia,2019,73.47
Georgia,2020,72.765
Georgia,2021,71.694
Georgia,2022,71.587
Ghana,1960,47.096
Ghana,1961,47.325
Ghana,1962,47.405
Ghana,1963,47.578
Ghana,1964,47.719
Ghana,1965,47.778
Ghana,1966,47.727
Ghana,1967,47.683
Ghana,1968,47.57
Ghana,1969,47.565
Ghana,1970,47.805
Ghana,1971,47.798
Ghana,1972,48.026
Ghana,1973,48.398
Ghana,1974,48.777
Ghana,1975,49.246
Ghana,1976,49.764
Ghana,1977,50.085
Ghana,1978,50.571
Ghana,1979,50.932
Ghana,1980,51.117
Ghana,1981,51.269
Ghana,1982,51.383
Ghana,1983,51.622
Ghana,1984,52.051
Ghana,1985,52.416
Ghana,1986,53.125
Ghana,1987,53.824
Ghana,1988,54.507
Ghana,1989,55.191
Ghana,1990,55.62
Ghana,1991,56.012
Ghana,1992,56.231
Ghana,1993,56.416
Ghana,1994,56.112
Ghana,1995,56.565
Ghana,1996,56.82
Ghana,1997,57.199
Ghana,1998,57.6
Ghana,1999,58.03
Ghana,2000,58.195
Ghana,2001,58.107
Ghana,2002,58.608
Ghana,2003,59.111
Ghana,2004,59.191
Ghana,2005,59.76
Ghana,2006,59.988
Ghana,2007,60.224
Ghana,2008,60.49
Ghana,2009,60.946
Ghana,2010,61.157
Ghana,2011,61.652
Ghana,2012,62.081
Ghana,2013,62.42
Ghana,2014,63.045
Ghana,2015,63.175
Ghana,2016,63.89
Ghana,2017,64.013
Ghana,2018,64.122
Ghana,2019,64.74
Ghana,2020,64.114
Ghana,2021,63.795
Ghana,2022,63.945
Gibraltar,1960,69.309
Gibraltar,1961,69.234
Gibraltar,1962,69.481
Gibraltar,1963,69.257
Gibraltar,1964,70.168
Gibraltar,1965,70.608
Gibraltar,1966,69.594
Gibraltar,1967,70.983
Gibraltar,1968,70.513
Gibraltar,1969,70.006
Gibraltar,1970,70.605
Gibraltar,1971,71.017
Gibraltar,1972,70.827
Gibraltar,1973,71.375
Gibraltar,1974,70.638
Gibraltar,1975,71.816
Gibraltar,1976,71.39
Gibraltar,1977,72.227
Gibraltar,1978,72.548
Gibraltar,1979,72.71
Gibraltar,1980,73.753
Gibraltar,1981,73.567
Gibraltar,1982,73.342
Gibraltar,1983,74.524
Gibraltar,1984,75.385
Gibraltar,1985,76.013
Gibraltar,1986,76.241
Gibraltar,1987,74.679
Gibraltar,1988,77.36
Gibraltar,1989,74.554
Gibraltar,1990,77.072
Gibraltar,1991,76.994
Gibraltar,1992,75.559
Gibraltar,1993,78.52
Gibraltar,1994,79.164
Gibraltar,1995,76.556
Gibraltar,1996,77.65
Gibraltar,1997,80.343
Gibraltar,1998,80.663
Gibraltar,1999,81.533
Gibraltar,2000,81.37
Gibraltar,2001,81.087
Gibraltar,2002,80.26
Gibraltar,2003,79.694
Gibraltar,2004,80.948
Gibraltar,2005,81.442
Gibraltar,2006,80.393
Gibraltar,2007,78.514
Gibraltar,2008,80.13
Gibraltar,2009,81.243
Gibraltar,2010,80.958
Gibraltar,2011,81.871
Gibraltar,2012,83.366
Gibraltar,2013,80.55
Gibraltar,2014,81.882
Gibraltar,2015,80.427
Gibraltar,2016,81.702
Gibraltar,2017,81.83
Gibraltar,2018,82.154
Gibraltar,2019,82.363
Gibraltar,2020,82.198
Gibraltar,2021,79.329
Gibraltar,2022,82.83
Guinea,1960,36.547
Guinea,1961,36.75
Guinea,1962,36.913
Guinea,1963,37.164
Guinea,1964,37.341
Guinea,1965,37.599
Guinea,1966,37.84
Guinea,1967,38.123
Guinea,1968,38.559
Guinea,1969,38.723
Guinea,1970,39.008
Guinea,1971,39.308
Guinea,1972,39.673
Guinea,1973,39.891
Guinea,1974,40.137
Guinea,1975,40.591
Guinea,1976,41.024
Guinea,1977,41.411
Guinea,1978,41.901
Guinea,1979,42.393
Guinea,1980,42.884
Guinea,1981,43.324
Guinea,1982,43.925
Guinea,1983,44.382
Guinea,1984,44.946
Guinea,1985,45.522
Guinea,1986,45.918
Guinea,1987,46.417
Guinea,1988,46.589
Guinea,1989,46.847
Guinea,1990,47.004
Guinea,1991,47.546
Guinea,1992,48.363
Guinea,1993,48.962
Guinea,1994,49.171
Guinea,1995,49.866
Guinea,1996,50.544
Guinea,1997,51.356
Guinea,1998,52.049
Guinea,1999,52.356
Guinea,2000,52.479
Guinea,2001,52.662
Guinea,2002,53.278
Guinea,2003,53.678
Guinea,2004,54.117
Guinea,2005,54.632
Guinea,2006,55.108
Guinea,2007,55.553
Guinea,2008,56.044
Guinea,2009,56.348
Guinea,2010,56.72
Guinea,2011,57.019
Guinea,2012,57.406
Guinea,2013,57.791
Guinea,2014,57.886
Guinea,2015,58.134
Guinea,2016,58.763
Guinea,2017,59.109
Guinea,2018,59.349
Guinea,2019,59.72
Guinea,2020,59.327
Guinea,2021,58.892
Guinea,2022,58.985
"Gambia, The",1960,35.098
"Gambia, The",1961,35.568
"Gambia, The",1962,35.989
"Gambia, The",1963,36.496
"Gambia, The",1964,36.948
"Gambia, The",1965,37.445
"Gambia, The",1966,37.898
"Gambia, The",1967,38.43
"Gambia, The",1968,38.869
"Gambia, The",1969,39.349
"Gambia, The",1970,39.871
"Gambia, The",1971,40.347
"Gambia, The",1972,40.915
"Gambia, The",1973,41.394
"Gambia, The",1974,41.954
"Gambia, The",1975,42.444
"Gambia, The",1976,43.039
"Gambia, The",1977,43.44
"Gambia, The",1978,43.583
"Gambia, The",1979,44.558
"Gambia, The",1980,45.153
"Gambia, The",1981,44.476
"Gambia, The",1982,46.377
"Gambia, The",1983,46.923
"Gambia, The",1984,47.493
"Gambia, The",1985,48.189
"Gambia, The",1986,48.71
"Gambia, The",1987,49.409
"Gambia, The",1988,50.051
"Gambia, The",1989,50.635
"Gambia, The",1990,51.319
"Gambia, The",1991,52.127
"Gambia, The",1992,52.941
"Gambia, The",1993,53.748
"Gambia, The",1994,54.721
"Gambia, The",1995,55.464
"Gambia, The",1996,56.009
"Gambia, The",1997,56.06
"Gambia, The",1998,56.554
"Gambia, The",1999,56.816
"Gambia, The",2000,56.942
"Gambia, The",2001,57.043
"Gambia, The",2002,57.08
"Gambia, The",2003,57.586
"Gambia, The",2004,58.088
"Gambia, The",2005,58.394
"Gambia, The",2006,59.06
"Gambia, The",2007,59.394
"Gambia, The",2008,60.082
"Gambia, The",2009,60.427
"Gambia, The",2010,60.717
"Gambia, The",2011,61.526
"Gambia, The",2012,62.096
"Gambia, The",2013,62.114
"Gambia, The",2014,62.269
"Gambia, The",2015,62.494
"Gambia, The",2016,63.013
"Gambia, The",2017,62.995
"Gambia, The",2018,63.04
"Gambia, The",2019,63.755
"Gambia, The",2020,62.612
"Gambia, The",2021,62.083
"Gambia, The",2022,62.906
Guinea-Bissau,1960,37.464
Guinea-Bissau,1961,37.695
Guinea-Bissau,1962,37.932
Guinea-Bissau,1963,35.661
Guinea-Bissau,1964,35.984
Guinea-Bissau,1965,36.383
Guinea-Bissau,1966,36.698
Guinea-Bissau,1967,37.024
Guinea-Bissau,1968,37.361
Guinea-Bissau,1969,37.746
Guinea-Bissau,1970,38.025
Guinea-Bissau,1971,38.368
Guinea-Bissau,1972,38.698
Guinea-Bissau,1973,39.034
Guinea-Bissau,1974,41.757
Guinea-Bissau,1975,42.053
Guinea-Bissau,1976,42.419
Guinea-Bissau,1977,42.718
Guinea-Bissau,1978,43.033
Guinea-Bissau,1979,43.39
Guinea-Bissau,1980,43.754
Guinea-Bissau,1981,44.07
Guinea-Bissau,1982,44.374
Guinea-Bissau,1983,44.635
Guinea-Bissau,1984,44.829
Guinea-Bissau,1985,45.104
Guinea-Bissau,1986,45.446
Guinea-Bissau,1987,45.785
Guinea-Bissau,1988,46.321
Guinea-Bissau,1989,46.7
Guinea-Bissau,1990,47.084
Guinea-Bissau,1991,47.465
Guinea-Bissau,1992,47.92
Guinea-Bissau,1993,48.228
Guinea-Bissau,1994,48.156
Guinea-Bissau,1995,48.952
Guinea-Bissau,1996,49.065
Guinea-Bissau,1997,47.997
Guinea-Bissau,1998,47.716
Guinea-Bissau,1999,48.006
Guinea-Bissau,2000,50.121
Guinea-Bissau,2001,50.445
Guinea-Bissau,2002,50.986
Guinea-Bissau,2003,51.405
Guinea-Bissau,2004,52.15
Guinea-Bissau,2005,52.249
Guinea-Bissau,2006,53.371
Guinea-Bissau,2007,54.155
Guinea-Bissau,2008,54.646
Guinea-Bissau,2009,55.541
Guinea-Bissau,2010,56.23
Guinea-Bissau,2011,56.967
Guinea-Bissau,2012,57.69
Guinea-Bissau,2013,58.232
Guinea-Bissau,2014,58.61
Guinea-Bissau,2015,59.128
Guinea-Bissau,2016,59.674
Guinea-Bissau,2017,60.066
Guinea-Bissau,2018,60.502
Guinea-Bissau,2019,60.882
Guinea-Bissau,2020,59.999
Guinea-Bissau,2021,59.652
Guinea-Bissau,2022,59.861
Equatorial Guinea,1960,41.729
Equatorial Guinea,1961,41.994
Equatorial Guinea,1962,42.258
Equatorial Guinea,1963,42.546
Equatorial Guinea,1964,42.749
Equatorial Guinea,1965,43.054
Equatorial Guinea,1966,43.264
Equatorial Guinea,1967,43.532
Equatorial Guinea,1968,43.731
Equatorial Guinea,1969,30.076
Equatorial Guinea,1970,30.248
Equatorial Guinea,1971,36.263
Equatorial Guinea,1972,43.284
Equatorial Guinea,1973,43.477
Equatorial Guinea,1974,40.186
Equatorial Guinea,1975,35.812
Equatorial Guinea,1976,28.921
Equatorial Guinea,1977,40.501
Equatorial Guinea,1978,40.793
Equatorial Guinea,1979,41.653
Equatorial Guinea,1980,47.563
Equatorial Guinea,1981,48.109
Equatorial Guinea,1982,48.596
Equatorial Guinea,1983,49.007
Equatorial Guinea,1984,49.208
Equatorial Guinea,1985,49.683
Equatorial Guinea,1986,50.039
Equatorial Guinea,1987,50.279
Equatorial Guinea,1988,50.504
Equatorial Guinea,1989,50.668
Equatorial Guinea,1990,50.86
Equatorial Guinea,1991,50.969
Equatorial Guinea,1992,51.113
Equatorial Guinea,1993,51.308
Equatorial Guinea,1994,51.415
Equatorial Guinea,1995,51.592
Equatorial Guinea,1996,51.727
Equatorial Guinea,1997,52.061
Equatorial Guinea,1998,52.382
Equatorial Guinea,1999,52.752
Equatorial Guinea,2000,53.226
Equatorial Guinea,2001,53.636
Equatorial Guinea,2002,54.085
Equatorial Guinea,2003,54.581
Equatorial Guinea,2004,55.036
Equatorial Guinea,2005,55.464
Equatorial Guinea,2006,56.046
Equatorial Guinea,2007,56.54
Equatorial Guinea,2008,57.074
Equatorial Guinea,2009,57.431
Equatorial Guinea,2010,57.878
Equatorial Guinea,2011,58.412
Equatorial Guinea,2012,58.865
Equatorial Guinea,2013,59.224
Equatorial Guinea,2014,59.595
Equatorial Guinea,2015,60.103
Equatorial Guinea,2016,60.479
Equatorial Guinea,2017,60.821
Equatorial Guinea,2018,61.191
Equatorial Guinea,2019,61.644
Equatorial Guinea,2020,60.708
Equatorial Guinea,2021,60.594
Equatorial Guinea,2022,61.19
Greece,1960,69.3
Greece,1961,70.3158536585366
Greece,1962,70.2549756097561
Greece,1963,70.6105365853659
Greece,1964,70.5693902439025
Greece,1965,71.4283170731707
Greece,1966,71.7527073170732
Greece,1967,71.2987804878049
Greece,1968,71.4301951219512
Greece,1969,72.0043414634146
Greece,1970,72.7708048780488
Greece,1971,73.0095609756098
Greece,1972,72.7826829268293
Greece,1973,72.9819756097561
Greece,1974,73.4155853658537
Greece,1975,73.3763658536586
Greece,1976,73.634
Greece,1977,73.6708048780488
Greece,1978,74.358756097561
Greece,1979,74.6210731707317
Greece,1980,74.5462682926829
Greece,1981,74.9574390243902
Greece,1982,75.2505365853659
Greece,1983,75.5177317073171
Greece,1984,75.7743902439024
Greece,1985,76.0829024390244
Greece,1986,76.4826585365854
Greece,1987,76.2798536585366
Greece,1988,76.980756097561
Greece,1989,76.6878048780488
Greece,1990,76.9390243902439
Greece,1991,77.1365853658537
Greece,1992,77.3829268292683
Greece,1993,77.390243902439
Greece,1994,77.6390243902439
Greece,1995,77.5853658536585
Greece,1996,77.6853658536585
Greece,1997,78.1365853658537
Greece,1998,77.8390243902439
Greece,1999,77.9878048780488
Greece,2000,77.8878048780488
Greece,2001,78.3878048780488
Greece,2002,78.6414634146341
Greece,2003,78.8414634146341
Greece,2004,79.0390243902439
Greece,2005,79.2390243902439
Greece,2006,79.4390243902439
Greece,2007,79.4390243902439
Greece,2008,79.9390243902439
Greece,2009,80.1878048780488
Greece,2010,80.3878048780488
Greece,2011,80.7317073170732
Greece,2012,80.6341463414634
Greece,2013,81.2853658536585
Greece,2014,81.3853658536585
Greece,2015,81.0365853658537
Greece,2016,81.3878048780488
Greece,2017,81.2878048780488
Greece,2018,81.7878048780488
Greece,2019,81.6390243902439
Greece,2020,81.2878048780488
Greece,2021,80.0829268292683
Greece,2022,80.6365853658537
Grenada,1960,60.76
Grenada,1961,61.792
Grenada,1962,62.877
Grenada,1963,64.077
Grenada,1964,64.841
Grenada,1965,64.728
Grenada,1966,64.655
Grenada,1967,64.654
Grenada,1968,65.498
Grenada,1969,65.857
Grenada,1970,66.216
Grenada,1971,66.479
Grenada,1972,66.822
Grenada,1973,67.217
Grenada,1974,67.583
Grenada,1975,67.971
Grenada,1976,68.151
Grenada,1977,67.475
Grenada,1978,67.668
Grenada,1979,67.9
Grenada,1980,68.144
Grenada,1981,68.45
Grenada,1982,68.712
Grenada,1983,64.219
Grenada,1984,69.32
Grenada,1985,69.58
Grenada,1986,69.77
Grenada,1987,69.939
Grenada,1988,70.165
Grenada,1989,70.419
Grenada,1990,70.683
Grenada,1991,70.974
Grenada,1992,71.291
Grenada,1993,71.576
Grenada,1994,71.786
Grenada,1995,72.109
Grenada,1996,72.331
Grenada,1997,72.568
Grenada,1998,72.805
Grenada,1999,72.903
Grenada,2000,72.783
Grenada,2001,73.118
Grenada,2002,73.167
Grenada,2003,73.188
Grenada,2004,71.788
Grenada,2005,73.521
Grenada,2006,73.7
Grenada,2007,74.317
Grenada,2008,74.656
Grenada,2009,75.036
Grenada,2010,74.999
Grenada,2011,75.295
Grenada,2012,75.042
Grenada,2013,75.116
Grenada,2014,74.985
Grenada,2015,75.013
Grenada,2016,74.762
Grenada,2017,74.765
Grenada,2018,74.808
Grenada,2019,74.863
Grenada,2020,74.924
Grenada,2021,74.936
Grenada,2022,75.335
Greenland,1978,63.4146341463415
Greenland,1979,63.9548780487805
Greenland,1980,63.449756097561
Greenland,1981,63.0748780487805
Greenland,1982,63.1926829268293
Greenland,1983,63.3
Greenland,1984,63.4665853658537
Greenland,1985,63.8336585365854
Greenland,1986,64.2487804878049
Greenland,1987,64.6541463414634
Greenland,1988,64.5824390243903
Greenland,1989,64.6675609756098
Greenland,1990,65.0682926829268
Greenland,1991,65.0317073170732
Greenland,1992,65.1960975609756
Greenland,1993,65.5853658536585
Greenland,1994,65.9009756097561
Greenland,1995,65.6441463414634
Greenland,1996,65.7673170731707
Greenland,1997,65.7980487804878
Greenland,1998,66.1570731707317
Greenland,1999,66.4975609756098
Greenland,2000,66.0990243902439
Greenland,2001,66.1965853658537
Greenland,2002,66.6117073170732
Greenland,2003,67.1817073170732
Greenland,2004,67.7263414634146
Greenland,2005,68.2351219512195
Greenland,2006,68.6165853658537
Greenland,2007,69.0482926829268
Greenland,2008,69.37
Greenland,2009,69.779512195122
Greenland,2010,70.0807317073171
Greenland,2011,70.2648780487805
Greenland,2012,70.5463414634146
Greenland,2013,70.8385365853659
Greenland,2014,71.0609756097561
Greenland,2015,71.4790243902439
Greenland,2016,71.8385365853659
Greenland,2017,71.9321951219512
Greenland,2018,71.9675609756098
Greenland,2019,71.9443902439024
Greenland,2020,71.8507317073171
Greenland,2021,71.8139024390244
Greenland,2022,71.5404878048781
Guatemala,1960,45.808
Guatemala,1961,46.47
Guatemala,1962,46.995
Guatemala,1963,47.407
Guatemala,1964,47.712
Guatemala,1965,47.814
Guatemala,1966,47.764
Guatemala,1967,47.984
Guatemala,1968,48.298
Guatemala,1969,48.548
Guatemala,1970,49.439
Guatemala,1971,50.484
Guatemala,1972,51.638
Guatemala,1973,53.003
Guatemala,1974,54.039
Guatemala,1975,54.824
Guatemala,1976,49.169
Guatemala,1977,55.816
Guatemala,1978,55.963
Guatemala,1979,56.185
Guatemala,1980,56.024
Guatemala,1981,55.972
Guatemala,1982,50.134
Guatemala,1983,58.718
Guatemala,1984,59.558
Guatemala,1985,60.203
Guatemala,1986,60.772
Guatemala,1987,61.432
Guatemala,1988,62.029
Guatemala,1989,62.374
Guatemala,1990,62.473
Guatemala,1991,62.725
Guatemala,1992,62.913
Guatemala,1993,63.349
Guatemala,1994,63.726
Guatemala,1995,64.195
Guatemala,1996,64.863
Guatemala,1997,65.536
Guatemala,1998,66.114
Guatemala,1999,66.869
Guatemala,2000,67.446
Guatemala,2001,67.946
Guatemala,2002,68.386
Guatemala,2003,68.797
Guatemala,2004,69.165
Guatemala,2005,69.168
Guatemala,2006,69.812
Guatemala,2007,70.1
Guatemala,2008,70.356
Guatemala,2009,70.641
Guatemala,2010,70.878
Guatemala,2011,71.177
Guatemala,2012,71.463
Guatemala,2013,71.728
Guatemala,2014,71.964
Guatemala,2015,72.103
Guatemala,2016,72.355
Guatemala,2017,72.551
Guatemala,2018,72.726
Guatemala,2019,73.129
Guatemala,2020,71.797
Guatemala,2021,69.237
Guatemala,2022,68.674
Guam,1960,60.897
Guam,1961,61.395
Guam,1962,61.708
Guam,1963,62.359
Guam,1964,62.878
Guam,1965,62.893
Guam,1966,62.778
Guam,1967,63.566
Guam,1968,64.152
Guam,1969,64.545
Guam,1970,64.825
Guam,1971,65.193
Guam,1972,65.351
Guam,1973,65.752
Guam,1974,66.01
Guam,1975,66.577
Guam,1976,67.032
Guam,1977,67.922
Guam,1978,68.686
Guam,1979,69.579
Guam,1980,69.861
Guam,1981,70.077
Guam,1982,70.32
Guam,1983,70.59
Guam,1984,70.819
Guam,1985,71.069
Guam,1986,71.325
Guam,1987,71.564
Guam,1988,71.885
Guam,1989,72.164
Guam,1990,72.473
Guam,1991,72.497
Guam,1992,72.718
Guam,1993,72.952
Guam,1994,73.058
Guam,1995,73.29
Guam,1996,73.092
Guam,1997,73.349
Guam,1998,73.632
Guam,1999,74.066
Guam,2000,74.417
Guam,2001,75.41
Guam,2002,75.793
Guam,2003,76.504
Guam,2004,76.923
Guam,2005,77.182
Guam,2006,77.136
Guam,2007,77.098
Guam,2008,77.185
Guam,2009,77.094
Guam,2010,76.879
Guam,2011,76.872
Guam,2012,76.707
Guam,2013,76.72
Guam,2014,76.749
Guam,2015,76.616
Guam,2016,76.877
Guam,2017,77.155
Guam,2018,77.439
Guam,2019,77.717
Guam,2020,76.612
Guam,2021,76.656
Guam,2022,78.33
Guyana,1960,58.034
Guyana,1961,58.46
Guyana,1962,58.864
Guyana,1963,59.202
Guyana,1964,59.494
Guyana,1965,59.742
Guyana,1966,59.937
Guyana,1967,60.113
Guyana,1968,60.256
Guyana,1969,60.38
Guyana,1970,60.469
Guyana,1971,60.555
Guyana,1972,60.636
Guyana,1973,60.683
Guyana,1974,60.76
Guyana,1975,60.819
Guyana,1976,60.892
Guyana,1977,60.955
Guyana,1978,61.052
Guyana,1979,61.133
Guyana,1980,61.229
Guyana,1981,61.311
Guyana,1982,61.406
Guyana,1983,61.491
Guyana,1984,61.589
Guyana,1985,61.66
Guyana,1986,61.797
Guyana,1987,61.947
Guyana,1988,62.085
Guyana,1989,62.238
Guyana,1990,62.415
Guyana,1991,62.622
Guyana,1992,62.787
Guyana,1993,63.152
Guyana,1994,63.372
Guyana,1995,63.136
Guyana,1996,63.205
Guyana,1997,63.356
Guyana,1998,63.9
Guyana,1999,64.17
Guyana,2000,64.483
Guyana,2001,64.788
Guyana,2002,64.728
Guyana,2003,64.6
Guyana,2004,64.93
Guyana,2005,65.132
Guyana,2006,65.667
Guyana,2007,66.254
Guyana,2008,66.288
Guyana,2009,66.563
Guyana,2010,66.743
Guyana,2011,66.982
Guyana,2012,67.23
Guyana,2013,67.473
Guyana,2014,67.882
Guyana,2015,68.201
Guyana,2016,68.384
Guyana,2017,68.667
Guyana,2018,68.896
Guyana,2019,69.124
Guyana,2020,68.486
Guyana,2021,65.673
Guyana,2022,65.989
High income,1960,68.3402813804568
High income,1961,68.7151291873551
High income,1962,68.632768980067
High income,1963,68.9036661060483
High income,1964,69.4066788354591
High income,1965,69.4510686402414
High income,1966,69.6868767734347
High income,1967,69.8812546899003
High income,1968,69.7579405164469
High income,1969,69.7867699333995
High income,1970,70.2122341192906
High income,1971,70.5109252270123
High income,1972,70.7058189403143
High income,1973,70.8676925042609
High income,1974,71.206238393457
High income,1975,71.3996710931636
High income,1976,71.6031414813296
High income,1977,71.9294230759809
High income,1978,72.0620375340456
High income,1979,72.3207767765326
High income,1980,72.3348378756239
High income,1981,72.6899500424746
High income,1982,73.0341629903633
High income,1983,73.1005640952635
High income,1984,73.2902976790387
High income,1985,73.4637531773542
High income,1986,73.8718796182777
High income,1987,74.1141076908389
High income,1988,74.2126595364503
High income,1989,74.3727180617234
High income,1990,74.4629600139415
High income,1991,74.5749040214714
High income,1992,74.6068863895335
High income,1993,74.4348472389857
High income,1994,74.6282076103215
High income,1995,74.7144049512423
High income,1996,75.1779334006386
High income,1997,75.5685531917317
High income,1998,75.7912437384945
High income,1999,75.8046808025112
High income,2000,76.0316587774249
High income,2001,76.2970374568881
High income,2002,76.4218888164917
High income,2003,76.527794850993
High income,2004,76.9695177422752
High income,2005,77.0896390001084
High income,2006,77.5185760631902
High income,2007,77.8292090136335
High income,2008,78.0221490327658
High income,2009,78.3759681628538
High income,2010,78.5656605791313
High income,2011,78.9029962222582
High income,2012,79.053126183839
High income,2013,79.2817211833037
High income,2014,79.5269434281654
High income,2015,79.472886256175
High income,2016,79.6665154276177
High income,2017,79.789477231299
High income,2018,79.8972919078753
High income,2019,80.1395351006223
High income,2020,79.1433131408218
High income,2021,78.7980877171883
High income,2022,79.5066307772331
"Hong Kong SAR, China",1960,65.8662926829268
"Hong Kong SAR, China",1961,66.5588780487805
"Hong Kong SAR, China",1962,66.9771707317073
"Hong Kong SAR, China",1963,67.6857317073171
"Hong Kong SAR, China",1964,68.4460975609756
"Hong Kong SAR, China",1965,69.2512195121951
"Hong Kong SAR, China",1966,69.5388780487805
"Hong Kong SAR, China",1967,69.9254390243902
"Hong Kong SAR, China",1968,70.3558292682927
"Hong Kong SAR, China",1969,70.5685609756098
"Hong Kong SAR, China",1970,71.0499512195122
"Hong Kong SAR, China",1971,71.4680487804878
"Hong Kong SAR, China",1972,71.4509756097561
"Hong Kong SAR, China",1973,72.090243902439
"Hong Kong SAR, China",1974,72.5978048780488
"Hong Kong SAR, China",1975,73.3621951219512
"Hong Kong SAR, China",1976,72.7890243902439
"Hong Kong SAR, China",1977,73.3492682926829
"Hong Kong SAR, China",1978,73.5407317073171
"Hong Kong SAR, China",1979,73.6631707317073
"Hong Kong SAR, China",1980,74.6534146341464
"Hong Kong SAR, China",1981,75.3490243902439
"Hong Kong SAR, China",1982,75.4385365853659
"Hong Kong SAR, China",1983,75.2863414634146
"Hong Kong SAR, China",1984,76.009512195122
"Hong Kong SAR, China",1985,76.4292682926829
"Hong Kong SAR, China",1986,76.6843902439024
"Hong Kong SAR, China",1987,76.8978048780488
"Hong Kong SAR, China",1988,77.0834146341464
"Hong Kong SAR, China",1989,77.0287804878049
"Hong Kong SAR, China",1990,77.3707317073171
"Hong Kong SAR, China",1991,77.8729268292683
"Hong Kong SAR, China",1992,77.6734146341464
"Hong Kong SAR, China",1993,78.0160975609756
"Hong Kong SAR, China",1994,78.5436585365854
"Hong Kong SAR, China",1995,78.6787804878049
"Hong Kong SAR, China",1996,79.6275609756098
"Hong Kong SAR, China",1997,80.1121951219512
"Hong Kong SAR, China",1998,80.1068292682927
"Hong Kong SAR, China",1999,80.3726829268293
"Hong Kong SAR, China",2000,80.8731707317073
"Hong Kong SAR, China",2001,81.4192682926829
"Hong Kong SAR, China",2002,81.4521951219512
"Hong Kong SAR, China",2003,81.3434146341464
"Hong Kong SAR, China",2004,81.7992682926829
"Hong Kong SAR, China",2005,81.6090243902439
"Hong Kong SAR, China",2006,82.3848780487805
"Hong Kong SAR, China",2007,82.3668292682927
"Hong Kong SAR, China",2008,82.3404878048781
"Hong Kong SAR, China",2009,82.7751219512195
"Hong Kong SAR, China",2010,82.9575609756098
"Hong Kong SAR, China",2011,83.4119512195122
"Hong Kong SAR, China",2012,83.450243902439
"Hong Kong SAR, China",2013,83.8312195121951
"Hong Kong SAR, China",2014,83.9356097560976
"Hong Kong SAR, China",2015,84.2526829268293
"Hong Kong SAR, China",2016,84.2114634146342
"Hong Kong SAR, China",2017,84.6956097560976
"Hong Kong SAR, China",2018,84.869756097561
"Hong Kong SAR, China",2019,85.1558536585366
"Hong Kong SAR, China",2020,85.4963414634146
"Hong Kong SAR, China",2021,85.5326829268293
"Hong Kong SAR, China",2022,83.6609756097561
Honduras,1960,48.317
Honduras,1961,48.73
Honduras,1962,49.668
Honduras,1963,50.25
Honduras,1964,50.812
Honduras,1965,51.465
Honduras,1966,52.091
Honduras,1967,52.632
Honduras,1968,53.355
Honduras,1969,53.896
Honduras,1970,54.44
Honduras,1971,54.966
Honduras,1972,55.607
Honduras,1973,54.415
Honduras,1974,52.313
Honduras,1975,57.548
Honduras,1976,58.158
Honduras,1977,58.746
Honduras,1978,59.334
Honduras,1979,59.908
Honduras,1980,60.485
Honduras,1981,61.016
Honduras,1982,61.527
Honduras,1983,62.137
Honduras,1984,62.642
Honduras,1985,62.996
Honduras,1986,63.591
Honduras,1987,64.032
Honduras,1988,64.345
Honduras,1989,64.856
Honduras,1990,65.243
Honduras,1991,65.752
Honduras,1992,65.991
Honduras,1993,66.251
Honduras,1994,66.574
Honduras,1995,67.139
Honduras,1996,67.439
Honduras,1997,67.777
Honduras,1998,62.721
Honduras,1999,68.422
Honduras,2000,68.662
Honduras,2001,69.006
Honduras,2002,69.366
Honduras,2003,69.507
Honduras,2004,69.796
Honduras,2005,70.104
Honduras,2006,70.261
Honduras,2007,70.376
Honduras,2008,70.441
Honduras,2009,70.911
Honduras,2010,71.088
Honduras,2011,71.439
Honduras,2012,71.734
Honduras,2013,71.963
Honduras,2014,72.259
Honduras,2015,72.487
Honduras,2016,72.588
Honduras,2017,72.692
Honduras,2018,72.814
Honduras,2019,72.881
Honduras,2020,71.462
Honduras,2021,70.123
Honduras,2022,70.728
Heavily indebted poor countries (HIPC),1960,40.7228196437522
Heavily indebted poor countries (HIPC),1961,41.0511410765648
Heavily indebted poor countries (HIPC),1962,41.6028814945301
Heavily indebted poor countries (HIPC),1963,41.7424549091141
Heavily indebted poor countries (HIPC),1964,42.2344816993841
Heavily indebted poor countries (HIPC),1965,42.3810944786519
Heavily indebted poor countries (HIPC),1966,42.3191744029338
Heavily indebted poor countries (HIPC),1967,42.9558649446878
Heavily indebted poor countries (HIPC),1968,43.2883571272548
Heavily indebted poor countries (HIPC),1969,43.5457293165046
Heavily indebted poor countries (HIPC),1970,43.8606369173155
Heavily indebted poor countries (HIPC),1971,44.2141869341643
Heavily indebted poor countries (HIPC),1972,44.0191375377364
Heavily indebted poor countries (HIPC),1973,44.7666197686294
Heavily indebted poor countries (HIPC),1974,44.8145543853374
Heavily indebted poor countries (HIPC),1975,45.1787986686206
Heavily indebted poor countries (HIPC),1976,45.8480160088456
Heavily indebted poor countries (HIPC),1977,46.2146122656592
Heavily indebted poor countries (HIPC),1978,46.3922117443907
Heavily indebted poor countries (HIPC),1979,46.7986316468944
Heavily indebted poor countries (HIPC),1980,47.2084596412075
Heavily indebted poor countries (HIPC),1981,47.5081006044295
Heavily indebted poor countries (HIPC),1982,47.7196595762098
Heavily indebted poor countries (HIPC),1983,46.5198693080718
Heavily indebted poor countries (HIPC),1984,46.3788608777802
Heavily indebted poor countries (HIPC),1985,46.7429369981511
Heavily indebted poor countries (HIPC),1986,47.5759796593442
Heavily indebted poor countries (HIPC),1987,48.2741665320549
Heavily indebted poor countries (HIPC),1988,48.0737409456987
Heavily indebted poor countries (HIPC),1989,49.1659554443801
Heavily indebted poor countries (HIPC),1990,49.2023083217112
Heavily indebted poor countries (HIPC),1991,49.1984592708466
Heavily indebted poor countries (HIPC),1992,49.1708066735544
Heavily indebted poor countries (HIPC),1993,49.7849187311367
Heavily indebted poor countries (HIPC),1994,50.1740156218678
Heavily indebted poor countries (HIPC),1995,50.6652666417194
Heavily indebted poor countries (HIPC),1996,50.7828800876455
Heavily indebted poor countries (HIPC),1997,51.1310379421367
Heavily indebted poor countries (HIPC),1998,50.9367970994044
Heavily indebted poor countries (HIPC),1999,51.8390548270966
Heavily indebted poor countries (HIPC),2000,52.6625081599448
Heavily indebted poor countries (HIPC),2001,53.1300128522497
Heavily indebted poor countries (HIPC),2002,53.6264598838266
Heavily indebted poor countries (HIPC),2003,54.2187702123657
Heavily indebted poor countries (HIPC),2004,54.7233194253866
Heavily indebted poor countries (HIPC),2005,55.3888240751541
Heavily indebted poor countries (HIPC),2006,56.2177608214154
Heavily indebted poor countries (HIPC),2007,56.8733192763476
Heavily indebted poor countries (HIPC),2008,57.4854888623374
Heavily indebted poor countries (HIPC),2009,58.2246745354993
Heavily indebted poor countries (HIPC),2010,58.5667789556697
Heavily indebted poor countries (HIPC),2011,59.4601827306223
Heavily indebted poor countries (HIPC),2012,60.062299650117
Heavily indebted poor countries (HIPC),2013,60.627440516915
Heavily indebted poor countries (HIPC),2014,61.1306119676107
Heavily indebted poor countries (HIPC),2015,61.5946681585434
Heavily indebted poor countries (HIPC),2016,62.1416585294314
Heavily indebted poor countries (HIPC),2017,62.5295170404504
Heavily indebted poor countries (HIPC),2018,62.9271549736672
Heavily indebted poor countries (HIPC),2019,63.3181064572701
Heavily indebted poor countries (HIPC),2020,62.7448243467892
Heavily indebted poor countries (HIPC),2021,62.2852723862781
Heavily indebted poor countries (HIPC),2022,62.8252840639938
Croatia,1960,65.4823658536585
Croatia,1961,66.1803414634146
Croatia,1962,66.4691463414634
Croatia,1963,66.8558048780488
Croatia,1964,67.2923170731707
Croatia,1965,67.8325609756098
Croatia,1966,68.1214390243903
Croatia,1967,68.2989512195122
Croatia,1968,68.3864146341464
Croatia,1969,68.6602926829268
Croatia,1970,68.8126341463415
Croatia,1971,69.1401707317073
Croatia,1972,69.4417804878049
Croatia,1973,69.848487804878
Croatia,1974,70.1436585365854
Croatia,1975,70.0019512195122
Croatia,1976,70.4553658536585
Croatia,1977,70.7443902439024
Croatia,1978,70.5387804878049
Croatia,1979,70.4273170731707
Croatia,1980,70.1753658536586
Croatia,1981,70.3443902439025
Croatia,1982,70.4826829268293
Croatia,1983,70.2748780487805
Croatia,1984,70.2185365853659
Croatia,1985,70.8860975609756
Croatia,1986,71.4190243902439
Croatia,1987,71.470243902439
Croatia,1988,71.4882926829268
Croatia,1989,71.8446341463415
Croatia,1990,72.1704878048781
Croatia,1991,72.1853658536586
Croatia,1992,71.2414634146342
Croatia,1993,71.5224390243903
Croatia,1994,71.803414634146307
Croatia,1995,72.0843902439024
Croatia,1996,72.3653658536585
Croatia,1997,72.4951219512195
Croatia,1998,72.3170731707317
Croatia,1999,72.6419512195122
Croatia,2000,72.8078048780488
Croatia,2001,74.5129268292683
Croatia,2002,74.7173170731707
Croatia,2003,74.6139024390244
Croatia,2004,75.520243902439
Croatia,2005,75.2446341463415
Croatia,2006,75.8368292682927
Croatia,2007,75.7056097560976
Croatia,2008,75.9121951219512
Croatia,2009,76.1682926829268
Croatia,2010,76.4756097560976
Croatia,2011,76.7756097560976
Croatia,2012,76.9243902439024
Croatia,2013,77.1268292682927
Croatia,2014,77.4780487804878
Croatia,2015,77.2756097560976
Croatia,2016,78.0219512195122
Croatia,2017,77.8268292682927
Croatia,2018,78.0707317073171
Croatia,2019,78.4243902439025
Croatia,2020,77.7243902439024
Croatia,2021,76.4243902439025
Croatia,2022,77.5756097560976
Haiti,1960,43.499
Haiti,1961,43.914
Haiti,1962,44.291
Haiti,1963,42.769
Haiti,1964,44.968
Haiti,1965,45.351
Haiti,1966,45.594
Haiti,1967,46.125
Haiti,1968,46.512
Haiti,1969,46.915
Haiti,1970,47.337
Haiti,1971,47.719
Haiti,1972,47.945
Haiti,1973,48.208
Haiti,1974,48.419
Haiti,1975,48.681
Haiti,1976,48.956
Haiti,1977,49.209
Haiti,1978,49.428
Haiti,1979,49.675
Haiti,1980,49.902
Haiti,1981,50.268
Haiti,1982,50.551
Haiti,1983,50.871
Haiti,1984,51.123
Haiti,1985,51.523
Haiti,1986,51.875
Haiti,1987,52.239
Haiti,1988,52.632
Haiti,1989,52.755
Haiti,1990,52.975
Haiti,1991,53.391
Haiti,1992,53.842
Haiti,1993,54.35
Haiti,1994,54.653
Haiti,1995,55.547
Haiti,1996,56.154
Haiti,1997,56.516
Haiti,1998,57.135
Haiti,1999,57.961
Haiti,2000,58.365
Haiti,2001,58.489
Haiti,2002,58.855
Haiti,2003,59.507
Haiti,2004,58.475
Haiti,2005,60.415
Haiti,2006,60.763
Haiti,2007,61.103
Haiti,2008,61.332
Haiti,2009,61.741
Haiti,2010,46.019
Haiti,2011,61.623
Haiti,2012,62.291
Haiti,2013,62.605
Haiti,2014,62.987
Haiti,2015,63.237
Haiti,2016,63.392
Haiti,2017,63.854
Haiti,2018,64.019
Haiti,2019,64.255
Haiti,2020,64.052
Haiti,2021,63.192
Haiti,2022,63.728
Hungary,1960,68.0031707317073
Hungary,1961,68.9360975609756
Hungary,1962,67.8658536585366
Hungary,1963,68.8741463414634
Hungary,1964,69.3809756097561
Hungary,1965,69.0712195121951
Hungary,1966,69.8224390243902
Hungary,1967,69.4070731707317
Hungary,1968,69.230243902439
Hungary,1969,69.3146341463415
Hungary,1970,69.1646341463415
Hungary,1971,69.0524390243903
Hungary,1972,69.6646341463415
Hungary,1973,69.5180487804878
Hungary,1974,69.2480487804878
Hungary,1975,69.29
Hungary,1976,69.5731707317073
Hungary,1977,69.8480487804878
Hungary,1978,69.3939024390244
Hungary,1979,69.6153658536585
Hungary,1980,69.0617073170732
Hungary,1981,69.1392682926829
Hungary,1982,69.3578048780488
Hungary,1983,68.9736585365854
Hungary,1984,69.0258536585366
Hungary,1985,68.9721951219512
Hungary,1986,69.1734146341463
Hungary,1987,69.6512195121951
Hungary,1988,70.0234146341463
Hungary,1989,69.4617073170732
Hungary,1990,69.3156097560976
Hungary,1991,69.3770731707317
Hungary,1992,69.1170731707317
Hungary,1993,69.1012195121951
Hungary,1994,69.469756097561
Hungary,1995,69.7917073170732
Hungary,1996,70.3287804878049
Hungary,1997,70.7024390243902
Hungary,1998,70.5578048780488
Hungary,1999,70.6770731707317
Hungary,2000,71.2463414634146
Hungary,2001,72.2487804878049
Hungary,2002,72.3487804878049
Hungary,2003,72.3
Hungary,2004,72.6487804878049
Hungary,2005,72.6487804878049
Hungary,2006,73.0975609756098
Hungary,2007,73.1512195121951
Hungary,2008,73.7024390243903
Hungary,2009,73.9048780487805
Hungary,2010,74.2073170731707
Hungary,2011,74.8585365853659
Hungary,2012,75.0634146341463
Hungary,2013,75.5658536585366
Hungary,2014,75.7634146341463
Hungary,2015,75.5682926829269
Hungary,2016,76.0634146341464
Hungary,2017,75.8170731707317
Hungary,2018,76.0658536585366
Hungary,2019,76.3195121951219
Hungary,2020,75.5682926829269
Hungary,2021,74.1634146341463
Hungary,2022,76.0170731707317
IBRD only,1960,45.8334004286686
IBRD only,1961,48.685930715553
IBRD only,1962,52.3935950338422
IBRD only,1963,52.8678557633228
IBRD only,1964,53.3906219640452
IBRD only,1965,53.1016843479657
IBRD only,1966,53.7949092826764
IBRD only,1967,54.2840312803585
IBRD only,1968,54.97710140277
IBRD only,1969,55.3875231165327
IBRD only,1970,55.9319599581919
IBRD only,1971,56.5633787010335
IBRD only,1972,57.0171801777579
IBRD only,1973,57.6820265622917
IBRD only,1974,58.2389869770233
IBRD only,1975,58.8392876832622
IBRD only,1976,59.3855817590496
IBRD only,1977,59.9371948882562
IBRD only,1978,60.4127615149359
IBRD only,1979,60.9097616980189
IBRD only,1980,61.341547980248
IBRD only,1981,61.7831276518519
IBRD only,1982,62.2418361469386
IBRD only,1983,62.6909299160222
IBRD only,1984,63.0941084681852
IBRD only,1985,63.510723470197
IBRD only,1986,64.0042780438313
IBRD only,1987,64.3585056983261
IBRD only,1988,64.6588583934115
IBRD only,1989,65.0038062690267
IBRD only,1990,65.208781455962
IBRD only,1991,65.487500322029
IBRD only,1992,65.7839475871695
IBRD only,1993,66.0345036994543
IBRD only,1994,66.3031415796527
IBRD only,1995,66.6418409458444
IBRD only,1996,66.9652870910024
IBRD only,1997,67.3383440927973
IBRD only,1998,67.7029936272925
IBRD only,1999,67.9101937653074
IBRD only,2000,68.2502791379902
IBRD only,2001,68.6621331047934
IBRD only,2002,68.9945036702574
IBRD only,2003,69.2624216367787
IBRD only,2004,69.5055175625777
IBRD only,2005,69.927565657017
IBRD only,2006,70.283515941559
IBRD only,2007,70.5743231709916
IBRD only,2008,70.791984259151
IBRD only,2009,71.1692578468022
IBRD only,2010,71.4530814517595
IBRD only,2011,71.7947531437074
IBRD only,2012,72.1403315280621
IBRD only,2013,72.4884610117172
IBRD only,2014,72.8445830860111
IBRD only,2015,73.1441346044111
IBRD only,2016,73.4114279787187
IBRD only,2017,73.6330516756842
IBRD only,2018,73.9249350552497
IBRD only,2019,74.1205814668351
IBRD only,2020,73.370078932859
IBRD only,2021,72.1262124770037
IBRD only,2022,72.9134905321011
IDA & IBRD total,1960,45.3173966513141
IDA & IBRD total,1961,47.7555189887748
IDA & IBRD total,1962,50.9096201508966
IDA & IBRD total,1963,51.353383109549
IDA & IBRD total,1964,51.8975651141205
IDA & IBRD total,1965,51.6879714894709
IDA & IBRD total,1966,52.341827564866
IDA & IBRD total,1967,52.8155837292637
IDA & IBRD total,1968,53.4723383083539
IDA & IBRD total,1969,53.867556716717
IDA & IBRD total,1970,54.2210385188153
IDA & IBRD total,1971,54.3158947472953
IDA & IBRD total,1972,55.3716001794661
IDA & IBRD total,1973,56.0057281337116
IDA & IBRD total,1974,56.4727642400893
IDA & IBRD total,1975,56.9904316855574
IDA & IBRD total,1976,57.5318536241963
IDA & IBRD total,1977,58.0782841452781
IDA & IBRD total,1978,58.5220356138064
IDA & IBRD total,1979,58.9906862435194
IDA & IBRD total,1980,59.4208271361392
IDA & IBRD total,1981,59.8370255008422
IDA & IBRD total,1982,60.2364350074849
IDA & IBRD total,1983,60.5456965660328
IDA & IBRD total,1984,60.8810383037612
IDA & IBRD total,1985,61.2476248283409
IDA & IBRD total,1986,61.7118437582034
IDA & IBRD total,1987,62.0487030700636
IDA & IBRD total,1988,62.2655028619489
IDA & IBRD total,1989,62.6542525096717
IDA & IBRD total,1990,62.8475334148428
IDA & IBRD total,1991,63.0023216760171
IDA & IBRD total,1992,63.2850444824521
IDA & IBRD total,1993,63.5116620839049
IDA & IBRD total,1994,63.7743856345308
IDA & IBRD total,1995,64.0587811010906
IDA & IBRD total,1996,64.3173920918988
IDA & IBRD total,1997,64.6824055010181
IDA & IBRD total,1998,64.9963087827414
IDA & IBRD total,1999,65.3418641176991
IDA & IBRD total,2000,65.679509019734
IDA & IBRD total,2001,66.0583271496947
IDA & IBRD total,2002,66.3799649353225
IDA & IBRD total,2003,66.6593692327577
IDA & IBRD total,2004,66.8930578945475
IDA & IBRD total,2005,67.2884177951167
IDA & IBRD total,2006,67.6832769215078
IDA & IBRD total,2007,67.9605200122063
IDA & IBRD total,2008,68.1438117771159
IDA & IBRD total,2009,68.5662507374127
IDA & IBRD total,2010,68.8637901369259
IDA & IBRD total,2011,69.2318904595406
IDA & IBRD total,2012,69.5473997032472
IDA & IBRD total,2013,69.8708298542557
IDA & IBRD total,2014,70.1952178707012
IDA & IBRD total,2015,70.4808222385566
IDA & IBRD total,2016,70.7621189743826
IDA & IBRD total,2017,70.9995074332105
IDA & IBRD total,2018,71.2770140066173
IDA & IBRD total,2019,71.481364150254
IDA & IBRD total,2020,70.7793625967098
IDA & IBRD total,2021,69.7475357708765
IDA & IBRD total,2022,70.4671467913885
IDA total,1960,42.8466970456742
IDA total,1961,43.3599356570545
IDA total,1962,43.9500710498892
IDA total,1963,44.2648327893151
IDA total,1964,44.9286721135666
IDA total,1965,45.1121560508242
IDA total,1966,45.602623864389
IDA total,1967,46.0304809528327
IDA total,1968,46.5466572826262
IDA total,1969,46.8969199742797
IDA total,1970,46.3978805990943
IDA total,1971,44.0560955021218
IDA total,1972,47.881032421082
IDA total,1973,48.4146634233736
IDA total,1974,48.5234027436715
IDA total,1975,48.7219315762975
IDA total,1976,49.2960559396713
IDA total,1977,49.877532774358
IDA total,1978,50.2480997194492
IDA total,1979,50.6695171364277
IDA total,1980,51.166751060825
IDA total,1981,51.5421194946498
IDA total,1982,51.7597658319057
IDA total,1983,51.5568982971768
IDA total,1984,51.6865009179453
IDA total,1985,51.9265116043022
IDA total,1986,52.349818428009
IDA total,1987,52.6935379331874
IDA total,1988,52.650813044113
IDA total,1989,53.2950334629323
IDA total,1990,53.5241973767523
IDA total,1991,53.2813314665564
IDA total,1992,53.6168530673763
IDA total,1993,53.8687886884116
IDA total,1994,54.2247372359393
IDA total,1995,54.4214097474696
IDA total,1996,54.5585293193917
IDA total,1997,55.0101059072337
IDA total,1998,55.2546768589897
IDA total,1999,56.2062688929389
IDA total,2000,56.6445132972732
IDA total,2001,57.0198452410406
IDA total,2002,57.4213365513584
IDA total,2003,57.8560992942113
IDA total,2004,58.1698928175895
IDA total,2005,58.5887967162084
IDA total,2006,59.226091469734
IDA total,2007,59.5779453592143
IDA total,2008,59.7661295906033
IDA total,2009,60.4397543502595
IDA total,2010,60.8856976046725
IDA total,2011,61.4347136027582
IDA total,2012,61.748733268164
IDA total,2013,62.074716451452304
IDA total,2014,62.3856544655559
IDA total,2015,62.7157930219261
IDA total,2016,63.127522480407
IDA total,2017,63.5022497521401
IDA total,2018,63.8372725817393
IDA total,2019,64.169862820231
IDA total,2020,63.7101324636448
IDA total,2021,63.3618186626048
IDA total,2022,64.0074332547117
IDA blend,1960,43.1475245507474
IDA blend,1961,43.7513476950702
IDA blend,1962,44.5525997028807
IDA blend,1963,45.2388408032255
IDA blend,1964,45.838957638757
IDA blend,1965,46.402280733009
IDA blend,1966,47.113698099704
IDA blend,1967,47.2198588798385
IDA blend,1968,48.0790234743281
IDA blend,1969,48.6443334241874
IDA blend,1970,49.519705651522
IDA blend,1971,48.2506051148297
IDA blend,1972,50.5459749366891
IDA blend,1973,51.0008719342054
IDA blend,1974,51.3282791232086
IDA blend,1975,51.8185898308001
IDA blend,1976,52.3078190218903
IDA blend,1977,52.6790362048644
IDA blend,1978,53.0415687832168
IDA blend,1979,53.3818979498165
IDA blend,1980,53.8744977499914
IDA blend,1981,54.3952235214417
IDA blend,1982,54.6149155013513
IDA blend,1983,54.9570322413777
IDA blend,1984,55.1611874432351
IDA blend,1985,55.1635060070609
IDA blend,1986,55.1325863293489
IDA blend,1987,55.0400874853927
IDA blend,1988,55.1575420060049
IDA blend,1989,55.2755127541609
IDA blend,1990,55.350565287451
IDA blend,1991,55.2022432862554
IDA blend,1992,55.015677521929
IDA blend,1993,54.8229656597793
IDA blend,1994,54.6826787720315
IDA blend,1995,54.4384638044215
IDA blend,1996,54.5774663048949
IDA blend,1997,54.6270904970049
IDA blend,1998,54.8718919621609
IDA blend,1999,55.2983315418446
IDA blend,2000,55.7083604071395
IDA blend,2001,55.9440608929352
IDA blend,2002,56.2885019243715
IDA blend,2003,56.6067392655321
IDA blend,2004,56.9323638427179
IDA blend,2005,56.9755628326782
IDA blend,2006,57.7790629423361
IDA blend,2007,58.0368741385683
IDA blend,2008,58.3351952127974
IDA blend,2009,58.6751553292635
IDA blend,2010,59.0177689602299
IDA blend,2011,59.3980039125471
IDA blend,2012,59.5944621582484
IDA blend,2013,59.9064934397451
IDA blend,2014,60.0777522224836
IDA blend,2015,60.3157922471837
IDA blend,2016,60.5245602631319
IDA blend,2017,60.8446699300444
IDA blend,2018,61.0543393432782
IDA blend,2019,61.3192585699951
IDA blend,2020,61.0047440710329
IDA blend,2021,60.6823888070765
IDA blend,2022,61.2894334441231
Indonesia,1960,46.452
Indonesia,1961,47.117
Indonesia,1962,47.871
Indonesia,1963,48.429
Indonesia,1964,49.232
Indonesia,1965,42.599
Indonesia,1966,48.2
Indonesia,1967,51.066
Indonesia,1968,51.63
Indonesia,1969,52.354
Indonesia,1970,52.992
Indonesia,1971,53.576
Indonesia,1972,54.242
Indonesia,1973,54.85
Indonesia,1974,55.429
Indonesia,1975,55.968
Indonesia,1976,56.514
Indonesia,1977,57.081
Indonesia,1978,57.565
Indonesia,1979,58.153
Indonesia,1980,58.754
Indonesia,1981,59.138
Indonesia,1982,59.757
Indonesia,1983,60.273
Indonesia,1984,60.728
Indonesia,1985,61.307
Indonesia,1986,61.722
Indonesia,1987,61.973
Indonesia,1988,62.211
Indonesia,1989,62.696
Indonesia,1990,63.181
Indonesia,1991,63.537
Indonesia,1992,64.126
Indonesia,1993,64.598
Indonesia,1994,64.856
Indonesia,1995,65.237
Indonesia,1996,65.355
Indonesia,1997,65.733
Indonesia,1998,65.962
Indonesia,1999,66.221
Indonesia,2000,66.433
Indonesia,2001,66.758
Indonesia,2002,67.134
Indonesia,2003,67.413
Indonesia,2004,65.75
Indonesia,2005,67.649
Indonesia,2006,67.914
Indonesia,2007,68.189
Indonesia,2008,68.226
Indonesia,2009,68.494
Indonesia,2010,68.679
Indonesia,2011,68.823
Indonesia,2012,68.973
Indonesia,2013,69.264
Indonesia,2014,69.533
Indonesia,2015,69.699
Indonesia,2016,69.798
Indonesia,2017,69.936
Indonesia,2018,70.338
Indonesia,2019,70.518
Indonesia,2020,68.808
Indonesia,2021,67.57
Indonesia,2022,68.25
IDA only,1960,42.7143984959142
IDA only,1961,43.1877419623862
IDA only,1962,43.6848704506251
IDA only,1963,43.8357827568984
IDA only,1964,44.5273919858862
IDA only,1965,44.543029525583
IDA only,1966,44.935523860706
IDA only,1967,45.505200286815104
IDA only,1968,45.8697435732412
IDA only,1969,46.1245019273428
IDA only,1970,45.0158033675931
IDA only,1971,42.1939252755709
IDA only,1972,46.6948177704204
IDA only,1973,47.2619180582696
IDA only,1974,47.2709756450606
IDA only,1975,47.334275419927
IDA only,1976,47.9398704053101
IDA only,1977,48.6085495126827
IDA only,1978,48.9762085877464
IDA only,1979,49.4280416700574
IDA only,1980,49.9128072060609
IDA only,1981,50.2030626493223
IDA only,1982,50.4093965833396
IDA only,1983,49.9429718572744
IDA only,1984,50.0323605063926
IDA only,1985,50.3785192702061
IDA only,1986,51.0120425535026
IDA only,1987,51.5596026282635
IDA only,1988,51.4329794064241
IDA only,1989,52.3281133563898
IDA only,1990,52.6275448583005
IDA only,1991,52.3332912875056
IDA only,1992,52.9253965789653
IDA only,1993,53.3974449516571
IDA only,1994,53.9985576244361
IDA only,1995,54.4129829483926
IDA only,1996,54.5491642127648
IDA only,1997,55.1997058646538
IDA only,1998,55.4443775440239
IDA only,1999,56.6567272715778
IDA only,2000,57.110052986906
IDA only,2001,57.5564754481211
IDA only,2002,57.98698600571
IDA only,2003,58.4803898064699
IDA only,2004,58.7895542539058
IDA only,2005,59.3980614456779
IDA only,2006,59.9530372196869
IDA only,2007,60.3544410367851
IDA only,2008,60.4898718387942
IDA only,2009,61.3355135433512
IDA only,2010,61.8371593327303
IDA only,2011,62.4744060083646
IDA only,2012,62.8492847269997
IDA only,2013,63.1833326979232
IDA only,2014,63.5651601961005
IDA only,2015,63.9403931369836
IDA only,2016,64.451574764543
IDA only,2017,64.8497498378811
IDA only,2018,65.2439035778193
IDA only,2019,65.6053727445142
IDA only,2020,65.0678265740479
IDA only,2021,64.702887987557
IDA only,2022,65.3642224172282
Isle of Man,1960,64.409
Isle of Man,1961,63.629
Isle of Man,1962,64.293
Isle of Man,1963,63.522
Isle of Man,1964,64.838
Isle of Man,1965,64.978
Isle of Man,1966,65.273
Isle of Man,1967,65.968
Isle of Man,1968,65.625
Isle of Man,1969,65.193
Isle of Man,1970,65.684
Isle of Man,1971,65.956
Isle of Man,1972,65.371
Isle of Man,1973,66.555
Isle of Man,1974,65.989
Isle of Man,1975,66.918
Isle of Man,1976,67.162
Isle of Man,1977,67.281
Isle of Man,1978,67.511
Isle of Man,1979,67.882
Isle of Man,1980,68.304
Isle of Man,1981,69.079
Isle of Man,1982,69.1
Isle of Man,1983,69.716
Isle of Man,1984,69.88
Isle of Man,1985,69.48
Isle of Man,1986,70.292
Isle of Man,1987,70.678
Isle of Man,1988,71.239
Isle of Man,1989,70.924
Isle of Man,1990,71.959
Isle of Man,1991,72.151
Isle of Man,1992,73.078
Isle of Man,1993,72.31
Isle of Man,1994,73.339
Isle of Man,1995,73.264
Isle of Man,1996,73.756
Isle of Man,1997,73.691
Isle of Man,1998,74.603
Isle of Man,1999,73.666
Isle of Man,2000,74.725
Isle of Man,2001,75.51
Isle of Man,2002,75.42
Isle of Man,2003,76.096
Isle of Man,2004,76.966
Isle of Man,2005,77.623
Isle of Man,2006,78.191
Isle of Man,2007,78.331
Isle of Man,2008,78.449
Isle of Man,2009,78.681
Isle of Man,2010,78.983
Isle of Man,2011,79.19
Isle of Man,2012,79.337
Isle of Man,2013,79.473
Isle of Man,2014,80.037
Isle of Man,2015,78.905
Isle of Man,2016,80.314
Isle of Man,2017,80.457
Isle of Man,2018,80.596
Isle of Man,2019,80.737
Isle of Man,2020,80.588
Isle of Man,2021,80.525
Isle of Man,2022,80.762
India,1960,45.218
India,1961,45.398
India,1962,45.659
India,1963,45.936
India,1964,46.184
India,1965,44.98
India,1966,45.333
India,1967,45.674
India,1968,47.471
India,1969,47.857
India,1970,48.241
India,1971,48.632
India,1972,49.025
India,1973,49.539
India,1974,50.244
India,1975,50.812
India,1976,51.388
India,1977,51.909
India,1978,52.492
India,1979,53.06
India,1980,53.611
India,1981,54.175
India,1982,54.732
India,1983,55.281
India,1984,55.816
India,1985,56.334
India,1986,56.835
India,1987,57.315
India,1988,57.777
India,1989,58.233
India,1990,58.652
India,1991,59.055
India,1992,59.452
India,1993,59.815
India,1994,60.216
India,1995,60.596
India,1996,60.984
India,1997,61.388
India,1998,61.792
India,1999,62.207
India,2000,62.669
India,2001,63.091
India,2002,63.616
India,2003,64.094
India,2004,64.524
India,2005,64.996
India,2006,65.412
India,2007,65.788
India,2008,66.149
India,2009,66.513
India,2010,66.909
India,2011,67.359
India,2012,67.887
India,2013,68.46
India,2014,69.074
India,2015,69.636
India,2016,70.117
India,2017,70.467
India,2018,70.71
India,2019,70.91
India,2020,70.15
India,2021,67.24
India,2022,67.744
Ireland,1960,70.1942682926829
Ireland,1961,69.6782926829268
Ireland,1962,69.9910487804878
Ireland,1963,70.2300975609756
Ireland,1964,70.4899268292683
Ireland,1965,70.695
Ireland,1966,70.2169512195122
Ireland,1967,71.2453658536585
Ireland,1968,70.941
Ireland,1969,70.8528292682927
Ireland,1970,70.9015609756098
Ireland,1971,71.6758536585366
Ireland,1972,71.021756097561
Ireland,1973,71.2399756097561
Ireland,1974,71.1755609756098
Ireland,1975,71.7530487804878
Ireland,1976,71.8566097560976
Ireland,1977,71.9973902439024
Ireland,1978,71.9963170731707
Ireland,1979,72.2680243902439
Ireland,1980,72.5954146341464
Ireland,1981,72.9517804878049
Ireland,1982,73.2090487804878
Ireland,1983,73.2400975609756
Ireland,1984,73.6637317073171
Ireland,1985,73.6219024390244
Ireland,1986,73.6655365853659
Ireland,1987,74.4323902439024
Ireland,1988,74.4394146341463
Ireland,1989,74.4552195121951
Ireland,1990,74.8460731707317
Ireland,1991,75.025
Ireland,1992,75.4150975609756
Ireland,1993,75.2921951219512
Ireland,1994,75.7871219512195
Ireland,1995,75.4698048780488
Ireland,1996,75.8317073170732
Ireland,1997,75.9853658536585
Ireland,1998,76.1804878048781
Ireland,1999,76.0829268292683
Ireland,2000,76.5365853658537
Ireland,2001,77.1341463414634
Ireland,2002,77.6341463414634
Ireland,2003,78.1390243902439
Ireland,2004,78.5390243902439
Ireland,2005,78.9439024390244
Ireland,2006,79.2414634146342
Ireland,2007,79.6414634146341
Ireland,2008,80.0951219512195
Ireland,2009,80.190243902439
Ireland,2010,80.7439024390244
Ireland,2011,80.7463414634146
Ireland,2012,80.8463414634146
Ireland,2013,80.9487804878049
Ireland,2014,81.3487804878049
Ireland,2015,81.4536585365854
Ireland,2016,81.6536585365854
Ireland,2017,82.1560975609756
Ireland,2018,82.2048780487805
Ireland,2019,82.7024390243903
Ireland,2020,82.5560975609756
Ireland,2021,82.3536585365854
Ireland,2022,83.0560975609756
"Iran, Islamic Rep.",1960,43.957
"Iran, Islamic Rep.",1961,44.55
"Iran, Islamic Rep.",1962,44.269
"Iran, Islamic Rep.",1963,45.619
"Iran, Islamic Rep.",1964,46.196
"Iran, Islamic Rep.",1965,46.744
"Iran, Islamic Rep.",1966,47.421
"Iran, Islamic Rep.",1967,48.034
"Iran, Islamic Rep.",1968,48.136
"Iran, Islamic Rep.",1969,49.438
"Iran, Islamic Rep.",1970,50.204
"Iran, Islamic Rep.",1971,51.124
"Iran, Islamic Rep.",1972,51.659
"Iran, Islamic Rep.",1973,52.946
"Iran, Islamic Rep.",1974,53.854
"Iran, Islamic Rep.",1975,54.761
"Iran, Islamic Rep.",1976,55.7
"Iran, Islamic Rep.",1977,56.577
"Iran, Islamic Rep.",1978,55.926
"Iran, Islamic Rep.",1979,58.55
"Iran, Islamic Rep.",1980,58.537
"Iran, Islamic Rep.",1981,56.715
"Iran, Islamic Rep.",1982,57.734
"Iran, Islamic Rep.",1983,58.748
"Iran, Islamic Rep.",1984,61.22
"Iran, Islamic Rep.",1985,61.893
"Iran, Islamic Rep.",1986,62.487
"Iran, Islamic Rep.",1987,62.823
"Iran, Islamic Rep.",1988,63.446
"Iran, Islamic Rep.",1989,65.718
"Iran, Islamic Rep.",1990,64.367
"Iran, Islamic Rep.",1991,66.459
"Iran, Islamic Rep.",1992,66.776
"Iran, Islamic Rep.",1993,67.139
"Iran, Islamic Rep.",1994,67.468
"Iran, Islamic Rep.",1995,67.785
"Iran, Islamic Rep.",1996,68.07
"Iran, Islamic Rep.",1997,68.359
"Iran, Islamic Rep.",1998,68.73
"Iran, Islamic Rep.",1999,69.297
"Iran, Islamic Rep.",2000,69.691
"Iran, Islamic Rep.",2001,69.955
"Iran, Islamic Rep.",2002,70.445
"Iran, Islamic Rep.",2003,69.823
"Iran, Islamic Rep.",2004,71.37
"Iran, Islamic Rep.",2005,71.838
"Iran, Islamic Rep.",2006,72.276
"Iran, Islamic Rep.",2007,72.772
"Iran, Islamic Rep.",2008,72.624
"Iran, Islamic Rep.",2009,72.698
"Iran, Islamic Rep.",2010,73.069
"Iran, Islamic Rep.",2011,73.679
"Iran, Islamic Rep.",2012,74.186
"Iran, Islamic Rep.",2013,74.449
"Iran, Islamic Rep.",2014,74.782
"Iran, Islamic Rep.",2015,75.124
"Iran, Islamic Rep.",2016,75.6
"Iran, Islamic Rep.",2017,75.971
"Iran, Islamic Rep.",2018,76.195
"Iran, Islamic Rep.",2019,76.103
"Iran, Islamic Rep.",2020,74.832
"Iran, Islamic Rep.",2021,73.875
"Iran, Islamic Rep.",2022,74.556
Iraq,1960,52.618
Iraq,1961,53.411
Iraq,1962,54.326
Iraq,1963,54.948
Iraq,1964,55.633
Iraq,1965,56.616
Iraq,1966,57.348
Iraq,1967,58.37
Iraq,1968,58.781
Iraq,1969,59.32
Iraq,1970,60.186
Iraq,1971,60.909
Iraq,1972,61.388
Iraq,1973,62.03
Iraq,1974,60.898
Iraq,1975,61.464
Iraq,1976,63.715
Iraq,1977,64.228
Iraq,1978,64.401
Iraq,1979,64.791
Iraq,1980,61.5
Iraq,1981,59.331
Iraq,1982,59.733
Iraq,1983,60.061
Iraq,1984,60.219
Iraq,1985,60.68
Iraq,1986,60.874
Iraq,1987,61.176
Iraq,1988,57.466
Iraq,1989,58.235
Iraq,1990,58.435
Iraq,1991,62.519
Iraq,1992,66.708
Iraq,1993,66.897
Iraq,1994,66.744
Iraq,1995,66.464
Iraq,1996,66.391
Iraq,1997,65.837
Iraq,1998,65.486
Iraq,1999,66.182
Iraq,2000,66.817
Iraq,2001,67.034
Iraq,2002,67.084
Iraq,2003,65.643
Iraq,2004,65.031
Iraq,2005,64.844
Iraq,2006,63.587
Iraq,2007,63.553
Iraq,2008,64.942
Iraq,2009,66.446
Iraq,2010,67.062
Iraq,2011,67.659
Iraq,2012,68.023
Iraq,2013,68.253
Iraq,2014,68.914
Iraq,2015,69.44
Iraq,2016,68.988
Iraq,2017,70.413
Iraq,2018,71.514
Iraq,2019,71.576
Iraq,2020,69.123
Iraq,2021,70.378
Iraq,2022,71.336
Iceland,1960,73.7620487804878
Iceland,1961,73.5034146341464
Iceland,1962,73.7219512195122
Iceland,1963,73.0429268292683
Iceland,1964,73.5417073170732
Iceland,1965,73.8687804878049
Iceland,1966,73.3004878048781
Iceland,1967,73.7831707317073
Iceland,1968,74.0058536585366
Iceland,1969,73.7763414634147
Iceland,1970,73.9339024390244
Iceland,1971,73.5704878048781
Iceland,1972,74.4558536585366
Iceland,1973,74.4509756097561
Iceland,1974,74.5117073170732
Iceland,1975,75.5787804878049
Iceland,1976,76.9721951219512
Iceland,1977,76.3736585365854
Iceland,1978,76.6492682926829
Iceland,1979,76.7731707317073
Iceland,1980,76.8465853658537
Iceland,1981,76.5214634146341
Iceland,1982,77.0378048780488
Iceland,1983,76.8456097560976
Iceland,1984,77.5765853658537
Iceland,1985,77.6024390243903
Iceland,1986,77.9907317073171
Iceland,1987,77.3390243902439
Iceland,1988,77.0829268292683
Iceland,1989,78.1409756097561
Iceland,1990,78.0363414634146
Iceland,1991,77.9919512195122
Iceland,1992,78.760243902439
Iceland,1993,78.9346341463415
Iceland,1994,79.2470731707317
Iceland,1995,77.9843902439024
Iceland,1996,78.7778048780488
Iceland,1997,78.8853658536585
Iceland,1998,79.6024390243903
Iceland,1999,79.3512195121951
Iceland,2000,79.6536585365854
Iceland,2001,80.690243902439
Iceland,2002,80.5024390243903
Iceland,2003,80.9634146341464
Iceland,2004,80.9975609756098
Iceland,2005,81.5024390243902
Iceland,2006,81.1585365853659
Iceland,2007,81.4536585365854
Iceland,2008,81.609756097561
Iceland,2009,81.7512195121951
Iceland,2010,81.8975609756097
Iceland,2011,82.3585365853659
Iceland,2012,82.9170731707317
Iceland,2013,82.0609756097561
Iceland,2014,82.8609756097561
Iceland,2015,82.4682926829268
Iceland,2016,82.2048780487805
Iceland,2017,82.6609756097561
Iceland,2018,82.8609756097561
Iceland,2019,83.1634146341463
Iceland,2020,83.0634146341463
Iceland,2021,83.1658536585366
Iceland,2022,82.1707317073171
Israel,1961,72.0065853658537
Israel,1962,72.1121951219512
Israel,1966,72.2856097560976
Israel,1967,71.509756097561
Israel,1968,71.0565853658537
Israel,1969,70.9704878048781
Israel,1970,71.2134146341463
Israel,1971,71.7190243902439
Israel,1972,71.0780487804878
Israel,1973,71.6934146341464
Israel,1974,71.6617073170732
Israel,1975,72.0451219512195
Israel,1976,72.9560975609756
Israel,1977,72.9585365853659
Israel,1978,73.2073170731707
Israel,1979,73.5073170731707
Israel,1980,73.8756097560976
Israel,1981,74.2609756097561
Israel,1982,74.109756097561
Israel,1983,74.4585365853658
Israel,1984,74.8073170731707
Israel,1985,75.2073170731707
Israel,1986,74.9560975609756
Israel,1987,75.2585365853659
Israel,1988,74.4365853658537
Israel,1989,76.3073170731707
Israel,1990,76.6073170731707
Israel,1991,76.7585365853659
Israel,1992,76.5048780487805
Israel,1993,77.1536585365854
Israel,1994,77.4024390243903
Israel,1995,77.4512195121951
Israel,1996,78.1048780487805
Israel,1997,78
Israel,1998,78.1487804878049
Israel,1999,78.6585365853659
Israel,2000,78.9536585365854
Israel,2001,79.4073170731707
Israel,2002,79.4512195121951
Israel,2003,79.6487804878049
Israel,2004,80.1463414634146
Israel,2005,80.1512195121951
Israel,2006,80.5536585365854
Israel,2007,80.5048780487805
Israel,2008,80.9512195121951
Israel,2009,81.4048780487805
Israel,2010,81.6024390243903
Israel,2011,81.6560975609756
Israel,2012,81.7048780487805
Israel,2013,82.0560975609756
Israel,2014,82.1536585365854
Israel,2015,82.0512195121951
Israel,2016,82.4073170731707
Israel,2017,82.5512195121951
Israel,2018,82.8024390243903
Israel,2019,82.8048780487805
Israel,2020,82.6487804878049
Israel,2021,82.5
Israel,2022,82.7
Italy,1960,69.1239024390244
Italy,1961,69.760243902439
Italy,1962,69.149756097561
Italy,1963,69.2480487804878
Italy,1964,70.3117073170732
Italy,1965,70.1717073170732
Italy,1966,70.9260975609756
Italy,1967,70.9565853658537
Italy,1968,70.78
Italy,1969,70.8119512195122
Italy,1970,71.5587804878049
Italy,1971,71.8068292682927
Italy,1972,72.0753658536586
Italy,1973,72.0263414634146
Italy,1974,72.7343902439025
Italy,1975,72.6473170731708
Italy,1976,72.9919512195122
Italy,1977,73.3646341463415
Italy,1978,73.6931707317073
Italy,1979,74.0026829268293
Italy,1980,73.9431707317073
Italy,1981,74.3539024390244
Italy,1982,74.8146341463415
Italy,1983,74.640243902439
Italy,1984,75.389512195122
Italy,1985,75.4707317073171
Italy,1986,75.7707317073171
Italy,1987,76.219512195122
Italy,1988,76.3707317073171
Italy,1989,76.819512195122
Italy,1990,76.9707317073171
Italy,1991,77.0195121951219
Italy,1992,77.419512195122
Italy,1993,77.7219512195122
Italy,1994,77.9219512195122
Italy,1995,78.1707317073171
Italy,1996,78.5219512195122
Italy,1997,78.8243902439024
Italy,1998,78.9756097560976
Italy,1999,79.4243902439024
Italy,2000,79.7780487804878
Italy,2001,80.1268292682927
Italy,2002,80.2292682926829
Italy,2003,79.9829268292683
Italy,2004,80.7804878048781
Italy,2005,80.7829268292683
Italy,2006,81.2829268292683
Italy,2007,81.4341463414634
Italy,2008,81.4853658536585
Italy,2009,81.6365853658537
Italy,2010,82.0365853658537
Italy,2011,82.1878048780488
Italy,2012,82.2390243902439
Italy,2013,82.690243902439
Italy,2014,83.090243902439
Italy,2015,82.5439024390244
Italy,2016,83.2439024390244
Italy,2017,82.9463414634147
Italy,2018,83.3463414634146
Italy,2019,83.4975609756098
Italy,2020,82.1951219512195
Italy,2021,82.6463414634146
Italy,2022,82.9
Jamaica,1960,64.042
Jamaica,1961,64.394
Jamaica,1962,64.491
Jamaica,1963,65.27
Jamaica,1964,65.622
Jamaica,1965,65.972
Jamaica,1966,66.355
Jamaica,1967,66.442
Jamaica,1968,66.265
Jamaica,1969,66.381
Jamaica,1970,66.702
Jamaica,1971,66.795
Jamaica,1972,67.102
Jamaica,1973,67.551
Jamaica,1974,67.838
Jamaica,1975,68.048
Jamaica,1976,68.425
Jamaica,1977,68.534
Jamaica,1978,68.755
Jamaica,1979,69.048
Jamaica,1980,69.435
Jamaica,1981,69.859
Jamaica,1982,70.244
Jamaica,1983,70.16
Jamaica,1984,70.272
Jamaica,1985,70.52
Jamaica,1986,70.732
Jamaica,1987,71.273
Jamaica,1988,71.541
Jamaica,1989,72.157
Jamaica,1990,72.304
Jamaica,1991,72.186
Jamaica,1992,72.189
Jamaica,1993,71.921
Jamaica,1994,71.739
Jamaica,1995,71.549
Jamaica,1996,71.488
Jamaica,1997,71.207
Jamaica,1998,70.99
Jamaica,1999,70.968
Jamaica,2000,70.944
Jamaica,2001,70.758
Jamaica,2002,70.888
Jamaica,2003,70.806
Jamaica,2004,70.86
Jamaica,2005,71.044
Jamaica,2006,71.199
Jamaica,2007,71.418
Jamaica,2008,71.612
Jamaica,2009,72.124
Jamaica,2010,72.622
Jamaica,2011,73.094
Jamaica,2012,73.433
Jamaica,2013,73.412
Jamaica,2014,72.982
Jamaica,2015,72.394
Jamaica,2016,72.02
Jamaica,2017,71.911
Jamaica,2018,71.793
Jamaica,2019,71.767
Jamaica,2020,71.869
Jamaica,2021,70.5
Jamaica,2022,70.629
Jordan,1960,52.617
Jordan,1961,53.671
Jordan,1962,54.658
Jordan,1963,55.575
Jordan,1964,56.559
Jordan,1965,57.415
Jordan,1966,57.869
Jordan,1967,59.01
Jordan,1968,59.752
Jordan,1969,60.444
Jordan,1970,59.87
Jordan,1971,61.612
Jordan,1972,62.349
Jordan,1973,62.908
Jordan,1974,63.434
Jordan,1975,63.961
Jordan,1976,64.49
Jordan,1977,64.981
Jordan,1978,65.436
Jordan,1979,65.851
Jordan,1980,66.259
Jordan,1981,66.714
Jordan,1982,67.154
Jordan,1983,67.555
Jordan,1984,67.925
Jordan,1985,68.26
Jordan,1986,68.567
Jordan,1987,68.884
Jordan,1988,69.252
Jordan,1989,69.57
Jordan,1990,69.854
Jordan,1991,70.093
Jordan,1992,70.316
Jordan,1993,70.518
Jordan,1994,70.699
Jordan,1995,70.87
Jordan,1996,71.064
Jordan,1997,71.272
Jordan,1998,71.474
Jordan,1999,71.694
Jordan,2000,71.918
Jordan,2001,72.147
Jordan,2002,72.359
Jordan,2003,72.573
Jordan,2004,72.772
Jordan,2005,72.932
Jordan,2006,73.145
Jordan,2007,73.373
Jordan,2008,73.591
Jordan,2009,73.801
Jordan,2010,74
Jordan,2011,74.189
Jordan,2012,74.366
Jordan,2013,74.562
Jordan,2014,74.789
Jordan,2015,75.011
Jordan,2016,75.215
Jordan,2017,75.502
Jordan,2018,75.774
Jordan,2019,76.044
Jordan,2020,75.184
Jordan,2021,74.256
Jordan,2022,74.215
Japan,1960,67.6956097560976
Japan,1961,68.3519512195122
Japan,1962,68.6348780487805
Japan,1963,69.7124390243902
Japan,1964,70.2065853658537
Japan,1965,70.2668292682927
Japan,1966,70.9158536585366
Japan,1967,71.4660975609756
Japan,1968,71.6109756097561
Japan,1969,71.8580487804878
Japan,1970,71.919756097561
Japan,1971,72.8090243902439
Japan,1972,73.1536585365854
Japan,1973,73.2951219512195
Japan,1974,73.6721951219512
Japan,1975,74.2470731707317
Japan,1976,74.6865853658537
Japan,1977,75.2558536585366
Japan,1978,75.5846341463415
Japan,1979,76.1087804878049
Japan,1980,75.9890243902439
Japan,1981,76.3948780487805
Japan,1982,76.8736585365854
Japan,1983,76.9219512195122
Japan,1984,77.2912195121951
Japan,1985,77.5604878048781
Japan,1986,78.0104878048781
Japan,1987,78.429512195122
Japan,1988,78.349756097561
Japan,1989,78.7685365853659
Japan,1990,78.8370731707317
Japan,1991,79.0368292682927
Japan,1992,79.080243902439
Japan,1993,79.3036585365854
Japan,1994,79.6968292682927
Japan,1995,79.5360975609756
Japan,1996,80.219756097561
Japan,1997,80.4241463414634
Japan,1998,80.5014634146342
Japan,1999,80.4609756097561
Japan,2000,81.0760975609756
Japan,2001,81.4163414634146
Japan,2002,81.6907317073171
Japan,2003,81.76
Japan,2004,82.030243902439
Japan,2005,81.9551219512195
Japan,2006,82.3219512195122
Japan,2007,82.5070731707317
Japan,2008,82.5875609756098
Japan,2009,82.9314634146342
Japan,2010,82.8426829268293
Japan,2011,82.5912195121951
Japan,2012,83.0960975609756
Japan,2013,83.3319512195122
Japan,2014,83.5878048780488
Japan,2015,83.7939024390244
Japan,2016,83.9848780487805
Japan,2017,84.099756097561
Japan,2018,84.2109756097561
Japan,2019,84.3563414634146
Japan,2020,84.56
Japan,2021,84.4456097560976
Japan,2022,83.9963414634146
Kazakhstan,1960,58.370512195122
Kazakhstan,1961,58.5030731707317
Kazakhstan,1962,58.621756097561
Kazakhstan,1963,58.944512195122
Kazakhstan,1964,59.1574878048781
Kazakhstan,1965,59.4616829268293
Kazakhstan,1966,59.6992195121951
Kazakhstan,1967,59.8734146341464
Kazakhstan,1968,59.9983658536585
Kazakhstan,1969,60.1911707317073
Kazakhstan,1970,60.4229756097561
Kazakhstan,1971,60.6475609756098
Kazakhstan,1972,60.9949512195122
Kazakhstan,1973,61.2773902439024
Kazakhstan,1974,61.5249756097561
Kazakhstan,1975,61.7906097560976
Kazakhstan,1976,61.6403414634146
Kazakhstan,1977,61.853
Kazakhstan,1978,62.0656097560976
Kazakhstan,1979,62.2545853658537
Kazakhstan,1980,66.6243902439025
Kazakhstan,1981,66.7060975609756
Kazakhstan,1982,66.7878048780488
Kazakhstan,1983,67.6621951219512
Kazakhstan,1984,68.5365853658537
Kazakhstan,1985,68.5365853658537
Kazakhstan,1986,68.9134146341463
Kazakhstan,1987,69.290243902439
Kazakhstan,1988,68.8487804878049
Kazakhstan,1989,68.290243902439
Kazakhstan,1990,68.3365853658537
Kazakhstan,1991,67.6
Kazakhstan,1992,67.4
Kazakhstan,1993,65.4
Kazakhstan,1994,64.9
Kazakhstan,1995,63.5
Kazakhstan,1996,63.6
Kazakhstan,1997,64
Kazakhstan,1998,64.5
Kazakhstan,1999,65.63
Kazakhstan,2000,65.45
Kazakhstan,2001,65.76
Kazakhstan,2002,65.95
Kazakhstan,2003,65.74
Kazakhstan,2004,66.06
Kazakhstan,2005,65.86
Kazakhstan,2006,66.15
Kazakhstan,2007,66.34
Kazakhstan,2008,67.11
Kazakhstan,2009,68.39
Kazakhstan,2010,68.45
Kazakhstan,2011,68.69
Kazakhstan,2012,69.52
Kazakhstan,2013,70.62
Kazakhstan,2014,71.44
Kazakhstan,2015,71.97
Kazakhstan,2016,72.41
Kazakhstan,2017,72.95
Kazakhstan,2018,73.15
Kazakhstan,2019,73.18
Kazakhstan,2020,71.37
Kazakhstan,2021,70.23
Kazakhstan,2022,74.44
Kenya,1960,48.68
Kenya,1961,49.533
Kenya,1962,50.224
Kenya,1963,50.808
Kenya,1964,51.328
Kenya,1965,51.7
Kenya,1966,52.097
Kenya,1967,52.455
Kenya,1968,52.781
Kenya,1969,53.169
Kenya,1970,53.575
Kenya,1971,54.258
Kenya,1972,55.012
Kenya,1973,55.677
Kenya,1974,55.634
Kenya,1975,55.826
Kenya,1976,55.895
Kenya,1977,56.486
Kenya,1978,56.944
Kenya,1979,57.722
Kenya,1980,58.501
Kenya,1981,61.165
Kenya,1982,60.953
Kenya,1983,61.012
Kenya,1984,60.804
Kenya,1985,60.58
Kenya,1986,60.216
Kenya,1987,60.044
Kenya,1988,59.539
Kenya,1989,59.04
Kenya,1990,58.614
Kenya,1991,58.005
Kenya,1992,57.259
Kenya,1993,56.617
Kenya,1994,56.273
Kenya,1995,55.617
Kenya,1996,55.161
Kenya,1997,54.816
Kenya,1998,54.526
Kenya,1999,54.495
Kenya,2000,54.411
Kenya,2001,54.508
Kenya,2002,54.99
Kenya,2003,55.601
Kenya,2004,56.361
Kenya,2005,57.344
Kenya,2006,58.222
Kenya,2007,58.865
Kenya,2008,59.614
Kenya,2009,60.365
Kenya,2010,60.649
Kenya,2011,61.046
Kenya,2012,61.115
Kenya,2013,61.389
Kenya,2014,61.816
Kenya,2015,61.892
Kenya,2016,62.163
Kenya,2017,62.481
Kenya,2018,62.676
Kenya,2019,62.943
Kenya,2020,62.675
Kenya,2021,61.427
Kenya,2022,62.055
Kyrgyz Republic,1960,55.0830243902439
Kyrgyz Republic,1961,55.3209512195122
Kyrgyz Republic,1962,55.6489268292683
Kyrgyz Republic,1963,55.9769512195122
Kyrgyz Republic,1964,56.1803414634146
Kyrgyz Republic,1965,56.4094878048781
Kyrgyz Republic,1966,56.8101463414634
Kyrgyz Republic,1967,57.0343170731707
Kyrgyz Republic,1968,57.3574634146341
Kyrgyz Republic,1969,57.6715365853659
Kyrgyz Republic,1970,58.0053170731707
Kyrgyz Republic,1971,58.3039268292683
Kyrgyz Republic,1972,58.614756097561
Kyrgyz Republic,1973,58.9906829268293
Kyrgyz Republic,1974,59.3270487804878
Kyrgyz Republic,1975,59.461756097561
Kyrgyz Republic,1976,59.6655853658537
Kyrgyz Republic,1977,60.039756097561
Kyrgyz Republic,1978,60.3756097560976
Kyrgyz Republic,1979,60.7950243902439
Kyrgyz Republic,1980,61.0814634146342
Kyrgyz Republic,1981,61.3491951219512
Kyrgyz Republic,1982,61.6744390243903
Kyrgyz Republic,1983,62.1770731707317
Kyrgyz Republic,1984,62.4211951219512
Kyrgyz Republic,1985,63.019512195122
Kyrgyz Republic,1986,63.3304146341463
Kyrgyz Republic,1987,63.6604390243902
Kyrgyz Republic,1988,63.9173902439024
Kyrgyz Republic,1989,67.9073170731707
Kyrgyz Republic,1990,68.2975609756098
Kyrgyz Republic,1991,68.5512195121951
Kyrgyz Republic,1992,68.1024390243903
Kyrgyz Republic,1993,67.1926829268293
Kyrgyz Republic,1994,66.0390243902439
Kyrgyz Republic,1995,65.790243902439
Kyrgyz Republic,1996,66.5439024390244
Kyrgyz Republic,1997,66.8926829268293
Kyrgyz Republic,1998,67.0512195121951
Kyrgyz Republic,1999,68.6560975609756
Kyrgyz Republic,2000,68.5585365853659
Kyrgyz Republic,2001,68.7073170731707
Kyrgyz Republic,2002,68.1560975609756
Kyrgyz Republic,2003,68.2560975609756
Kyrgyz Republic,2004,68.1536585365854
Kyrgyz Republic,2005,67.9560975609756
Kyrgyz Republic,2006,67.6951219512195
Kyrgyz Republic,2007,67.8951219512195
Kyrgyz Republic,2008,68.4512195121951
Kyrgyz Republic,2009,69.1024390243903
Kyrgyz Republic,2010,69.3
Kyrgyz Republic,2011,69.6024390243903
Kyrgyz Republic,2012,70.0024390243902
Kyrgyz Republic,2013,70.2024390243902
Kyrgyz Republic,2014,70.4024390243902
Kyrgyz Republic,2015,70.6512195121951
Kyrgyz Republic,2016,70.9512195121951
Kyrgyz Republic,2017,71.2
Kyrgyz Republic,2018,71.4
Kyrgyz Republic,2019,71.6
Kyrgyz Republic,2020,71.8
Kyrgyz Republic,2021,71.9
Kyrgyz Republic,2022,72.0487804878049
Cambodia,1960,42.361
Cambodia,1961,42.792
Cambodia,1962,43.316
Cambodia,1963,43.898
Cambodia,1964,44.398
Cambodia,1965,44.789
Cambodia,1966,45.363
Cambodia,1967,45.514
Cambodia,1968,45.793
Cambodia,1969,46.241
Cambodia,1970,39.129
Cambodia,1971,39.507
Cambodia,1972,40.224
Cambodia,1973,40.024
Cambodia,1974,39.803
Cambodia,1975,11.995
Cambodia,1976,12.013
Cambodia,1977,28.91
Cambodia,1978,36.982
Cambodia,1979,42.279
Cambodia,1980,47.57
Cambodia,1981,48.18
Cambodia,1982,48.736
Cambodia,1983,49.485
Cambodia,1984,50.235
Cambodia,1985,51.041
Cambodia,1986,51.506
Cambodia,1987,53.454
Cambodia,1988,54.276
Cambodia,1989,54.798
Cambodia,1990,55.434
Cambodia,1991,55.793
Cambodia,1992,56.021
Cambodia,1993,56.08
Cambodia,1994,56.035
Cambodia,1995,56.308
Cambodia,1996,56.346
Cambodia,1997,56.743
Cambodia,1998,57.028
Cambodia,1999,57.69
Cambodia,2000,58.625
Cambodia,2001,59.966
Cambodia,2002,61.226
Cambodia,2003,62.523
Cambodia,2004,63.552
Cambodia,2005,64.293
Cambodia,2006,65.059
Cambodia,2007,65.731
Cambodia,2008,66.47
Cambodia,2009,67.444
Cambodia,2010,67.712
Cambodia,2011,68.416
Cambodia,2012,68.915
Cambodia,2013,69.304
Cambodia,2014,69.736
Cambodia,2015,69.873
Cambodia,2016,70.224
Cambodia,2017,70.515
Cambodia,2018,70.561
Cambodia,2019,70.692
Cambodia,2020,70.416
Cambodia,2021,69.584
Cambodia,2022,69.896
Kiribati,1960,47.873
Kiribati,1961,48.381
Kiribati,1962,48.96
Kiribati,1963,49.624
Kiribati,1964,50.323
Kiribati,1965,51.038
Kiribati,1966,51.779
Kiribati,1967,52.524
Kiribati,1968,53.22
Kiribati,1969,53.88
Kiribati,1970,54.527
Kiribati,1971,55.097
Kiribati,1972,55.476
Kiribati,1973,55.971
Kiribati,1974,56.266
Kiribati,1975,56.471
Kiribati,1976,56.628
Kiribati,1977,56.032
Kiribati,1978,56.91
Kiribati,1979,57.083
Kiribati,1980,57.286
Kiribati,1981,57.495
Kiribati,1982,57.718
Kiribati,1983,57.985
Kiribati,1984,58.266
Kiribati,1985,58.591
Kiribati,1986,58.97
Kiribati,1987,59.412
Kiribati,1988,59.904
Kiribati,1989,60.408
Kiribati,1990,60.917
Kiribati,1991,61.422
Kiribati,1992,61.893
Kiribati,1993,62.321
Kiribati,1994,62.697
Kiribati,1995,63.014
Kiribati,1996,63.291
Kiribati,1997,63.575
Kiribati,1998,63.854
Kiribati,1999,64.136
Kiribati,2000,64.409
Kiribati,2001,64.655
Kiribati,2002,64.84
Kiribati,2003,64.954
Kiribati,2004,64.989
Kiribati,2005,64.967
Kiribati,2006,64.906
Kiribati,2007,64.844
Kiribati,2008,64.834
Kiribati,2009,64.892
Kiribati,2010,65.016
Kiribati,2011,65.19
Kiribati,2012,65.378
Kiribati,2013,65.588
Kiribati,2014,65.815
Kiribati,2015,66.059
Kiribati,2016,66.332
Kiribati,2017,66.597
Kiribati,2018,66.855
Kiribati,2019,67.15
Kiribati,2020,67.266
Kiribati,2021,67.417
Kiribati,2022,67.661
St. Kitts and Nevis,1960,55.909
St. Kitts and Nevis,1961,55.818
St. Kitts and Nevis,1962,57.183
St. Kitts and Nevis,1963,58.608
St. Kitts and Nevis,1964,59.037
St. Kitts and Nevis,1965,59.593
St. Kitts and Nevis,1966,60.022
St. Kitts and Nevis,1967,60.504
St. Kitts and Nevis,1968,60.795
St. Kitts and Nevis,1969,60.824
St. Kitts and Nevis,1970,61.291
St. Kitts and Nevis,1971,60.747
St. Kitts and Nevis,1972,60.187
St. Kitts and Nevis,1973,60.275
St. Kitts and Nevis,1974,61.722
St. Kitts and Nevis,1975,63.098
St. Kitts and Nevis,1976,63.682
St. Kitts and Nevis,1977,63.781
St. Kitts and Nevis,1978,63.352
St. Kitts and Nevis,1979,63.233
St. Kitts and Nevis,1980,63.358
St. Kitts and Nevis,1981,63.879
St. Kitts and Nevis,1982,64.279
St. Kitts and Nevis,1983,64.634
St. Kitts and Nevis,1984,65.278
St. Kitts and Nevis,1985,65.795
St. Kitts and Nevis,1986,65.511
St. Kitts and Nevis,1987,65.476
St. Kitts and Nevis,1988,65.45
St. Kitts and Nevis,1989,64.992
St. Kitts and Nevis,1990,65.188
St. Kitts and Nevis,1991,66.15
St. Kitts and Nevis,1992,66.972
St. Kitts and Nevis,1993,67.58
St. Kitts and Nevis,1994,67.294
St. Kitts and Nevis,1995,67.152
St. Kitts and Nevis,1996,67.313
St. Kitts and Nevis,1997,67.853
St. Kitts and Nevis,1998,67.69
St. Kitts and Nevis,1999,68.709
St. Kitts and Nevis,2000,69.781
St. Kitts and Nevis,2001,70.2
St. Kitts and Nevis,2002,70.452
St. Kitts and Nevis,2003,70.768
St. Kitts and Nevis,2004,71.303
St. Kitts and Nevis,2005,71.362
St. Kitts and Nevis,2006,71.288
St. Kitts and Nevis,2007,71.367
St. Kitts and Nevis,2008,71.374
St. Kitts and Nevis,2009,71.393
St. Kitts and Nevis,2010,71.27
St. Kitts and Nevis,2011,71.538
St. Kitts and Nevis,2012,71.669
St. Kitts and Nevis,2013,71.457
St. Kitts and Nevis,2014,70.966
St. Kitts and Nevis,2015,70.763
St. Kitts and Nevis,2016,71.74
St. Kitts and Nevis,2017,71.84
St. Kitts and Nevis,2018,71.467
St. Kitts and Nevis,2019,71.572
St. Kitts and Nevis,2020,71.627
St. Kitts and Nevis,2021,71.682
St. Kitts and Nevis,2022,72.027
"Korea, Rep.",1960,54.320243902439
"Korea, Rep.",1961,54.924
"Korea, Rep.",1962,55.519512195122
"Korea, Rep.",1963,55.974878048780504
"Korea, Rep.",1964,57.1747804878049
"Korea, Rep.",1965,58.2404878048781
"Korea, Rep.",1966,59.5047073170732
"Korea, Rep.",1967,61.2881219512195
"Korea, Rep.",1968,61.559
"Korea, Rep.",1969,62.0510243902439
"Korea, Rep.",1970,62.1634146341463
"Korea, Rep.",1971,62.6121951219512
"Korea, Rep.",1972,63.009756097561
"Korea, Rep.",1973,63.4073170731707
"Korea, Rep.",1974,63.8048780487805
"Korea, Rep.",1975,64.1536585365854
"Korea, Rep.",1976,64.5024390243902
"Korea, Rep.",1977,64.9
"Korea, Rep.",1978,65.1975609756098
"Korea, Rep.",1979,65.5463414634146
"Korea, Rep.",1980,66.0463414634146
"Korea, Rep.",1981,66.5463414634146
"Korea, Rep.",1982,67.0951219512195
"Korea, Rep.",1983,67.5463414634146
"Korea, Rep.",1984,68.1951219512195
"Korea, Rep.",1985,68.7951219512195
"Korea, Rep.",1986,69.4463414634146
"Korea, Rep.",1987,69.9975609756098
"Korea, Rep.",1988,70.5487804878049
"Korea, Rep.",1989,71.0487804878049
"Korea, Rep.",1990,71.5975609756098
"Korea, Rep.",1991,72.0463414634146
"Korea, Rep.",1992,72.4975609756098
"Korea, Rep.",1993,72.9975609756098
"Korea, Rep.",1994,73.3975609756098
"Korea, Rep.",1995,73.7
"Korea, Rep.",1996,74.1512195121951
"Korea, Rep.",1997,74.6024390243903
"Korea, Rep.",1998,75.0048780487805
"Korea, Rep.",1999,75.409756097561
"Korea, Rep.",2000,75.909756097561
"Korea, Rep.",2001,76.4121951219512
"Korea, Rep.",2002,76.7658536585366
"Korea, Rep.",2003,77.2146341463415
"Korea, Rep.",2004,77.6658536585366
"Korea, Rep.",2005,78.1682926829268
"Korea, Rep.",2006,78.6682926829268
"Korea, Rep.",2007,79.119512195122
"Korea, Rep.",2008,79.5170731707317
"Korea, Rep.",2009,79.9682926829268
"Korea, Rep.",2010,80.1170731707317
"Korea, Rep.",2011,80.5682926829269
"Korea, Rep.",2012,80.819512195122
"Korea, Rep.",2013,81.2707317073171
"Korea, Rep.",2014,81.7219512195122
"Korea, Rep.",2015,82.0243902439024
"Korea, Rep.",2016,82.2756097560976
"Korea, Rep.",2017,82.6268292682927
"Korea, Rep.",2018,82.6268292682927
"Korea, Rep.",2019,83.2268292682927
"Korea, Rep.",2020,83.4268292682927
"Korea, Rep.",2021,83.5268292682927
"Korea, Rep.",2022,82.6804878048781
Kuwait,1960,56.919
Kuwait,1961,58.015
Kuwait,1962,59.079
Kuwait,1963,60.162
Kuwait,1964,61.158
Kuwait,1965,62.219
Kuwait,1966,63.075
Kuwait,1967,63.986
Kuwait,1968,64.735
Kuwait,1969,65.677
Kuwait,1970,66.53
Kuwait,1971,67.058
Kuwait,1972,67.421
Kuwait,1973,67.578
Kuwait,1974,67.93
Kuwait,1975,67.892
Kuwait,1976,68.206
Kuwait,1977,68.585
Kuwait,1978,69.012
Kuwait,1979,69.677
Kuwait,1980,70.341
Kuwait,1981,71.081
Kuwait,1982,71.498
Kuwait,1983,72.02
Kuwait,1984,72.61
Kuwait,1985,73.074
Kuwait,1986,73.558
Kuwait,1987,74.11
Kuwait,1988,74.52
Kuwait,1989,74.826
Kuwait,1990,73.281
Kuwait,1991,74.216
Kuwait,1992,75.691
Kuwait,1993,75.794
Kuwait,1994,75.763
Kuwait,1995,75.537
Kuwait,1996,75.618
Kuwait,1997,75.879
Kuwait,1998,76.157
Kuwait,1999,76.416
Kuwait,2000,76.722
Kuwait,2001,76.891
Kuwait,2002,76.982
Kuwait,2003,76.985
Kuwait,2004,76.792
Kuwait,2005,76.903
Kuwait,2006,76.887
Kuwait,2007,77.017
Kuwait,2008,77.145
Kuwait,2009,77.442
Kuwait,2010,77.982
Kuwait,2011,78.464
Kuwait,2012,78.812
Kuwait,2013,79.164
Kuwait,2014,79.445
Kuwait,2015,79.562
Kuwait,2016,79.701
Kuwait,2017,79.781
Kuwait,2018,79.722
Kuwait,2019,79.685
Kuwait,2020,76.92
Kuwait,2021,78.673
Kuwait,2022,80.264
Latin America & Caribbean (excluding high income),1960,54.5082879756546
Latin America & Caribbean (excluding high income),1961,55.0602043770456
Latin America & Caribbean (excluding high income),1962,55.5419876078086
Latin America & Caribbean (excluding high income),1963,56.006233688065
Latin America & Caribbean (excluding high income),1964,56.4875624450113
Latin America & Caribbean (excluding high income),1965,56.8722048908103
Latin America & Caribbean (excluding high income),1966,57.3004695739911
Latin America & Caribbean (excluding high income),1967,57.6646045693097
Latin America & Caribbean (excluding high income),1968,58.0246916503253
Latin America & Caribbean (excluding high income),1969,58.3904502958351
Latin America & Caribbean (excluding high income),1970,58.3990267267748
Latin America & Caribbean (excluding high income),1971,59.2638938876772
Latin America & Caribbean (excluding high income),1972,59.6673019730323
Latin America & Caribbean (excluding high income),1973,60.182869698886
Latin America & Caribbean (excluding high income),1974,60.5780761623119
Latin America & Caribbean (excluding high income),1975,61.0876515338768
Latin America & Caribbean (excluding high income),1976,61.3390845074832
Latin America & Caribbean (excluding high income),1977,61.8860704421231
Latin America & Caribbean (excluding high income),1978,62.2492159834606
Latin America & Caribbean (excluding high income),1979,62.6131100762551
Latin America & Caribbean (excluding high income),1980,63.0503512685043
Latin America & Caribbean (excluding high income),1981,63.5202194604961
Latin America & Caribbean (excluding high income),1982,63.859321275656
Latin America & Caribbean (excluding high income),1983,64.4551554228614
Latin America & Caribbean (excluding high income),1984,64.8846127739477
Latin America & Caribbean (excluding high income),1985,65.2085752999499
Latin America & Caribbean (excluding high income),1986,65.8165402815406
Latin America & Caribbean (excluding high income),1987,66.2579012841053
Latin America & Caribbean (excluding high income),1988,66.703886680434
Latin America & Caribbean (excluding high income),1989,67.0801449656038
Latin America & Caribbean (excluding high income),1990,67.3778601266953
Latin America & Caribbean (excluding high income),1991,67.7188993230142
Latin America & Caribbean (excluding high income),1992,68.0641567058439
Latin America & Caribbean (excluding high income),1993,68.4120211622196
Latin America & Caribbean (excluding high income),1994,68.8178953383016
Latin America & Caribbean (excluding high income),1995,69.1415657736621
Latin America & Caribbean (excluding high income),1996,69.5441635255315
Latin America & Caribbean (excluding high income),1997,69.8856920609729
Latin America & Caribbean (excluding high income),1998,70.1603126622182
Latin America & Caribbean (excluding high income),1999,70.6149579381101
Latin America & Caribbean (excluding high income),2000,70.9176586139137
Latin America & Caribbean (excluding high income),2001,71.2652376749831
Latin America & Caribbean (excluding high income),2002,71.5475640490083
Latin America & Caribbean (excluding high income),2003,71.7898022588622
Latin America & Caribbean (excluding high income),2004,72.1004687950369
Latin America & Caribbean (excluding high income),2005,72.4797331910148
Latin America & Caribbean (excluding high income),2006,72.702544973655
Latin America & Caribbean (excluding high income),2007,72.8515574947149
Latin America & Caribbean (excluding high income),2008,73.1088533935189
Latin America & Caribbean (excluding high income),2009,73.3134629669003
Latin America & Caribbean (excluding high income),2010,73.1858451739092
Latin America & Caribbean (excluding high income),2011,73.7000282985099
Latin America & Caribbean (excluding high income),2012,73.9431550946384
Latin America & Caribbean (excluding high income),2013,74.1950703202932
Latin America & Caribbean (excluding high income),2014,74.4309457009756
Latin America & Caribbean (excluding high income),2015,74.4739718760268
Latin America & Caribbean (excluding high income),2016,74.4715396040294
Latin America & Caribbean (excluding high income),2017,74.6405960808436
Latin America & Caribbean (excluding high income),2018,74.7678088152975
Latin America & Caribbean (excluding high income),2019,74.9568695078933
Latin America & Caribbean (excluding high income),2020,72.8211448073561
Latin America & Caribbean (excluding high income),2021,71.8925576088296
Latin America & Caribbean (excluding high income),2022,73.6091669105209
Lao PDR,1960,40.79
Lao PDR,1961,41.066
Lao PDR,1962,42.009
Lao PDR,1963,41.332
Lao PDR,1964,41.649
Lao PDR,1965,42.056
Lao PDR,1966,42.096
Lao PDR,1967,42.617
Lao PDR,1968,42.984
Lao PDR,1969,43.21
Lao PDR,1970,43.563
Lao PDR,1971,43.983
Lao PDR,1972,44.249
Lao PDR,1973,44.477
Lao PDR,1974,45.532
Lao PDR,1975,45.892
Lao PDR,1976,45.603
Lao PDR,1977,45.973
Lao PDR,1978,46.207
Lao PDR,1979,46.966
Lao PDR,1980,48.082
Lao PDR,1981,48.73
Lao PDR,1982,49.404
Lao PDR,1983,49.957
Lao PDR,1984,50.535
Lao PDR,1985,51.108
Lao PDR,1986,51.699
Lao PDR,1987,52.152
Lao PDR,1988,52.731
Lao PDR,1989,53.252
Lao PDR,1990,53.713
Lao PDR,1991,54.46
Lao PDR,1992,54.952
Lao PDR,1993,55.435
Lao PDR,1994,55.749
Lao PDR,1995,56.385
Lao PDR,1996,56.891
Lao PDR,1997,57.292
Lao PDR,1998,57.665
Lao PDR,1999,57.873
Lao PDR,2000,58.378
Lao PDR,2001,59.07
Lao PDR,2002,59.534
Lao PDR,2003,60.031
Lao PDR,2004,60.293
Lao PDR,2005,60.98
Lao PDR,2006,61.493
Lao PDR,2007,62.084
Lao PDR,2008,62.603
Lao PDR,2009,63.273
Lao PDR,2010,63.973
Lao PDR,2011,64.736
Lao PDR,2012,65.355
Lao PDR,2013,65.718
Lao PDR,2014,66.361
Lao PDR,2015,66.67
Lao PDR,2016,67.167
Lao PDR,2017,67.434
Lao PDR,2018,67.634
Lao PDR,2019,68.138
Lao PDR,2020,68.497
Lao PDR,2021,68.061
Lao PDR,2022,68.999
Lebanon,1960,64.841
Lebanon,1961,65.29
Lebanon,1962,65.397
Lebanon,1963,65.668
Lebanon,1964,65.953
Lebanon,1965,66.065
Lebanon,1966,66.159
Lebanon,1967,66.519
Lebanon,1968,66.607
Lebanon,1969,66.697
Lebanon,1970,66.759
Lebanon,1971,66.823
Lebanon,1972,66.907
Lebanon,1973,67.229
Lebanon,1974,67.294
Lebanon,1975,58.128
Lebanon,1976,33.737
Lebanon,1977,59.284
Lebanon,1978,59.382
Lebanon,1979,59.467
Lebanon,1980,59.665
Lebanon,1981,59.915
Lebanon,1982,45.128
Lebanon,1983,59.955
Lebanon,1984,60.304
Lebanon,1985,60.486
Lebanon,1986,60.965
Lebanon,1987,61.428
Lebanon,1988,61.718
Lebanon,1989,64.163
Lebanon,1990,64.475
Lebanon,1991,71.176
Lebanon,1992,71.192
Lebanon,1993,71.382
Lebanon,1994,71.681
Lebanon,1995,72.043
Lebanon,1996,72.293
Lebanon,1997,72.778
Lebanon,1998,72.944
Lebanon,1999,73.49
Lebanon,2000,73.931
Lebanon,2001,74.365
Lebanon,2002,75.064
Lebanon,2003,75.593
Lebanon,2004,75.976
Lebanon,2005,76.273
Lebanon,2006,76.08
Lebanon,2007,77.08
Lebanon,2008,77.584
Lebanon,2009,77.889
Lebanon,2010,78.156
Lebanon,2011,78.404
Lebanon,2012,78.628
Lebanon,2013,78.765
Lebanon,2014,78.973
Lebanon,2015,79.229
Lebanon,2016,79.505
Lebanon,2017,79.654
Lebanon,2018,79.729
Lebanon,2019,79.236
Lebanon,2020,77.804
Lebanon,2021,75.047
Lebanon,2022,74.416
Liberia,1960,38.33
Liberia,1961,38.333
Liberia,1962,38.402
Liberia,1963,38.473
Liberia,1964,38.607
Liberia,1965,38.812
Liberia,1966,39.081
Liberia,1967,39.427
Liberia,1968,39.764
Liberia,1969,40.193
Liberia,1970,40.599
Liberia,1971,40.94
Liberia,1972,41.482
Liberia,1973,41.91
Liberia,1974,42.383
Liberia,1975,42.774
Liberia,1976,43.183
Liberia,1977,43.619
Liberia,1978,44.046
Liberia,1979,44.349
Liberia,1980,44.631
Liberia,1981,44.983
Liberia,1982,45.204
Liberia,1983,45.383
Liberia,1984,45.436
Liberia,1985,44.664
Liberia,1986,45.005
Liberia,1987,44.528
Liberia,1988,43.993
Liberia,1989,43.451
Liberia,1990,36.688
Liberia,1991,42.795
Liberia,1992,42.738
Liberia,1993,42.166
Liberia,1994,41.796
Liberia,1995,43.917
Liberia,1996,44.419
Liberia,1997,47.847
Liberia,1998,48.901
Liberia,1999,49.953
Liberia,2000,51.356
Liberia,2001,52.752
Liberia,2002,53.788
Liberia,2003,53.042
Liberia,2004,56.013
Liberia,2005,56.912
Liberia,2006,57.62
Liberia,2007,58.285
Liberia,2008,58.772
Liberia,2009,59.194
Liberia,2010,59.433
Liberia,2011,59.62
Liberia,2012,59.913
Liberia,2013,59.943
Liberia,2014,59.121
Liberia,2015,59.148
Liberia,2016,60.416
Liberia,2017,60.553
Liberia,2018,60.853
Liberia,2019,61.104
Liberia,2020,60.948
Liberia,2021,60.747
Liberia,2022,61.1
Libya,1960,40.268
Libya,1961,42.063
Libya,1962,43.843
Libya,1963,45.305
Libya,1964,47.142
Libya,1965,48.657
Libya,1966,50.132
Libya,1967,51.39
Libya,1968,52.712
Libya,1969,53.996
Libya,1970,55.189
Libya,1971,56.337
Libya,1972,57.49
Libya,1973,58.287
Libya,1974,59.588
Libya,1975,60.81
Libya,1976,62.06
Libya,1977,62.786
Libya,1978,63.567
Libya,1979,64.26
Libya,1980,64.891
Libya,1981,65.364
Libya,1982,65.807
Libya,1983,66.41
Libya,1984,66.872
Libya,1985,67.29
Libya,1986,67.774
Libya,1987,68.196
Libya,1988,68.622
Libya,1989,68.99
Libya,1990,69.423
Libya,1991,69.82
Libya,1992,70.232
Libya,1993,70.42
Libya,1994,70.706
Libya,1995,71.09
Libya,1996,71.284
Libya,1997,71.129
Libya,1998,71.079
Libya,1999,71.058
Libya,2000,70.68
Libya,2001,70.861
Libya,2002,71.004
Libya,2003,71.132
Libya,2004,71.49
Libya,2005,71.592
Libya,2006,71.724
Libya,2007,71.863
Libya,2008,72.269
Libya,2009,72.356
Libya,2010,72.374
Libya,2011,70.071
Libya,2012,72.247
Libya,2013,72.34
Libya,2014,71.511
Libya,2015,71.698
Libya,2016,71.756
Libya,2017,72.482
Libya,2018,72.794
Libya,2019,72.463
Libya,2020,72.472
Libya,2021,71.911
Libya,2022,72.151
St. Lucia,1960,55.724
St. Lucia,1961,56.993
St. Lucia,1962,58.041
St. Lucia,1963,58.889
St. Lucia,1964,59.966
St. Lucia,1965,60.883
St. Lucia,1966,61.796
St. Lucia,1967,62.687
St. Lucia,1968,63.512
St. Lucia,1969,63.85
St. Lucia,1970,64.267
St. Lucia,1971,64.548
St. Lucia,1972,64.648
St. Lucia,1973,64.831
St. Lucia,1974,65.564
St. Lucia,1975,65.921
St. Lucia,1976,66.256
St. Lucia,1977,66.887
St. Lucia,1978,67.332
St. Lucia,1979,67.359
St. Lucia,1980,67.7
St. Lucia,1981,68.467
St. Lucia,1982,69.052
St. Lucia,1983,69.91
St. Lucia,1984,70.376
St. Lucia,1985,70.117
St. Lucia,1986,70.281
St. Lucia,1987,70.005
St. Lucia,1988,70.053
St. Lucia,1989,70.215
St. Lucia,1990,70.326
St. Lucia,1991,70.602
St. Lucia,1992,70.799
St. Lucia,1993,71.114
St. Lucia,1994,70.992
St. Lucia,1995,71.002
St. Lucia,1996,70.904
St. Lucia,1997,70.775
St. Lucia,1998,70.69
St. Lucia,1999,70.709
St. Lucia,2000,70.768
St. Lucia,2001,71.135
St. Lucia,2002,71.472
St. Lucia,2003,71.771
St. Lucia,2004,72.028
St. Lucia,2005,72.245
St. Lucia,2006,72.465
St. Lucia,2007,72.599
St. Lucia,2008,72.698
St. Lucia,2009,72.722
St. Lucia,2010,72.72
St. Lucia,2011,72.944
St. Lucia,2012,72.882
St. Lucia,2013,72.735
St. Lucia,2014,72.864
St. Lucia,2015,73.138
St. Lucia,2016,73.112
St. Lucia,2017,73.127
St. Lucia,2018,73.357
St. Lucia,2019,73.445
St. Lucia,2020,73.416
St. Lucia,2021,71.111
St. Lucia,2022,71.294
Latin America & Caribbean,1960,55.1674160192839
Latin America & Caribbean,1961,55.712791840836
Latin America & Caribbean,1962,56.1606818400737
Latin America & Caribbean,1963,56.5817278918647
Latin America & Caribbean,1964,57.0900051071684
Latin America & Caribbean,1965,57.4881962996642
Latin America & Caribbean,1966,57.903050766053
Latin America & Caribbean,1967,58.2895728734404
Latin America & Caribbean,1968,58.6657895715414
Latin America & Caribbean,1969,59.0165217796205
Latin America & Caribbean,1970,59.0894350179079
Latin America & Caribbean,1971,59.8994863523443
Latin America & Caribbean,1972,60.265731486576
Latin America & Caribbean,1973,60.8108715398486
Latin America & Caribbean,1974,61.2298039205303
Latin America & Caribbean,1975,61.7587059537949
Latin America & Caribbean,1976,61.9933088009554
Latin America & Caribbean,1977,62.5561415334715
Latin America & Caribbean,1978,62.923249900282
Latin America & Caribbean,1979,63.2688027889165
Latin America & Caribbean,1980,63.6921079977167
Latin America & Caribbean,1981,64.1802836412459
Latin America & Caribbean,1982,64.5134634077165
Latin America & Caribbean,1983,65.0626857719193
Latin America & Caribbean,1984,65.474444293858
Latin America & Caribbean,1985,65.7921374666843
Latin America & Caribbean,1986,66.3856864024661
Latin America & Caribbean,1987,66.8070681322187
Latin America & Caribbean,1988,67.2157411066885
Latin America & Caribbean,1989,67.5540967913478
Latin America & Caribbean,1990,67.8407028948013
Latin America & Caribbean,1991,68.1941364881821
Latin America & Caribbean,1992,68.5218846010882
Latin America & Caribbean,1993,68.8465750784765
Latin America & Caribbean,1994,69.2226735121149
Latin America & Caribbean,1995,69.5323706224398
Latin America & Caribbean,1996,69.9053970651956
Latin America & Caribbean,1997,70.2654669055778
Latin America & Caribbean,1998,70.5197937285381
Latin America & Caribbean,1999,70.9233392903296
Latin America & Caribbean,2000,71.2409160198112
Latin America & Caribbean,2001,71.4986984385335
Latin America & Caribbean,2002,71.8488849801519
Latin America & Caribbean,2003,72.0323805059815
Latin America & Caribbean,2004,72.3540297743228
Latin America & Caribbean,2005,72.7232874033116
Latin America & Caribbean,2006,72.9323714870775
Latin America & Caribbean,2007,73.0726347650508
Latin America & Caribbean,2008,73.2942967576769
Latin America & Caribbean,2009,73.498042188438
Latin America & Caribbean,2010,73.3929916676496
Latin America & Caribbean,2011,73.8785220786594
Latin America & Caribbean,2012,74.1040213484021
Latin America & Caribbean,2013,74.3518666744376
Latin America & Caribbean,2014,74.5544970112086
Latin America & Caribbean,2015,74.6153467456489
Latin America & Caribbean,2016,74.5809899269173
Latin America & Caribbean,2017,74.7336265116992
Latin America & Caribbean,2018,74.8500136238664
Latin America & Caribbean,2019,75.0357886195834
Latin America & Caribbean,2020,73.0265163953482
Latin America & Caribbean,2021,72.1362094011984
Latin America & Caribbean,2022,73.7501213409412
Least developed countries: UN classification,1960,41.2357532729059
Least developed countries: UN classification,1961,41.6676582486245
Least developed countries: UN classification,1962,42.1692185957613
Least developed countries: UN classification,1963,42.2890272354449
Least developed countries: UN classification,1964,43.019313899795
Least developed countries: UN classification,1965,42.9819871629999
Least developed countries: UN classification,1966,43.3719284939636
Least developed countries: UN classification,1967,43.9639858392671
Least developed countries: UN classification,1968,44.3243425339679
Least developed countries: UN classification,1969,44.5650823720187
Least developed countries: UN classification,1970,43.2225481336436
Least developed countries: UN classification,1971,39.9689319797284
Least developed countries: UN classification,1972,45.0676951711295
Least developed countries: UN classification,1973,45.6596758571533
Least developed countries: UN classification,1974,45.6014606277035
Least developed countries: UN classification,1975,45.5402173765284
Least developed countries: UN classification,1976,46.1574203202028
Least developed countries: UN classification,1977,46.8756263275295
Least developed countries: UN classification,1978,47.1920437203506
Least developed countries: UN classification,1979,47.6663783318314
Least developed countries: UN classification,1980,48.1178022387759
Least developed countries: UN classification,1981,48.4485213620244
Least developed countries: UN classification,1982,48.727943288904
Least developed countries: UN classification,1983,48.0134959646268
Least developed countries: UN classification,1984,48.0730244908598
Least developed countries: UN classification,1985,48.4419759610513
Least developed countries: UN classification,1986,49.0949277708166
Least developed countries: UN classification,1987,49.6406698318453
Least developed countries: UN classification,1988,49.4522033350014
Least developed countries: UN classification,1989,50.4640692059643
Least developed countries: UN classification,1990,50.7218977039033
Least developed countries: UN classification,1991,50.4236879767597
Least developed countries: UN classification,1992,51.0952487733016
Least developed countries: UN classification,1993,51.6447140703674
Least developed countries: UN classification,1994,52.3378462046235
Least developed countries: UN classification,1995,52.8418442581045
Least developed countries: UN classification,1996,52.9904730967027
Least developed countries: UN classification,1997,53.7087264462973
Least developed countries: UN classification,1998,54.0162591339319
Least developed countries: UN classification,1999,55.2777009267202
Least developed countries: UN classification,2000,55.8565454211516
Least developed countries: UN classification,2001,56.330565687321
Least developed countries: UN classification,2002,56.7995057158111
Least developed countries: UN classification,2003,57.370618861938
Least developed countries: UN classification,2004,57.8401337938434
Least developed countries: UN classification,2005,58.3691842443202
Least developed countries: UN classification,2006,58.9685787044937
Least developed countries: UN classification,2007,59.3952675522159
Least developed countries: UN classification,2008,59.5423515993272
Least developed countries: UN classification,2009,60.528565181197
Least developed countries: UN classification,2010,60.9912524185843
Least developed countries: UN classification,2011,61.7029416315496
Least developed countries: UN classification,2012,62.2729132900146
Least developed countries: UN classification,2013,62.7099628036551
Least developed countries: UN classification,2014,63.1259770990809
Least developed countries: UN classification,2015,63.4910879470846
Least developed countries: UN classification,2016,64.0109064266327
Least developed countries: UN classification,2017,64.4004122819752
Least developed countries: UN classification,2018,64.7923469499686
Least developed countries: UN classification,2019,65.1258903357164
Least developed countries: UN classification,2020,64.6017504849063
Least developed countries: UN classification,2021,64.1753409199014
Least developed countries: UN classification,2022,64.8802732533622
Low income,1960,41.0742569871819
Low income,1961,41.4219453867152
Low income,1962,41.7613663357819
Low income,1963,41.9124635368187
Low income,1964,42.5710844940553
Low income,1965,42.6293060751247
Low income,1966,42.4698659228749
Low income,1967,43.2252282928468
Low income,1968,43.6088943230138
Low income,1969,43.9066769774063
Low income,1970,44.2446847603253
Low income,1971,44.7392603425823
Low income,1972,44.5439132265546
Low income,1973,45.3038265293108
Low income,1974,45.4072574741613
Low income,1975,45.6885445146202
Low income,1976,46.3885474789135
Low income,1977,46.7198633810716
Low income,1978,46.9448284511506
Low income,1979,47.3791830199215
Low income,1980,47.7267590274511
Low income,1981,47.9529657516468
Low income,1982,48.0286502554729
Low income,1983,46.7737676035197
Low income,1984,46.5779224545741
Low income,1985,46.9801960715693
Low income,1986,47.8380996939436
Low income,1987,48.5247540460625
Low income,1988,48.0628307828272
Low income,1989,49.6782103047641
Low income,1990,49.7348429974899
Low income,1991,49.7330304328093
Low income,1992,49.6294523221112
Low income,1993,50.4490258104908
Low income,1994,51.1851514635395
Low income,1995,50.9003183670229
Low income,1996,51.0234237478311
Low income,1997,51.4840303852693
Low income,1998,51.0472883736911
Low income,1999,52.2927683834738
Low income,2000,53.2642902923659
Low income,2001,53.7778091565491
Low income,2002,54.2606157224313
Low income,2003,55.3449030749751
Low income,2004,55.8205959351708
Low income,2005,56.4164777359562
Low income,2006,57.2742526141038
Low income,2007,57.9534329316949
Low income,2008,58.5251293371547
Low income,2009,59.2436780128506
Low income,2010,59.7509319079297
Low income,2011,60.3311952526919
Low income,2012,60.5857752638933
Low income,2013,60.9556833608253
Low income,2014,61.3399518806639
Low income,2015,61.7210524307475
Low income,2016,62.2350417462523
Low income,2017,62.6454844591366
Low income,2018,63.0074146440753
Low income,2019,63.4346116696944
Low income,2020,62.9652953931739
Low income,2021,62.5053450647307
Low income,2022,63.0187828193203
Liechtenstein,1994,78.4219512195122
Liechtenstein,1995,77.390243902439
Liechtenstein,1996,76.8365853658537
Liechtenstein,1997,76.0463414634146
Liechtenstein,1998,77.7463414634146
Liechtenstein,1999,79.109756097561
Liechtenstein,2000,76.8268292682927
Liechtenstein,2001,79.2756097560976
Liechtenstein,2002,79.6365853658537
Liechtenstein,2003,79.9609756097561
Liechtenstein,2004,81.7707317073171
Liechtenstein,2005,80.6682926829268
Liechtenstein,2006,80.9487804878049
Liechtenstein,2007,81.2951219512195
Liechtenstein,2008,82.6829268292683
Liechtenstein,2009,81.5
Liechtenstein,2010,81.8414634146342
Liechtenstein,2011,81.7926829268293
Liechtenstein,2012,82.3829268292683
Liechtenstein,2013,82.2609756097561
Liechtenstein,2014,82.0731707317073
Liechtenstein,2015,82.6560975609756
Liechtenstein,2016,82.2585365853659
Liechtenstein,2017,83.7463414634147
Liechtenstein,2018,83.0414634146342
Liechtenstein,2019,84.1609756097561
Liechtenstein,2020,81.6585365853659
Liechtenstein,2021,84.4024390243902
Liechtenstein,2022,84.319512195122
Sri Lanka,1960,60.699
Sri Lanka,1961,61.328
Sri Lanka,1962,61.733
Sri Lanka,1963,61.976
Sri Lanka,1964,62.174
Sri Lanka,1965,62.637
Sri Lanka,1966,63.055
Sri Lanka,1967,63.51
Sri Lanka,1968,63.777
Sri Lanka,1969,63.993
Sri Lanka,1970,65.267
Sri Lanka,1971,65.922
Sri Lanka,1972,65.828
Sri Lanka,1973,65.939
Sri Lanka,1974,65.999
Sri Lanka,1975,66.237
Sri Lanka,1976,66.513
Sri Lanka,1977,66.551
Sri Lanka,1978,67.566
Sri Lanka,1979,68.13
Sri Lanka,1980,68.661
Sri Lanka,1981,69.212
Sri Lanka,1982,69.674
Sri Lanka,1983,70.068
Sri Lanka,1984,70.649
Sri Lanka,1985,70.969
Sri Lanka,1986,71.421
Sri Lanka,1987,71.457
Sri Lanka,1988,71.549
Sri Lanka,1989,69.761
Sri Lanka,1990,71.927
Sri Lanka,1991,71.751
Sri Lanka,1992,72.53
Sri Lanka,1993,73.052
Sri Lanka,1994,72.882
Sri Lanka,1995,72.26
Sri Lanka,1996,72.261
Sri Lanka,1997,72.136
Sri Lanka,1998,72.081
Sri Lanka,1999,72.618
Sri Lanka,2000,70.355
Sri Lanka,2001,70.787
Sri Lanka,2002,71.117
Sri Lanka,2003,71.373
Sri Lanka,2004,67.091
Sri Lanka,2005,72.118
Sri Lanka,2006,71.969
Sri Lanka,2007,72.049
Sri Lanka,2008,71.729
Sri Lanka,2009,69.187
Sri Lanka,2010,73.215
Sri Lanka,2011,73.38
Sri Lanka,2012,73.906
Sri Lanka,2013,74.239
Sri Lanka,2014,74.651
Sri Lanka,2015,74.927
Sri Lanka,2016,75.331
Sri Lanka,2017,75.403
Sri Lanka,2018,75.748
Sri Lanka,2019,76.008
Sri Lanka,2020,76.393
Sri Lanka,2021,76.399
Sri Lanka,2022,76.61
Lower middle income,1960,45.8425750958289
Lower middle income,1961,46.2202560280651
Lower middle income,1962,46.6488405825586
Lower middle income,1963,46.9368227794608
Lower middle income,1964,47.3653824170961
Lower middle income,1965,46.8483092547453
Lower middle income,1966,47.3466539159361
Lower middle income,1967,47.6435994134338
Lower middle income,1968,48.6666546582681
Lower middle income,1969,49.1080825732196
Lower middle income,1970,49.041116781931
Lower middle income,1971,48.081321291916
Lower middle income,1972,50.0935311013359
Lower middle income,1973,50.6635788549842
Lower middle income,1974,51.0855118882696
Lower middle income,1975,51.7336542427446
Lower middle income,1976,52.2657375694632
Lower middle income,1977,52.9088038634796
Lower middle income,1978,53.4333213961596
Lower middle income,1979,53.9389131905687
Lower middle income,1980,54.4710559588236
Lower middle income,1981,54.9637180435253
Lower middle income,1982,55.3871514627142
Lower middle income,1983,55.8656961125638
Lower middle income,1984,56.2995315869689
Lower middle income,1985,56.69215236227
Lower middle income,1986,57.0835441318397
Lower middle income,1987,57.4527366934255
Lower middle income,1988,57.815492974602
Lower middle income,1989,58.1822699463921
Lower middle income,1990,58.5645107108971
Lower middle income,1991,58.740010172318
Lower middle income,1992,59.1755540225324
Lower middle income,1993,59.4261765075384
Lower middle income,1994,59.71680906875
Lower middle income,1995,60.0152560747783
Lower middle income,1996,60.3021841783764
Lower middle income,1997,60.7039677993061
Lower middle income,1998,61.1407333782191
Lower middle income,1999,61.6626423115663
Lower middle income,2000,61.9710874398223
Lower middle income,2001,62.3172764458713
Lower middle income,2002,62.738332783575
Lower middle income,2003,63.1284775405672
Lower middle income,2004,63.4458482560578
Lower middle income,2005,63.8216087999301
Lower middle income,2006,64.2272011456267
Lower middle income,2007,64.50348105638
Lower middle income,2008,64.6910818327452
Lower middle income,2009,65.1309602159891
Lower middle income,2010,65.4991838167348
Lower middle income,2011,65.939427595732
Lower middle income,2012,66.3492377694868
Lower middle income,2013,66.7546644646833
Lower middle income,2014,67.1904220045406
Lower middle income,2015,67.585390843635
Lower middle income,2016,67.9676859820888
Lower middle income,2017,68.2920404040651
Lower middle income,2018,68.5352942825717
Lower middle income,2019,68.7404552946187
Lower middle income,2020,68.2096238109701
Lower middle income,2021,66.5033255523027
Lower middle income,2022,67.1659174849035
Low & middle income,1960,43.4014631847016
Low & middle income,1961,46.0382964958165
Low & middle income,1962,49.5112614188259
Low & middle income,1963,49.9563463977198
Low & middle income,1964,50.5157570114125
Low & middle income,1965,50.3220238178444
Low & middle income,1966,51.0399684850343
Low & middle income,1967,51.6068954703235
Low & middle income,1968,52.3271930530864
Low & middle income,1969,52.8220840192167
Low & middle income,1970,53.1473914401505
Low & middle income,1971,53.2544897630443
Low & middle income,1972,54.399720180442
Low & middle income,1973,55.0860791659701
Low & middle income,1974,55.5879457223514
Low & middle income,1975,56.1837304481771
Low & middle income,1976,56.7831167997462
Low & middle income,1977,57.3800217152621
Low & middle income,1978,57.8620793779614
Low & middle income,1979,58.3804666340847
Low & middle income,1980,58.8573098556592
Low & middle income,1981,59.2802765564059
Low & middle income,1982,59.6896834189346
Low & middle income,1983,60.0327755341382
Low & middle income,1984,60.415298982317
Low & middle income,1985,60.7860047131593
Low & middle income,1986,61.2197038646432
Low & middle income,1987,61.5818085374371
Low & middle income,1988,61.8125748878386
Low & middle income,1989,62.2435005409861
Low & middle income,1990,62.4665643246589
Low & middle income,1991,62.6492713274115
Low & middle income,1992,63.006942191614
Low & middle income,1993,63.3173127005786
Low & middle income,1994,63.6050673180437
Low & middle income,1995,63.8466943132675
Low & middle income,1996,64.0821531987658
Low & middle income,1997,64.43497776108
Low & middle income,1998,64.7490670698511
Low & middle income,1999,65.1428603403004
Low & middle income,2000,65.5008605285604
Low & middle income,2001,65.9037217353211
Low & middle income,2002,66.2385176541891
Low & middle income,2003,66.5774743551299
Low & middle income,2004,66.800769765334607
Low & middle income,2005,67.2072262371217
Low & middle income,2006,67.5831415378396
Low & middle income,2007,67.8471157296731
Low & middle income,2008,68.0288541754688
Low & middle income,2009,68.4480394822214
Low & middle income,2010,68.752975538966
Low & middle income,2011,69.108937489293
Low & middle income,2012,69.4303758927834
Low & middle income,2013,69.7520272237151
Low & middle income,2014,70.0857759341076
Low & middle income,2015,70.3723506685511
Low & middle income,2016,70.653734324035
Low & middle income,2017,70.8834200003221
Low & middle income,2018,71.1682575000595
Low & middle income,2019,71.368287587454
Low & middle income,2020,70.7037618127909
Low & middle income,2021,69.6814489998854
Low & middle income,2022,70.350086648099
Lesotho,1960,50.364
Lesotho,1961,50.429
Lesotho,1962,50.409
Lesotho,1963,50.263
Lesotho,1964,50.189
Lesotho,1965,50.057
Lesotho,1966,50.148
Lesotho,1967,50.247
Lesotho,1968,50.431
Lesotho,1969,50.702
Lesotho,1970,51.012
Lesotho,1971,51.293
Lesotho,1972,51.722
Lesotho,1973,52.12
Lesotho,1974,52.372
Lesotho,1975,52.987
Lesotho,1976,53.487
Lesotho,1977,54.045
Lesotho,1978,54.669
Lesotho,1979,55.338
Lesotho,1980,56.058
Lesotho,1981,56.902
Lesotho,1982,57.565
Lesotho,1983,58.094
Lesotho,1984,58.635
Lesotho,1985,59.104
Lesotho,1986,59.455
Lesotho,1987,59.495
Lesotho,1988,59.62
Lesotho,1989,59.531
Lesotho,1990,59.398
Lesotho,1991,59.193
Lesotho,1992,58.555
Lesotho,1993,57.991
Lesotho,1994,58.018
Lesotho,1995,56.723
Lesotho,1996,55.232
Lesotho,1997,53.594
Lesotho,1998,51.783
Lesotho,1999,50.081
Lesotho,2000,48.427
Lesotho,2001,46.849
Lesotho,2002,45.595
Lesotho,2003,44.53
Lesotho,2004,43.711
Lesotho,2005,43.233
Lesotho,2006,42.914
Lesotho,2007,43.123
Lesotho,2008,43.566
Lesotho,2009,44.034
Lesotho,2010,45.596
Lesotho,2011,46.692
Lesotho,2012,47.835
Lesotho,2013,49.002
Lesotho,2014,50.033
Lesotho,2015,51.101
Lesotho,2016,52.264
Lesotho,2017,53.064
Lesotho,2018,53.733
Lesotho,2019,54.173
Lesotho,2020,54.693
Lesotho,2021,53.062
Lesotho,2022,53.036
Late-demographic dividend,1960,43.8278310582147
Late-demographic dividend,1961,48.5109862319203
Late-demographic dividend,1962,54.7869956070597
Late-demographic dividend,1963,55.2678885685427
Late-demographic dividend,1964,55.910397467708
Late-demographic dividend,1965,56.3930789633242
Late-demographic dividend,1966,56.9041192577532
Late-demographic dividend,1967,57.3239186045394
Late-demographic dividend,1968,57.692275863293
Late-demographic dividend,1969,58.1422453564528
Late-demographic dividend,1970,58.8925457866836
Late-demographic dividend,1971,59.602966418036
Late-demographic dividend,1972,60.0964438350011
Late-demographic dividend,1973,60.9067063498496
Late-demographic dividend,1974,61.4578872951936
Late-demographic dividend,1975,62.1644294719389
Late-demographic dividend,1976,62.7918150924616
Late-demographic dividend,1977,63.3862795176314
Late-demographic dividend,1978,63.914776846225
Late-demographic dividend,1979,64.4040157091549
Late-demographic dividend,1980,64.8807561992322
Late-demographic dividend,1981,65.3919185584026
Late-demographic dividend,1982,65.8289895831691
Late-demographic dividend,1983,66.2069974942421
Late-demographic dividend,1984,66.5221208217558
Late-demographic dividend,1985,66.8590796362263
Late-demographic dividend,1986,67.3435279551707
Late-demographic dividend,1987,67.6538533450153
Late-demographic dividend,1988,67.8823512808286
Late-demographic dividend,1989,68.1168266715726
Late-demographic dividend,1990,68.2543115707627
Late-demographic dividend,1991,68.3995054487666
Late-demographic dividend,1992,68.7009637933994
Late-demographic dividend,1993,68.9363570117399
Late-demographic dividend,1994,69.1410427226988
Late-demographic dividend,1995,69.4046567354327
Late-demographic dividend,1996,69.7550703895447
Late-demographic dividend,1997,70.1800441995482
Late-demographic dividend,1998,70.6094029939051
Late-demographic dividend,1999,70.7609703603816
Late-demographic dividend,2000,71.0761017425385
Late-demographic dividend,2001,71.6214130012757
Late-demographic dividend,2002,71.9187484002977
Late-demographic dividend,2003,72.3325339579536
Late-demographic dividend,2004,72.6351633895552
Late-demographic dividend,2005,73.029864807392
Late-demographic dividend,2006,73.4493127163463
Late-demographic dividend,2007,73.741117020079
Late-demographic dividend,2008,73.9185071737617
Late-demographic dividend,2009,74.3293723863249
Late-demographic dividend,2010,74.6118098153115
Late-demographic dividend,2011,74.9461201956277
Late-demographic dividend,2012,75.2238186728944
Late-demographic dividend,2013,75.5192108232904
Late-demographic dividend,2014,75.7890775087528
Late-demographic dividend,2015,76.011905470381
Late-demographic dividend,2016,76.2571977187085
Late-demographic dividend,2017,76.3982706820151
Late-demographic dividend,2018,76.7688297686968
Late-demographic dividend,2019,76.9908432902863
Late-demographic dividend,2020,76.7229405185737
Late-demographic dividend,2021,76.3723357240641
Late-demographic dividend,2022,77.1043499415742
Lithuania,1960,69.8473170731707
Lithuania,1961,70.1026829268293
Lithuania,1962,69.0953658536585
Lithuania,1963,70.2043902439024
Lithuania,1964,71.5090243902439
Lithuania,1965,71.3251219512195
Lithuania,1966,71.520243902439
Lithuania,1967,71.6039024390244
Lithuania,1968,71.3136585365854
Lithuania,1969,70.9285365853659
Lithuania,1970,70.8043902439024
Lithuania,1971,71.7353658536585
Lithuania,1972,71.0246341463415
Lithuania,1973,71.3321951219512
Lithuania,1974,71.2441463414634
Lithuania,1975,70.8673170731707
Lithuania,1976,70.9580487804878
Lithuania,1977,70.809512195122
Lithuania,1978,70.6046341463415
Lithuania,1979,70.4821951219512
Lithuania,1980,70.4821951219512
Lithuania,1981,70.4607317073171
Lithuania,1982,70.8368292682927
Lithuania,1983,70.7778048780488
Lithuania,1984,70.32
Lithuania,1985,70.5012195121951
Lithuania,1986,72.0807317073171
Lithuania,1987,71.9346341463415
Lithuania,1988,71.7621951219512
Lithuania,1989,71.4253658536585
Lithuania,1990,71.1607317073171
Lithuania,1991,70.3641463414634
Lithuania,1992,70.2343902439025
Lithuania,1993,68.9104878048781
Lithuania,1994,68.530243902439
Lithuania,1995,69.0063414634147
Lithuania,1996,70.1080487804878
Lithuania,1997,70.9090243902439
Lithuania,1998,71.219512195122
Lithuania,1999,71.5707317073171
Lithuania,2000,72.0195121951219
Lithuania,2001,71.6585365853659
Lithuania,2002,71.7609756097561
Lithuania,2003,72.0609756097561
Lithuania,2004,71.9609756097561
Lithuania,2005,71.2536585365854
Lithuania,2006,71.0560975609756
Lithuania,2007,70.9
Lithuania,2008,71.8121951219512
Lithuania,2009,72.9146341463415
Lithuania,2010,73.2682926829268
Lithuania,2011,73.5634146341464
Lithuania,2012,73.8634146341464
Lithuania,2013,73.9146341463415
Lithuania,2014,74.5170731707317
Lithuania,2015,74.3219512195122
Lithuania,2016,74.6707317073171
Lithuania,2017,75.4804878048781
Lithuania,2018,75.6804878048781
Lithuania,2019,76.2829268292683
Lithuania,2020,74.9780487804878
Lithuania,2021,74.0365853658537
Lithuania,2022,75.7926829268293
Luxembourg,1960,68.5925365853659
Luxembourg,1961,69.2668292682927
Luxembourg,1962,68.1051707317073
Luxembourg,1963,68.7219268292683
Luxembourg,1964,69.3916829268293
Luxembourg,1965,69.0254146341464
Luxembourg,1966,69.1756341463415
Luxembourg,1967,69.2340243902439
Luxembourg,1968,69.6624390243903
Luxembourg,1969,69.4807073170732
Luxembourg,1970,69.5932195121951
Luxembourg,1971,69.195243902439
Luxembourg,1972,70.3215853658537
Luxembourg,1973,70.2403658536585
Luxembourg,1974,70.1571707317073
Luxembourg,1975,70.2986097560976
Luxembourg,1976,69.9751463414634
Luxembourg,1977,71.4586585365854
Luxembourg,1978,71.4958048780488
Luxembourg,1979,72.3307804878049
Luxembourg,1980,72.2068048780488
Luxembourg,1981,72.369756097561
Luxembourg,1982,72.6503414634146
Luxembourg,1983,72.7811219512195
Luxembourg,1984,73.0532195121951
Luxembourg,1985,73.5341951219512
Luxembourg,1986,73.995512195122
Luxembourg,1987,74.0760975609756
Luxembourg,1988,74.7882195121951
Luxembourg,1989,74.5662682926829
Luxembourg,1990,75.4383170731707
Luxembourg,1991,75.4634146341463
Luxembourg,1992,75.7707317073171
Luxembourg,1993,75.7121951219512
Luxembourg,1994,76.3707317073171
Luxembourg,1995,76.5121951219512
Luxembourg,1996,76.519512195122
Luxembourg,1997,76.880487804878
Luxembourg,1998,77.0170731707317
Luxembourg,1999,77.7707317073171
Luxembourg,2000,77.8731707317073
Luxembourg,2001,77.8243902439025
Luxembourg,2002,77.9658536585366
Luxembourg,2003,77.7268292682927
Luxembourg,2004,79.1219512195122
Luxembourg,2005,79.4317073170732
Luxembourg,2006,79.2878048780488
Luxembourg,2007,79.3829268292683
Luxembourg,2008,80.5390243902439
Luxembourg,2009,80.6365853658537
Luxembourg,2010,80.6317073170732
Luxembourg,2011,80.9878048780488
Luxembourg,2012,81.3926829268293
Luxembourg,2013,81.8
Luxembourg,2014,82.2292682926829
Luxembourg,2015,82.2926829268293
Luxembourg,2016,82.6853658536585
Luxembourg,2017,82.0951219512195
Luxembourg,2018,82.2951219512195
Luxembourg,2019,82.6390243902439
Luxembourg,2020,82.1439024390244
Luxembourg,2021,82.5975609756098
Luxembourg,2022,83.0463414634146
Latvia,1960,69.7868292682927
Latvia,1961,70.0324390243903
Latvia,1962,69.430487804878
Latvia,1963,69.8290243902439
Latvia,1964,71.0280487804878
Latvia,1965,70.7265853658537
Latvia,1966,70.7073170731707
Latvia,1967,70.3939024390244
Latvia,1968,70.0429268292683
Latvia,1969,69.7968292682927
Latvia,1970,69.8353658536586
Latvia,1971,70.1646341463415
Latvia,1972,69.8787804878049
Latvia,1973,69.8134146341464
Latvia,1974,69.7409756097561
Latvia,1975,68.9253658536585
Latvia,1976,69.0478048780488
Latvia,1977,69.1046341463415
Latvia,1978,68.9878048780488
Latvia,1979,68.4956097560976
Latvia,1980,68.8085365853659
Latvia,1981,68.7863414634146
Latvia,1982,69.3282926829268
Latvia,1983,69.1190243902439
Latvia,1984,69.1629268292683
Latvia,1985,69.2914634146342
Latvia,1986,70.6224390243903
Latvia,1987,70.6929268292683
Latvia,1988,70.6153658536585
Latvia,1989,70.1553658536586
Latvia,1990,69.2731707317073
Latvia,1991,69.0324390243903
Latvia,1992,68.3960975609756
Latvia,1993,66.7226829268293
Latvia,1994,65.6643902439025
Latvia,1995,66.3912195121951
Latvia,1996,68.7765853658537
Latvia,1997,69.3492682926829
Latvia,1998,69.0121951219512
Latvia,1999,69.7429268292683
Latvia,2000,70.3146341463415
Latvia,2001,70.7609756097561
Latvia,2002,70.9609756097561
Latvia,2003,71.2658536585366
Latvia,2004,72.0268292682927
Latvia,2005,71.3560975609756
Latvia,2006,70.8658536585366
Latvia,2007,71.019512195122
Latvia,2008,72.419512195122
Latvia,2009,73.0804878048781
Latvia,2010,73.4829268292683
Latvia,2011,73.5756097560976
Latvia,2012,73.7780487804878
Latvia,2013,73.9829268292683
Latvia,2014,74.1243902439024
Latvia,2015,74.4804878048781
Latvia,2016,74.580487804878
Latvia,2017,74.6292682926829
Latvia,2018,74.7829268292683
Latvia,2019,75.3878048780488
Latvia,2020,75.1853658536585
Latvia,2021,72.9804878048781
Latvia,2022,74.580487804878
"Macao SAR, China",1960,64.965
"Macao SAR, China",1961,65.485
"Macao SAR, China",1962,65.946
"Macao SAR, China",1963,66.386
"Macao SAR, China",1964,66.8
"Macao SAR, China",1965,67.199
"Macao SAR, China",1966,67.647
"Macao SAR, China",1967,68.028
"Macao SAR, China",1968,68.44
"Macao SAR, China",1969,68.845
"Macao SAR, China",1970,69.198
"Macao SAR, China",1971,69.582
"Macao SAR, China",1972,70.044
"Macao SAR, China",1973,70.568
"Macao SAR, China",1974,70.995
"Macao SAR, China",1975,71.419
"Macao SAR, China",1976,71.85
"Macao SAR, China",1977,72.263
"Macao SAR, China",1978,72.69
"Macao SAR, China",1979,73.07
"Macao SAR, China",1980,73.504
"Macao SAR, China",1981,73.932
"Macao SAR, China",1982,74.342
"Macao SAR, China",1983,74.703
"Macao SAR, China",1984,75.08
"Macao SAR, China",1985,75.478
"Macao SAR, China",1986,75.862
"Macao SAR, China",1987,76.272
"Macao SAR, China",1988,76.603
"Macao SAR, China",1989,77.035
"Macao SAR, China",1990,77.424
"Macao SAR, China",1991,77.904
"Macao SAR, China",1992,78.28
"Macao SAR, China",1993,78.63
"Macao SAR, China",1994,78.993
"Macao SAR, China",1995,79.349
"Macao SAR, China",1996,79.971
"Macao SAR, China",1997,80.162
"Macao SAR, China",1998,80.352
"Macao SAR, China",1999,80.652
"Macao SAR, China",2000,80.959
"Macao SAR, China",2001,81.179
"Macao SAR, China",2002,81.293
"Macao SAR, China",2003,81.501
"Macao SAR, China",2004,81.691
"Macao SAR, China",2005,82.033
"Macao SAR, China",2006,82.257
"Macao SAR, China",2007,82.543
"Macao SAR, China",2008,82.893
"Macao SAR, China",2009,83.276
"Macao SAR, China",2010,83.109
"Macao SAR, China",2011,83.229
"Macao SAR, China",2012,83.326
"Macao SAR, China",2013,83.727
"Macao SAR, China",2014,83.883
"Macao SAR, China",2015,83.984
"Macao SAR, China",2016,84.231
"Macao SAR, China",2017,84.563
"Macao SAR, China",2018,84.928
"Macao SAR, China",2019,84.978
"Macao SAR, China",2020,85.184
"Macao SAR, China",2021,85.399
"Macao SAR, China",2022,85.377
St. Martin (French part),1960,67.865
St. Martin (French part),1961,67.704
St. Martin (French part),1962,68.387
St. Martin (French part),1963,69.384
St. Martin (French part),1964,69.495
St. Martin (French part),1965,68.489
St. Martin (French part),1966,69.541
St. Martin (French part),1967,70.031
St. Martin (French part),1968,70.002
St. Martin (French part),1969,70.733
St. Martin (French part),1970,71.569
St. Martin (French part),1971,71.453
St. Martin (French part),1972,71.631
St. Martin (French part),1973,71.82
St. Martin (French part),1974,71.961
St. Martin (French part),1975,72.118
St. Martin (French part),1976,72.226
St. Martin (French part),1977,72.235
St. Martin (French part),1978,72.302
St. Martin (French part),1979,72.387
St. Martin (French part),1980,72.487
St. Martin (French part),1981,72.665
St. Martin (French part),1982,73.018
St. Martin (French part),1983,72.624
St. Martin (French part),1984,72.795
St. Martin (French part),1985,72.617
St. Martin (French part),1986,73.449
St. Martin (French part),1987,73.581
St. Martin (French part),1988,74.226
St. Martin (French part),1989,74.233
St. Martin (French part),1990,74.463
St. Martin (French part),1991,75.917
St. Martin (French part),1992,75.327
St. Martin (French part),1993,75.483
St. Martin (French part),1994,75.654
St. Martin (French part),1995,75.821
St. Martin (French part),1996,75.98
St. Martin (French part),1997,76.154
St. Martin (French part),1998,76.326
St. Martin (French part),1999,76.502
St. Martin (French part),2000,76.663
St. Martin (French part),2001,76.847
St. Martin (French part),2002,77.031
St. Martin (French part),2003,77.206
St. Martin (French part),2004,77.384
St. Martin (French part),2005,77.555
St. Martin (French part),2006,77.726
St. Martin (French part),2007,77.892
St. Martin (French part),2008,78.068
St. Martin (French part),2009,78.236
St. Martin (French part),2010,78.406
St. Martin (French part),2011,78.827
St. Martin (French part),2012,79.022
St. Martin (French part),2013,78.908
St. Martin (French part),2014,79.966
St. Martin (French part),2015,79.309
St. Martin (French part),2016,79.475
St. Martin (French part),2017,78.59
St. Martin (French part),2018,80.614
St. Martin (French part),2019,79.983
St. Martin (French part),2020,80.149
St. Martin (French part),2021,80.379
St. Martin (French part),2022,80.55
Morocco,1960,42.017
Morocco,1961,43.795
Morocco,1962,44.297
Morocco,1963,44.82
Morocco,1964,45.392
Morocco,1965,45.973
Morocco,1966,46.562
Morocco,1967,47.19
Morocco,1968,47.778
Morocco,1969,48.315
Morocco,1970,48.807
Morocco,1971,49.243
Morocco,1972,49.719
Morocco,1973,50.171
Morocco,1974,50.673
Morocco,1975,51.244
Morocco,1976,51.936
Morocco,1977,52.704
Morocco,1978,53.499
Morocco,1979,54.351
Morocco,1980,55.219
Morocco,1981,56.036
Morocco,1982,56.897
Morocco,1983,57.724
Morocco,1984,58.49
Morocco,1985,59.286
Morocco,1986,60.041
Morocco,1987,60.711
Morocco,1988,61.32
Morocco,1989,61.899
Morocco,1990,62.448
Morocco,1991,62.946
Morocco,1992,63.401
Morocco,1993,63.872
Morocco,1994,64.346
Morocco,1995,64.736
Morocco,1996,65.238
Morocco,1997,65.629
Morocco,1998,66.018
Morocco,1999,66.406
Morocco,2000,66.787
Morocco,2001,67.18
Morocco,2002,67.547
Morocco,2003,67.915
Morocco,2004,68.231
Morocco,2005,68.704
Morocco,2006,69.128
Morocco,2007,69.604
Morocco,2008,70.048
Morocco,2009,70.458
Morocco,2010,70.829
Morocco,2011,71.269
Morocco,2012,71.679
Morocco,2013,72.122
Morocco,2014,72.538
Morocco,2015,72.92
Morocco,2016,73.284
Morocco,2017,73.66
Morocco,2018,73.986
Morocco,2019,74.27
Morocco,2020,73.92
Morocco,2021,74.042
Morocco,2022,74.973
Moldova,1960,61.074
Moldova,1961,61.446
Moldova,1962,61.922
Moldova,1963,62.355
Moldova,1964,62.81
Moldova,1965,63.152
Moldova,1966,63.392
Moldova,1967,63.606
Moldova,1968,63.745
Moldova,1969,63.873
Moldova,1970,63.885
Moldova,1971,63.799
Moldova,1972,63.949
Moldova,1973,64.163
Moldova,1974,64.211
Moldova,1975,64.348
Moldova,1976,64.496
Moldova,1977,64.506
Moldova,1978,64.523
Moldova,1979,64.807
Moldova,1980,65.173
Moldova,1981,65.613
Moldova,1982,66.179
Moldova,1983,65.684
Moldova,1984,65.68
Moldova,1985,65.688
Moldova,1986,67.635
Moldova,1987,68.121
Moldova,1988,68.159
Moldova,1989,68.673
Moldova,1990,68.067
Moldova,1991,66.977
Moldova,1992,66.96
Moldova,1993,66.543
Moldova,1994,65.07
Moldova,1995,65.099
Moldova,1996,64.241
Moldova,1997,65.172
Moldova,1998,65.505
Moldova,1999,65.561
Moldova,2000,66.417
Moldova,2001,66.787
Moldova,2002,66.938
Moldova,2003,67.419
Moldova,2004,67.861
Moldova,2005,68.169
Moldova,2006,68.479
Moldova,2007,68.947
Moldova,2008,69.394
Moldova,2009,69.573
Moldova,2010,69.357
Moldova,2011,69.192
Moldova,2012,69.143
Moldova,2013,69.099
Moldova,2014,69.031
Moldova,2015,69.24
Moldova,2016,69.917
Moldova,2017,70.516
Moldova,2018,70.492
Moldova,2019,70.935
Moldova,2020,70.166
Moldova,2021,68.846
Moldova,2022,68.621
Madagascar,1960,43.241
Madagascar,1961,43.636
Madagascar,1962,44.056
Madagascar,1963,44.448
Madagascar,1964,44.87
Madagascar,1965,45.222
Madagascar,1966,45.573
Madagascar,1967,46.026
Madagascar,1968,46.521
Madagascar,1969,47.016
Madagascar,1970,47.507
Madagascar,1971,47.889
Madagascar,1972,48.337
Madagascar,1973,48.825
Madagascar,1974,49.218
Madagascar,1975,49.527
Madagascar,1976,49.666
Madagascar,1977,49.757
Madagascar,1978,49.813
Madagascar,1979,49.851
Madagascar,1980,49.821
Madagascar,1981,49.727
Madagascar,1982,49.633
Madagascar,1983,49.566
Madagascar,1984,49.545
Madagascar,1985,49.638
Madagascar,1986,49.806
Madagascar,1987,50.209
Madagascar,1988,50.594
Madagascar,1989,51.107
Madagascar,1990,51.701
Madagascar,1991,52.357
Madagascar,1992,53.039
Madagascar,1993,53.906
Madagascar,1994,54.436
Madagascar,1995,54.961
Madagascar,1996,55.522
Madagascar,1997,56.223
Madagascar,1998,56.917
Madagascar,1999,57.372
Madagascar,2000,57.938
Madagascar,2001,58.57
Madagascar,2002,58.892
Madagascar,2003,59.491
Madagascar,2004,60.149
Madagascar,2005,60.57
Madagascar,2006,61.315
Madagascar,2007,61.757
Madagascar,2008,62.142
Madagascar,2009,62.734
Madagascar,2010,62.873
Madagascar,2011,63.494
Madagascar,2012,63.544
Madagascar,2013,63.962
Madagascar,2014,64.255
Madagascar,2015,64.339
Madagascar,2016,64.997
Madagascar,2017,65.094
Madagascar,2018,65.27
Madagascar,2019,65.882
Madagascar,2020,65.182
Madagascar,2021,64.485
Madagascar,2022,65.23
Maldives,1960,38.529
Maldives,1961,38.982
Maldives,1962,39.458
Maldives,1963,40.071
Maldives,1964,40.722
Maldives,1965,41.383
Maldives,1966,42.055
Maldives,1967,42.771
Maldives,1968,43.554
Maldives,1969,44.275
Maldives,1970,45.068
Maldives,1971,46.125
Maldives,1972,47.112
Maldives,1973,48.214
Maldives,1974,49.359
Maldives,1975,50.519
Maldives,1976,51.592
Maldives,1977,52.632
Maldives,1978,51.105
Maldives,1979,54.676
Maldives,1980,55.621
Maldives,1981,56.421
Maldives,1982,57.296
Maldives,1983,58.09
Maldives,1984,58.916
Maldives,1985,59.749
Maldives,1986,60.517
Maldives,1987,61.31
Maldives,1988,62.132
Maldives,1989,62.847
Maldives,1990,63.578
Maldives,1991,64.304
Maldives,1992,65.007
Maldives,1993,65.739
Maldives,1994,66.511
Maldives,1995,67.476
Maldives,1996,68.702
Maldives,1997,69.225
Maldives,1998,69.572
Maldives,1999,70.088
Maldives,2000,70.876
Maldives,2001,72.181
Maldives,2002,73.291
Maldives,2003,74.06
Maldives,2004,73.538
Maldives,2005,74.751
Maldives,2006,75.13
Maldives,2007,75.686
Maldives,2008,76.543
Maldives,2009,77.069
Maldives,2010,77.657
Maldives,2011,78.124
Maldives,2012,78.682
Maldives,2013,79.057
Maldives,2014,79.424
Maldives,2015,79.695
Maldives,2016,79.872
Maldives,2017,79.943
Maldives,2018,80.013
Maldives,2019,80.116
Maldives,2020,79.875
Maldives,2021,79.918
Maldives,2022,80.839
Middle East & North Africa,1960,44.7377501138299
Middle East & North Africa,1961,45.9989952998494
Middle East & North Africa,1962,46.3009818124683
Middle East & North Africa,1963,46.888022385559204
Middle East & North Africa,1964,47.5667422773882
Middle East & North Africa,1965,48.1766139795397
Middle East & North Africa,1966,49.2102365604526
Middle East & North Africa,1967,49.679453860086
Middle East & North Africa,1968,50.1051253426557
Middle East & North Africa,1969,50.7146882722824
Middle East & North Africa,1970,51.3036186668657
Middle East & North Africa,1971,51.9932682547652
Middle East & North Africa,1972,52.5559966853628
Middle East & North Africa,1973,53.1621627711239
Middle East & North Africa,1974,53.973495762283
Middle East & North Africa,1975,54.5925514106027
Middle East & North Africa,1976,55.1170797740824
Middle East & North Africa,1977,56.3283811510893
Middle East & North Africa,1978,56.8866047779229
Middle East & North Africa,1979,58.0965593955216
Middle East & North Africa,1980,58.488335487155
Middle East & North Africa,1981,58.4019407722526
Middle East & North Africa,1982,58.8797151923472
Middle East & North Africa,1983,60.3706971312189
Middle East & North Africa,1984,61.628037083872
Middle East & North Africa,1985,62.40194935835
Middle East & North Africa,1986,62.9534572205363
Middle East & North Africa,1987,63.6546258988965
Middle East & North Africa,1988,64.0218449300433
Middle East & North Africa,1989,64.9642030337126
Middle East & North Africa,1990,64.9665647922059
Middle East & North Africa,1991,66.1241814313782
Middle East & North Africa,1992,66.689478290956
Middle East & North Africa,1993,67.0189642794392
Middle East & North Africa,1994,67.2118438132566
Middle East & North Africa,1995,67.5269548250013
Middle East & North Africa,1996,67.9148449489189
Middle East & North Africa,1997,68.1862881626338
Middle East & North Africa,1998,68.4191278291401
Middle East & North Africa,1999,68.84492282185
Middle East & North Africa,2000,69.2099859334069
Middle East & North Africa,2001,69.5607012874056
Middle East & North Africa,2002,69.9108613835257
Middle East & North Africa,2003,69.797918431483
Middle East & North Africa,2004,70.282469114802
Middle East & North Africa,2005,70.5758158918822
Middle East & North Africa,2006,70.7840033539717
Middle East & North Africa,2007,71.1202720403469
Middle East & North Africa,2008,71.3950019832394
Middle East & North Africa,2009,71.736490088585
Middle East & North Africa,2010,72.0029885680932
Middle East & North Africa,2011,72.27091525563
Middle East & North Africa,2012,72.18987905093
Middle East & North Africa,2013,72.2594236139353
Middle East & North Africa,2014,72.5406570793917
Middle East & North Africa,2015,72.8065855694486
Middle East & North Africa,2016,73.0769114628075
Middle East & North Africa,2017,73.5281125554958
Middle East & North Africa,2018,73.7045244867728
Middle East & North Africa,2019,73.8450052264577
Middle East & North Africa,2020,72.8525393886868
Middle East & North Africa,2021,72.6238492636692
Middle East & North Africa,2022,73.0940459752852
Mexico,1960,55.017
Mexico,1961,55.831
Mexico,1962,56.599
Mexico,1963,57.31
Mexico,1964,57.947
Mexico,1965,58.499
Mexico,1966,58.981
Mexico,1967,59.42
Mexico,1968,59.835
Mexico,1969,60.25
Mexico,1970,60.69
Mexico,1971,61.155
Mexico,1972,61.614
Mexico,1973,62.055
Mexico,1974,62.459
Mexico,1975,62.81
Mexico,1976,63.123
Mexico,1977,63.434
Mexico,1978,63.778
Mexico,1979,64.189
Mexico,1980,64.703
Mexico,1981,65.313
Mexico,1982,65.975
Mexico,1983,66.644
Mexico,1984,67.29
Mexico,1985,67.874
Mexico,1986,68.388
Mexico,1987,68.844
Mexico,1988,69.253
Mexico,1989,69.623
Mexico,1990,69.971
Mexico,1991,70.298
Mexico,1992,70.616
Mexico,1993,70.942
Mexico,1994,71.279
Mexico,1995,71.646
Mexico,1996,72.037
Mexico,1997,72.445
Mexico,1998,72.845
Mexico,1999,73.225
Mexico,2000,73.569
Mexico,2001,73.867
Mexico,2002,74.106
Mexico,2003,74.274
Mexico,2004,74.372
Mexico,2005,74.376
Mexico,2006,74.331
Mexico,2007,74.238
Mexico,2008,74.152
Mexico,2009,74.119
Mexico,2010,74.19
Mexico,2011,74.365
Mexico,2012,74.574
Mexico,2013,74.739
Mexico,2014,74.797
Mexico,2015,74.682
Mexico,2016,74.412
Mexico,2017,74.138
Mexico,2018,74.015
Mexico,2019,74.202
Mexico,2020,70.133
Mexico,2021,70.213
Mexico,2022,74.832
Marshall Islands,1960,53.821
Marshall Islands,1961,54.316
Marshall Islands,1962,54.928
Marshall Islands,1963,55.515
Marshall Islands,1964,56.049
Marshall Islands,1965,56.564
Marshall Islands,1966,57.052
Marshall Islands,1967,57.515
Marshall Islands,1968,57.919
Marshall Islands,1969,58.227
Marshall Islands,1970,58.538
Marshall Islands,1971,58.934
Marshall Islands,1972,59.352
Marshall Islands,1973,59.747
Marshall Islands,1974,60.081
Marshall Islands,1975,60.297
Marshall Islands,1976,60.486
Marshall Islands,1977,60.633
Marshall Islands,1978,60.742
Marshall Islands,1979,60.874
Marshall Islands,1980,61.015
Marshall Islands,1981,61.18
Marshall Islands,1982,61.403
Marshall Islands,1983,61.673
Marshall Islands,1984,61.93
Marshall Islands,1985,62.108
Marshall Islands,1986,62.161
Marshall Islands,1987,62.137
Marshall Islands,1988,62.161
Marshall Islands,1989,62.19
Marshall Islands,1990,62.176
Marshall Islands,1991,62.282
Marshall Islands,1992,62.383
Marshall Islands,1993,62.476
Marshall Islands,1994,62.558
Marshall Islands,1995,62.774
Marshall Islands,1996,63.034
Marshall Islands,1997,63.225
Marshall Islands,1998,63.364
Marshall Islands,1999,63.48
Marshall Islands,2000,63.275
Marshall Islands,2001,63.642
Marshall Islands,2002,63.719
Marshall Islands,2003,63.745
Marshall Islands,2004,63.695
Marshall Islands,2005,63.585
Marshall Islands,2006,63.489
Marshall Islands,2007,63.36
Marshall Islands,2008,63.236
Marshall Islands,2009,63.23
Marshall Islands,2010,63.226
Marshall Islands,2011,63.256
Marshall Islands,2012,63.373
Marshall Islands,2013,63.464
Marshall Islands,2014,63.623
Marshall Islands,2015,63.827
Marshall Islands,2016,64.057
Marshall Islands,2017,64.27
Marshall Islands,2018,64.5
Marshall Islands,2019,64.746
Marshall Islands,2020,64.977
Marshall Islands,2021,65.269
Marshall Islands,2022,65.146
Middle income,1960,43.5622476936909
Middle income,1961,46.3604547363995
Middle income,1962,50.0543541548585
Middle income,1963,50.5195573813056
Middle income,1964,51.0721282714412
Middle income,1965,50.8612435115422
Middle income,1966,51.6407991010626
Middle income,1967,52.1953765972699
Middle income,1968,52.9404800186147
Middle income,1969,53.4501683417172
Middle income,1970,53.7754801502963
Middle income,1971,53.8562281983773
Middle income,1972,55.0975254203984
Middle income,1973,55.7805252734452
Middle income,1974,56.3133751784314
Middle income,1975,56.9346858011609
Middle income,1976,57.5304689414344
Middle income,1977,58.1499512786251
Middle income,1978,58.6558351184958
Middle income,1979,59.186021260069
Middle income,1980,59.6734374903713
Middle income,1981,60.1095902070399
Middle income,1982,60.5455329218625
Middle income,1983,61.0114732406008
Middle income,1984,61.4429882099875
Middle income,1985,61.8174636135697
Middle income,1986,62.2246922723455
Middle income,1987,62.5678688496527
Middle income,1988,62.8571072940137
Middle income,1989,63.2046270541321
Middle income,1990,63.4461651406414
Middle income,1991,63.6500923374201
Middle income,1992,64.0555229221982
Middle income,1993,64.3403713709959
Middle income,1994,64.6048348917593
Middle income,1995,64.9015253492089
Middle income,1996,65.1600802736977
Middle income,1997,65.5171825187715
Middle income,1998,65.9083513895486
Middle income,1999,66.244472753315
Middle income,2000,66.5626371993698
Middle income,2001,66.9691104504296
Middle income,2002,67.3072670930188
Middle income,2003,67.5960313642943
Middle income,2004,67.811601354654
Middle income,2005,68.2162584040463
Middle income,2006,68.5635068673497
Middle income,2007,68.803911395756
Middle income,2008,68.9627387588659
Middle income,2009,69.3669377892916
Middle income,2010,69.6658612380139
Middle income,2011,70.0128951668079
Middle income,2012,70.3542347206698
Middle income,2013,70.6825479991982
Middle income,2014,71.0223410755717
Middle income,2015,71.3110093683544
Middle income,2016,71.5806383997142
Middle income,2017,71.8047791777568
Middle income,2018,72.0965934977823
Middle income,2019,72.287300775665
Middle income,2020,71.6169611419382
Middle income,2021,70.5441882938138
Middle income,2022,71.2481866258607
North Macedonia,1960,56.2230487804878
North Macedonia,1961,57.7998292682927
North Macedonia,1962,57.5233414634146
North Macedonia,1963,56.6993414634146
North Macedonia,1964,58.9859268292683
North Macedonia,1965,60.0019268292683
North Macedonia,1966,61.9598536585366
North Macedonia,1967,62.1278536585366
North Macedonia,1968,62.8637804878049
North Macedonia,1969,63.0265609756098
North Macedonia,1970,63.7193902439024
North Macedonia,1971,64.6176097560976
North Macedonia,1972,65.5491463414634
North Macedonia,1973,65.9361219512195
North Macedonia,1974,66.592
North Macedonia,1975,66.9877804878049
North Macedonia,1976,67.7455609756098
North Macedonia,1977,68.4434390243903
North Macedonia,1978,69.3591463414634
North Macedonia,1979,69.6502195121951
North Macedonia,1980,69.2471219512195
North Macedonia,1981,69.8104878048781
North Macedonia,1982,69.9555609756098
North Macedonia,1983,69.4826829268293
North Macedonia,1984,70.021756097561
North Macedonia,1985,70.0820731707317
North Macedonia,1986,70.383
North Macedonia,1987,70.3766097560976
North Macedonia,1988,70.8194390243902
North Macedonia,1989,71.1368292682927
North Macedonia,1990,71.2338048780488
North Macedonia,1991,71.8444390243903
North Macedonia,1992,71.2440731707317
North Macedonia,1993,71.9252926829268
North Macedonia,1994,71.6926829268293
North Macedonia,1995,71.8487804878049
North Macedonia,1996,72.4951219512195
North Macedonia,1997,72.4463414634146
North Macedonia,1998,72.2975609756098
North Macedonia,1999,72.790243902439
North Macedonia,2000,72.9463414634147
North Macedonia,2001,73.4365853658537
North Macedonia,2002,73.0390243902439
North Macedonia,2003,73.2414634146342
North Macedonia,2004,73.5975609756098
North Macedonia,2005,73.6975609756098
North Macedonia,2006,73.8951219512195
North Macedonia,2007,73.8
North Macedonia,2008,74.4
North Macedonia,2009,74.4463414634146
North Macedonia,2010,74.9975609756098
North Macedonia,2011,75.1
North Macedonia,2012,74.9024390243903
North Macedonia,2013,75.4
North Macedonia,2014,75.4512195121951
North Macedonia,2015,75.4024390243902
North Macedonia,2016,75.4
North Macedonia,2017,75.9536585365854
North Macedonia,2018,76.6487804878049
North Macedonia,2019,76.6024390243903
North Macedonia,2020,74.3951219512195
North Macedonia,2021,73.2463414634146
North Macedonia,2022,74.4248780487805
Mali,1960,29.754
Mali,1961,29.83
Mali,1962,29.939
Mali,1963,30.154
Mali,1964,30.418
Mali,1965,30.623
Mali,1966,30.871
Mali,1967,31.212
Mali,1968,31.631
Mali,1969,32.045
Mali,1970,32.532
Mali,1971,32.937
Mali,1972,33.86
Mali,1973,34.565
Mali,1974,35.426
Mali,1975,36.225
Mali,1976,37.195
Mali,1977,38.106
Mali,1978,39.062
Mali,1979,39.953
Mali,1980,40.751
Mali,1981,41.215
Mali,1982,41.824
Mali,1983,42.142
Mali,1984,42.699
Mali,1985,43.207
Mali,1986,43.977
Mali,1987,44.693
Mali,1988,45.393
Mali,1989,45.877
Mali,1990,46.62
Mali,1991,47.216
Mali,1992,47.496
Mali,1993,47.733
Mali,1994,47.742
Mali,1995,47.816
Mali,1996,47.792
Mali,1997,48.531
Mali,1998,49.164
Mali,1999,49.797
Mali,2000,50.539
Mali,2001,51.284
Mali,2002,52.222
Mali,2003,52.893
Mali,2004,53.538
Mali,2005,54.003
Mali,2006,54.615
Mali,2007,54.941
Mali,2008,55.291
Mali,2009,55.874
Mali,2010,56.382
Mali,2011,56.755
Mali,2012,57.079
Mali,2013,57.357
Mali,2014,57.9
Mali,2015,58.363
Mali,2016,58.731
Mali,2017,59.132
Mali,2018,59.393
Mali,2019,59.664
Mali,2020,58.633
Mali,2021,58.941
Mali,2022,59.417
Malta,1960,68.2142926829268
Malta,1961,68.0136097560976
Malta,1962,68.3859268292683
Malta,1963,67.8719512195122
Malta,1964,68.7980487804878
Malta,1965,68.4015609756098
Malta,1966,68.634512195122
Malta,1967,69.0097804878049
Malta,1968,69.6604390243902
Malta,1969,68.8092195121951
Malta,1970,69.0655609756098
Malta,1971,69.2225365853659
Malta,1972,70.7243902439024
Malta,1973,70.4687073170732
Malta,1974,71.5136341463415
Malta,1975,71.5316341463415
Malta,1976,71.4693414634147
Malta,1977,71.6942195121951
Malta,1978,71.7854146341463
Malta,1979,71.8942682926829
Malta,1980,72.039
Malta,1981,72.5352195121951
Malta,1982,70.8298048780488
Malta,1983,72.5209268292683
Malta,1984,72.8789756097561
Malta,1985,73.0636829268293
Malta,1986,73.6232195121951
Malta,1987,74.506243902439
Malta,1988,74.7100731707317
Malta,1989,75.3041219512195
Malta,1990,75.8799756097561
Malta,1991,75.3554634146342
Malta,1992,75.2771219512195
Malta,1993,76.5993414634146
Malta,1994,76.4998536585366
Malta,1995,77.290243902439
Malta,1996,77.3414634146342
Malta,1997,77.7390243902439
Malta,1998,77.5878048780488
Malta,1999,77.5
Malta,2000,78.3487804878049
Malta,2001,78.8439024390244
Malta,2002,78.7390243902439
Malta,2003,78.5463414634146
Malta,2004,79.2536585365854
Malta,2005,79.3
Malta,2006,79.4390243902439
Malta,2007,79.7926829268293
Malta,2008,79.6365853658537
Malta,2009,80.2414634146342
Malta,2010,81.3975609756098
Malta,2011,80.7463414634146
Malta,2012,80.7463414634146
Malta,2013,81.7463414634146
Malta,2014,82.0463414634146
Malta,2015,81.8975609756097
Malta,2016,82.4536585365854
Malta,2017,82.3463414634146
Malta,2018,82.4487804878049
Malta,2019,82.8585365853659
Malta,2020,82.3487804878049
Malta,2021,82.5073170731707
Malta,2022,82.7
Myanmar,1960,43.906
Myanmar,1961,44.385
Myanmar,1962,45.023
Myanmar,1963,45.636
Myanmar,1964,46.497
Myanmar,1965,47.46
Myanmar,1966,48.369
Myanmar,1967,49.297
Myanmar,1968,50.101
Myanmar,1969,50.342
Myanmar,1970,50.713
Myanmar,1971,51.215
Myanmar,1972,51.498
Myanmar,1973,51.87
Myanmar,1974,52.246
Myanmar,1975,52.516
Myanmar,1976,52.982
Myanmar,1977,53.305
Myanmar,1978,53.474
Myanmar,1979,53.944
Myanmar,1980,54.362
Myanmar,1981,54.646
Myanmar,1982,54.955
Myanmar,1983,55.202
Myanmar,1984,55.472
Myanmar,1985,55.642
Myanmar,1986,55.877
Myanmar,1987,56.076
Myanmar,1988,56.085
Myanmar,1989,56.565
Myanmar,1990,56.661
Myanmar,1991,57.014
Myanmar,1992,57.251
Myanmar,1993,57.631
Myanmar,1994,57.956
Myanmar,1995,58.259
Myanmar,1996,58.941
Myanmar,1997,59.243
Myanmar,1998,59.794
Myanmar,1999,59.881
Myanmar,2000,60.155
Myanmar,2001,60.416
Myanmar,2002,60.725
Myanmar,2003,60.98
Myanmar,2004,61.25
Myanmar,2005,61.599
Myanmar,2006,61.893
Myanmar,2007,62.371
Myanmar,2008,56.506
Myanmar,2009,63.155
Myanmar,2010,63.329
Myanmar,2011,63.901
Myanmar,2012,64.141
Myanmar,2013,64.815
Myanmar,2014,65.056
Myanmar,2015,65.561
Myanmar,2016,65.685
Myanmar,2017,65.843
Myanmar,2018,66.465
Myanmar,2019,66.61
Myanmar,2020,66.797
Myanmar,2021,65.672
Myanmar,2022,67.256
Middle East & North Africa (excluding high income),1960,44.6201056393899
Middle East & North Africa (excluding high income),1961,45.331535982768
Middle East & North Africa (excluding high income),1962,45.6021188028632
Middle East & North Africa (excluding high income),1963,46.7621884892708
Middle East & North Africa (excluding high income),1964,47.4332070352442
Middle East & North Africa (excluding high income),1965,48.0340912093254
Middle East & North Africa (excluding high income),1966,48.5451134819914
Middle East & North Africa (excluding high income),1967,49.0159861274777
Middle East & North Africa (excluding high income),1968,49.4390455098083
Middle East & North Africa (excluding high income),1969,50.0478736230298
Middle East & North Africa (excluding high income),1970,50.6214226183576
Middle East & North Africa (excluding high income),1971,51.292739677768
Middle East & North Africa (excluding high income),1972,51.8601146888574
Middle East & North Africa (excluding high income),1973,52.4356808761249
Middle East & North Africa (excluding high income),1974,53.2493541018646
Middle East & North Africa (excluding high income),1975,53.8568437526573
Middle East & North Africa (excluding high income),1976,54.3471041325298
Middle East & North Africa (excluding high income),1977,55.5987772565244
Middle East & North Africa (excluding high income),1978,56.139450161845
Middle East & North Africa (excluding high income),1979,57.384209220938
Middle East & North Africa (excluding high income),1980,57.7375757691373
Middle East & North Africa (excluding high income),1981,57.583839181163
Middle East & North Africa (excluding high income),1982,58.0587513237414
Middle East & North Africa (excluding high income),1983,59.6202372483895
Middle East & North Africa (excluding high income),1984,60.9369194990604
Middle East & North Africa (excluding high income),1985,61.7292238522274
Middle East & North Africa (excluding high income),1986,62.2952770907471
Middle East & North Africa (excluding high income),1987,63.0123508608458
Middle East & North Africa (excluding high income),1988,63.3900294996291
Middle East & North Africa (excluding high income),1989,64.345607755118
Middle East & North Africa (excluding high income),1990,64.348546221197
Middle East & North Africa (excluding high income),1991,65.5817430180689
Middle East & North Africa (excluding high income),1992,66.1500081097363
Middle East & North Africa (excluding high income),1993,66.4632920507522
Middle East & North Africa (excluding high income),1994,66.6423411256736
Middle East & North Africa (excluding high income),1995,66.9614092883951
Middle East & North Africa (excluding high income),1996,67.3493019791973
Middle East & North Africa (excluding high income),1997,67.6257811928226
Middle East & North Africa (excluding high income),1998,67.843812206705
Middle East & North Africa (excluding high income),1999,68.2719986418054
Middle East & North Africa (excluding high income),2000,68.6279004726475
Middle East & North Africa (excluding high income),2001,68.958960658729
Middle East & North Africa (excluding high income),2002,69.3107242326475
Middle East & North Africa (excluding high income),2003,69.1311471975185
Middle East & North Africa (excluding high income),2004,69.6145833792408
Middle East & North Africa (excluding high income),2005,69.8996974232218
Middle East & North Africa (excluding high income),2006,70.0897604623405
Middle East & North Africa (excluding high income),2007,70.4248605462317
Middle East & North Africa (excluding high income),2008,70.6773371467419
Middle East & North Africa (excluding high income),2009,71.0108280721541
Middle East & North Africa (excluding high income),2010,71.2634042683249
Middle East & North Africa (excluding high income),2011,71.5090628605681
Middle East & North Africa (excluding high income),2012,71.3677851679123
Middle East & North Africa (excluding high income),2013,71.3945858549039
Middle East & North Africa (excluding high income),2014,71.681597809462
Middle East & North Africa (excluding high income),2015,71.9449582874336
Middle East & North Africa (excluding high income),2016,72.211025104653
Middle East & North Africa (excluding high income),2017,72.7140285449284
Middle East & North Africa (excluding high income),2018,72.9145963153561
Middle East & North Africa (excluding high income),2019,73.0722424625567
Middle East & North Africa (excluding high income),2020,72.1055788239625
Middle East & North Africa (excluding high income),2021,71.8224203926076
Middle East & North Africa (excluding high income),2022,72.2103836349625
Montenegro,1960,64.8736097560976
Montenegro,1961,65.4191219512195
Montenegro,1962,65.8979756097561
Montenegro,1963,66.8162195121951
Montenegro,1964,67.1505365853659
Montenegro,1965,67.9873658536585
Montenegro,1966,68.8546829268293
Montenegro,1967,68.8679756097561
Montenegro,1968,69.2376829268293
Montenegro,1969,69.0066097560976
Montenegro,1970,69.0921951219512
Montenegro,1971,69.5301707317073
Montenegro,1972,70.3741951219512
Montenegro,1973,70.5930731707317
Montenegro,1974,71.220756097561
Montenegro,1975,71.174243902439
Montenegro,1976,71.5699512195122
Montenegro,1977,71.3515365853658
Montenegro,1978,71.1449268292683
Montenegro,1979,70.4828292682927
Montenegro,1980,71.6091219512195
Montenegro,1981,71.2397804878049
Montenegro,1982,71.1811463414634
Montenegro,1983,71.1316829268293
Montenegro,1984,72.7682682926829
Montenegro,1985,73.8543658536585
Montenegro,1986,74.2454634146342
Montenegro,1987,75.0944146341464
Montenegro,1988,76.2375365853659
Montenegro,1989,75.5379024390244
Montenegro,1990,75.5668780487805
Montenegro,1991,75.6826097560976
Montenegro,1992,74.3653658536585
Montenegro,1993,74.6332926829268
Montenegro,1994,73.2455365853659
Montenegro,1995,74.109
Montenegro,1996,73.4630243902439
Montenegro,1997,73.4790731707317
Montenegro,1998,73.3142195121951
Montenegro,1999,72.640756097561
Montenegro,2000,73.8184878048781
Montenegro,2001,74.0694146341464
Montenegro,2002,73.9064878048781
Montenegro,2003,73.9317317073171
Montenegro,2004,74.5639512195122
Montenegro,2005,73.9829268292683
Montenegro,2006,73.8390243902439
Montenegro,2007,74.3390243902439
Montenegro,2008,75.1365853658537
Montenegro,2009,75.1439024390244
Montenegro,2010,75.990243902439
Montenegro,2011,75.9829268292683
Montenegro,2012,76.2
Montenegro,2013,76.490243902439
Montenegro,2014,76.4414634146341
Montenegro,2015,76.4487804878049
Montenegro,2016,76.4414634146341
Montenegro,2017,76.4853658536585
Montenegro,2018,76.8414634146342
Montenegro,2019,76.6829268292683
Montenegro,2020,75.9317073170732
Montenegro,2021,73.8243902439024
Montenegro,2022,76.1878048780488
Mongolia,1960,44.984
Mongolia,1961,46.068
Mongolia,1962,47.109
Mongolia,1963,48.065
Mongolia,1964,48.921
Mongolia,1965,49.619
Mongolia,1966,50.186
Mongolia,1967,50.887
Mongolia,1968,51.457
Mongolia,1969,52.004
Mongolia,1970,52.678
Mongolia,1971,53.345
Mongolia,1972,54.016
Mongolia,1973,54.631
Mongolia,1974,55.215
Mongolia,1975,55.65
Mongolia,1976,55.432
Mongolia,1977,55.501
Mongolia,1978,55.547
Mongolia,1979,55.573
Mongolia,1980,55.64
Mongolia,1981,55.693
Mongolia,1982,55.777
Mongolia,1983,56.232
Mongolia,1984,56.687
Mongolia,1985,56.841
Mongolia,1986,56.911
Mongolia,1987,57.388
Mongolia,1988,57.87
Mongolia,1989,58.344
Mongolia,1990,58.765
Mongolia,1991,59.237
Mongolia,1992,59.641
Mongolia,1993,60.038
Mongolia,1994,60.405
Mongolia,1995,60.612
Mongolia,1996,60.305
Mongolia,1997,60.815
Mongolia,1998,61.765
Mongolia,1999,62.529
Mongolia,2000,62.882
Mongolia,2001,63.279
Mongolia,2002,63.518
Mongolia,2003,64.208
Mongolia,2004,64.796
Mongolia,2005,64.879
Mongolia,2006,65.513
Mongolia,2007,65.97
Mongolia,2008,66.382
Mongolia,2009,66.766
Mongolia,2010,67.182
Mongolia,2011,67.439
Mongolia,2012,68.111
Mongolia,2013,68.585
Mongolia,2014,69.047
Mongolia,2015,69.498
Mongolia,2016,69.865
Mongolia,2017,70.237
Mongolia,2018,71.199
Mongolia,2019,71.822
Mongolia,2020,72.141
Mongolia,2021,70.975
Mongolia,2022,72.667
Mozambique,1960,41.221
Mozambique,1961,41.59
Mozambique,1962,41.832
Mozambique,1963,41.934
Mozambique,1964,41.67
Mozambique,1965,41.699
Mozambique,1966,41.639
Mozambique,1967,41.663
Mozambique,1968,41.667
Mozambique,1969,41.71
Mozambique,1970,41.755
Mozambique,1971,41.739
Mozambique,1972,41.59
Mozambique,1973,41.707
Mozambique,1974,42.065
Mozambique,1975,42.582
Mozambique,1976,42.635
Mozambique,1977,42.7
Mozambique,1978,42.795
Mozambique,1979,42.744
Mozambique,1980,42.801
Mozambique,1981,40.536
Mozambique,1982,40.703
Mozambique,1983,40.83
Mozambique,1984,38.38
Mozambique,1985,38.657
Mozambique,1986,40.681
Mozambique,1987,40.843
Mozambique,1988,43.844
Mozambique,1989,44.143
Mozambique,1990,44.469
Mozambique,1991,44.66
Mozambique,1992,44.949
Mozambique,1993,45.354
Mozambique,1994,45.606
Mozambique,1995,46.04
Mozambique,1996,46.636
Mozambique,1997,47.408
Mozambique,1998,48.024
Mozambique,1999,48.812
Mozambique,2000,49.491
Mozambique,2001,50.065
Mozambique,2002,50.59
Mozambique,2003,50.87
Mozambique,2004,51.249
Mozambique,2005,51.561
Mozambique,2006,51.961
Mozambique,2007,52.566
Mozambique,2008,53.164
Mozambique,2009,53.788
Mozambique,2010,54.198
Mozambique,2011,54.869
Mozambique,2012,55.639
Mozambique,2013,56.492
Mozambique,2014,57.274
Mozambique,2015,58.151
Mozambique,2016,59.038
Mozambique,2017,59.771
Mozambique,2018,60.526
Mozambique,2019,61.166
Mozambique,2020,61.172
Mozambique,2021,59.325
Mozambique,2022,59.625
Mauritania,1960,44.767
Mauritania,1961,45.44
Mauritania,1962,46.049
Mauritania,1963,46.689
Mauritania,1964,47.446
Mauritania,1965,48.059
Mauritania,1966,48.728
Mauritania,1967,49.366
Mauritania,1968,50.038
Mauritania,1969,50.633
Mauritania,1970,51.038
Mauritania,1971,51.387
Mauritania,1972,51.656
Mauritania,1973,51.898
Mauritania,1974,52.184
Mauritania,1975,52.65
Mauritania,1976,52.917
Mauritania,1977,53.37
Mauritania,1978,53.855
Mauritania,1979,54.474
Mauritania,1980,55.061
Mauritania,1981,55.662
Mauritania,1982,56.275
Mauritania,1983,56.682
Mauritania,1984,57.16
Mauritania,1985,57.575
Mauritania,1986,57.992
Mauritania,1987,58.581
Mauritania,1988,59.141
Mauritania,1989,59.322
Mauritania,1990,59.77
Mauritania,1991,59.936
Mauritania,1992,60.261
Mauritania,1993,60.379
Mauritania,1994,60.336
Mauritania,1995,60.259
Mauritania,1996,60.063
Mauritania,1997,60.452
Mauritania,1998,60.609
Mauritania,1999,60.819
Mauritania,2000,61.028
Mauritania,2001,61.185
Mauritania,2002,61.268
Mauritania,2003,61.347
Mauritania,2004,61.593
Mauritania,2005,61.656
Mauritania,2006,61.891
Mauritania,2007,62.228
Mauritania,2008,62.399
Mauritania,2009,62.8
Mauritania,2010,63.105
Mauritania,2011,63.346
Mauritania,2012,63.578
Mauritania,2013,63.911
Mauritania,2014,64.155
Mauritania,2015,64.485
Mauritania,2016,64.768
Mauritania,2017,65.083
Mauritania,2018,65.31
Mauritania,2019,65.687
Mauritania,2020,64.532
Mauritania,2021,64.364
Mauritania,2022,64.691
Mauritius,1960,55.4665365853659
Mauritius,1961,56.5219756097561
Mauritius,1962,57.4912926829268
Mauritius,1963,58.3532195121951
Mauritius,1964,59.14
Mauritius,1965,59.5678536585366
Mauritius,1966,59.1501951219512
Mauritius,1967,58.3205365853659
Mauritius,1968,58.6668048780488
Mauritius,1969,59.855
Mauritius,1970,61.0003658536585
Mauritius,1971,60.9889756097561
Mauritius,1972,60.7334634146342
Mauritius,1973,61.0567073170732
Mauritius,1974,61.643756097561
Mauritius,1975,62.3558048780488
Mauritius,1976,62.8667804878049
Mauritius,1977,63.7620975609756
Mauritius,1978,64.5939268292683
Mauritius,1979,65.3064390243902
Mauritius,1980,65.8164878048781
Mauritius,1981,66.5479512195122
Mauritius,1982,67.034756097561
Mauritius,1983,67.2856341463415
Mauritius,1984,67.3439024390244
Mauritius,1985,67.4906341463415
Mauritius,1986,67.7710487804878
Mauritius,1987,68.0969756097561
Mauritius,1988,68.3612195121951
Mauritius,1989,68.95
Mauritius,1990,69.4048780487805
Mauritius,1991,69.9560975609756
Mauritius,1992,70.0585365853659
Mauritius,1993,70.1073170731707
Mauritius,1994,70.1585365853659
Mauritius,1995,70.3258536585366
Mauritius,1996,70.3229268292683
Mauritius,1997,70.4048780487805
Mauritius,1998,70.6073170731707
Mauritius,1999,70.9609756097561
Mauritius,2000,71.6634146341463
Mauritius,2001,71.7658536585366
Mauritius,2002,71.9658536585366
Mauritius,2003,72.1170731707317
Mauritius,2004,72.2658536585366
Mauritius,2005,72.4321951219512
Mauritius,2006,72.4321951219512
Mauritius,2007,72.5707317073171
Mauritius,2008,72.5707317073171
Mauritius,2009,72.8824390243903
Mauritius,2010,72.9673170731707
Mauritius,2011,73.2668292682927
Mauritius,2012,73.8634146341464
Mauritius,2013,74.0170731707317
Mauritius,2014,74.1943902439024
Mauritius,2015,74.3531707317073
Mauritius,2016,74.3948780487805
Mauritius,2017,74.5146341463415
Mauritius,2018,74.4163414634146
Mauritius,2019,74.2358536585366
Mauritius,2020,74.1770731707317
Mauritius,2021,73.680243902439
Mauritius,2022,73.5146341463415
Malawi,1960,35.199
Malawi,1961,35.326
Malawi,1962,35.654
Malawi,1963,35.618
Malawi,1964,35.692
Malawi,1965,35.724
Malawi,1966,35.866
Malawi,1967,35.897
Malawi,1968,36.036
Malawi,1969,36.321
Malawi,1970,36.731
Malawi,1971,37.239
Malawi,1972,37.904
Malawi,1973,38.544
Malawi,1974,39.271
Malawi,1975,40.222
Malawi,1976,41.227
Malawi,1977,42.233
Malawi,1978,43.29
Malawi,1979,44.268
Malawi,1980,45.094
Malawi,1981,45.701
Malawi,1982,45.991
Malawi,1983,46.038
Malawi,1984,45.579
Malawi,1985,44.947
Malawi,1986,44.343
Malawi,1987,43.811
Malawi,1988,43.383
Malawi,1989,43.34
Malawi,1990,43.323
Malawi,1991,43.312
Malawi,1992,43.413
Malawi,1993,43.388
Malawi,1994,43.561
Malawi,1995,43.641
Malawi,1996,43.441
Malawi,1997,43.131
Malawi,1998,42.848
Malawi,1999,43.568
Malawi,2000,44.518
Malawi,2001,45.895
Malawi,2002,47.221
Malawi,2003,48.79
Malawi,2004,50.453
Malawi,2005,52.044
Malawi,2006,53.238
Malawi,2007,53.946
Malawi,2008,54.604
Malawi,2009,55.448
Malawi,2010,56.381
Malawi,2011,57.455
Malawi,2012,58.679
Malawi,2013,59.729
Malawi,2014,60.899
Malawi,2015,61.378
Malawi,2016,62.209
Malawi,2017,62.977
Malawi,2018,63.276
Malawi,2019,64.119
Malawi,2020,63.717
Malawi,2021,62.904
Malawi,2022,62.898
Malaysia,1960,56.502
Malaysia,1961,57.434
Malaysia,1962,58.404
Malaysia,1963,59.26
Malaysia,1964,60.063
Malaysia,1965,60.95
Malaysia,1966,61.375
Malaysia,1967,61.797
Malaysia,1968,62.194
Malaysia,1969,62.644
Malaysia,1970,63.111
Malaysia,1971,63.584
Malaysia,1972,64.083
Malaysia,1973,64.62
Malaysia,1974,65.209
Malaysia,1975,65.712
Malaysia,1976,66.277
Malaysia,1977,66.811
Malaysia,1978,67.285
Malaysia,1979,67.762
Malaysia,1980,68.245
Malaysia,1981,68.852
Malaysia,1982,69.24
Malaysia,1983,69.567
Malaysia,1984,69.937
Malaysia,1985,70.318
Malaysia,1986,70.458
Malaysia,1987,70.666
Malaysia,1988,70.896
Malaysia,1989,71.117
Malaysia,1990,71.307
Malaysia,1991,71.442
Malaysia,1992,71.526
Malaysia,1993,71.826
Malaysia,1994,72.163
Malaysia,1995,72.384
Malaysia,1996,72.327
Malaysia,1997,72.284
Malaysia,1998,72.168
Malaysia,1999,72.283
Malaysia,2000,72.775
Malaysia,2001,73.344
Malaysia,2002,73.563
Malaysia,2003,73.796
Malaysia,2004,73.898
Malaysia,2005,74.096
Malaysia,2006,74.164
Malaysia,2007,74.211
Malaysia,2008,74.25
Malaysia,2009,74.227
Malaysia,2010,74.442
Malaysia,2011,74.746
Malaysia,2012,74.944
Malaysia,2013,75.035
Malaysia,2014,75.146
Malaysia,2015,75.094
Malaysia,2016,75.289
Malaysia,2017,75.476
Malaysia,2018,75.644
Malaysia,2019,75.76
Malaysia,2020,75.938
Malaysia,2021,74.884
Malaysia,2022,76.26
North America,1960,69.8930254471572
North America,1961,70.3666816669712
North America,1962,70.2313279284649
North America,1963,70.0490217810516
North America,1964,70.3126180161887
North America,1965,70.3665072285613
North America,1966,70.3765131139063
North America,1967,70.7138499250808
North America,1968,70.175868097854
North America,1969,70.6941949099211
North America,1970,70.9853015154205
North America,1971,71.2905010471145
North America,1972,71.3259621066848
North America,1973,71.5295282779908
North America,1974,72.0796672886995
North America,1975,72.6935881341026
North America,1976,72.952963935315
North America,1977,73.3491344207106
North America,1978,73.4700375610248
North America,1979,73.9078100377872
North America,1980,73.7550325094245
North America,1981,74.1548990839892
North America,1982,74.4942506463051
North America,1983,74.6196298408694
North America,1984,74.7365968860346
North America,1985,74.735935902001
North America,1986,74.7956407463576
North America,1987,74.9637456471273
North America,1988,74.9725308905481
North America,1989,75.2266328481289
North America,1990,75.4363122226809
North America,1991,75.5879542615251
North America,1992,75.8378387534467
North America,1993,75.6464218746814
North America,1994,75.8426444266354
North America,1995,75.8555067587692
North America,1996,76.2444380674847
North America,1997,76.6255613612134
North America,1998,76.7824562044737
North America,1999,76.8050228315179
North America,2000,76.8851526411162
North America,2001,77.0885900888134
North America,2002,77.1922845224891
North America,2003,77.3004018065646
North America,2004,77.7347654810688
North America,2005,77.7460571337797
North America,2006,77.9687963714319
North America,2007,78.2396000881523
North America,2008,78.303769574689
North America,2009,78.6548560356247
North America,2010,78.8171970330553
North America,2011,78.9239636974848
North America,2012,79.0328702741793
North America,2013,79.0416938002444
North America,2014,79.1362573742326
North America,2015,79.0036487303218
North America,2016,78.8797301086062
North America,2017,78.8724720142716
North America,2018,78.9658404447629
North America,2019,79.141357645223
North America,2020,77.462717090877
North America,2021,76.8726640169191
North America,2022,77.8387652653349
Namibia,1960,47.679
Namibia,1961,48.374
Namibia,1962,49.087
Namibia,1963,49.714
Namibia,1964,50.434
Namibia,1965,51.039
Namibia,1966,51.439
Namibia,1967,52.035
Namibia,1968,52.601
Namibia,1969,53.117
Namibia,1970,53.63
Namibia,1971,54.237
Namibia,1972,54.781
Namibia,1973,55.374
Namibia,1974,55.893
Namibia,1975,56.547
Namibia,1976,57.015
Namibia,1977,57.553
Namibia,1978,58.085
Namibia,1979,58.439
Namibia,1980,56.775
Namibia,1981,57.123
Namibia,1982,57.644
Namibia,1983,57.969
Namibia,1984,58.512
Namibia,1985,59.041
Namibia,1986,59.555
Namibia,1987,60.207
Namibia,1988,60.248
Namibia,1989,62.642
Namibia,1990,62.496
Namibia,1991,62.098
Namibia,1992,61.545
Namibia,1993,60.86
Namibia,1994,59.846
Namibia,1995,58.634
Namibia,1996,56.918
Namibia,1997,55.558
Namibia,1998,54.101
Namibia,1999,53.036
Namibia,2000,51.99
Namibia,2001,51.26
Namibia,2002,51.254
Namibia,2003,51.083
Namibia,2004,51.246
Namibia,2005,51.787
Namibia,2006,52.655
Namibia,2007,53.68
Namibia,2008,54.653
Namibia,2009,55.496
Namibia,2010,56.015
Namibia,2011,56.553
Namibia,2012,57.64
Namibia,2013,58.694
Namibia,2014,59.822
Namibia,2015,60.7
Namibia,2016,61.682
Namibia,2017,62.293
Namibia,2018,62.586
Namibia,2019,63.075
Namibia,2020,62.829
Namibia,2021,59.269
Namibia,2022,58.059
New Caledonia,1960,58.6390243902439
New Caledonia,1961,59.0390243902439
New Caledonia,1962,59.4390243902439
New Caledonia,1963,59.8878048780488
New Caledonia,1964,60.3365853658537
New Caledonia,1965,60.7853658536585
New Caledonia,1966,61.2341463414634
New Caledonia,1967,61.6829268292683
New Caledonia,1968,62.1317073170732
New Caledonia,1969,62.5804878048781
New Caledonia,1970,63.0292682926829
New Caledonia,1971,63.4780487804878
New Caledonia,1972,63.9268292682927
New Caledonia,1973,64.3756097560976
New Caledonia,1974,64.8243902439024
New Caledonia,1975,65.2731707317073
New Caledonia,1976,65.7219512195122
New Caledonia,1977,66.1707317073171
New Caledonia,1978,66.3036585365854
New Caledonia,1979,66.4365853658537
New Caledonia,1980,66.569512195122
New Caledonia,1981,66.7024390243903
New Caledonia,1982,66.919512195122
New Caledonia,1983,68.5878048780488
New Caledonia,1984,68.0634146341464
New Caledonia,1985,68.7658536585366
New Caledonia,1986,69.0634146341463
New Caledonia,1987,69.4268292682927
New Caledonia,1988,69.4536585365854
New Caledonia,1989,69.0853658536585
New Caledonia,1990,70.4853658536585
New Caledonia,1991,70.3585365853659
New Caledonia,1992,71.6146341463415
New Caledonia,1993,71.6560975609756
New Caledonia,1994,70.6731707317073
New Caledonia,1995,72.009756097561
New Caledonia,1996,71.9975609756098
New Caledonia,1997,71.7390243902439
New Caledonia,1998,74.3756097560976
New Caledonia,1999,73.8756097560976
New Caledonia,2000,75.1634146341463
New Caledonia,2001,74.8317073170732
New Caledonia,2002,75.1024390243903
New Caledonia,2003,75.2707317073171
New Caledonia,2004,75.4707317073171
New Caledonia,2005,75.7219512195122
New Caledonia,2006,76.0756097560976
New Caledonia,2007,76.4780487804878
New Caledonia,2008,76.6804878048781
New Caledonia,2009,76.9804878048781
New Caledonia,2010,77.2804878048781
New Caledonia,2011,76.6317073170732
New Caledonia,2012,77.0780487804878
New Caledonia,2013,77.1780487804878
New Caledonia,2014,77.2365853658537
New Caledonia,2015,77.2804878048781
New Caledonia,2016,76.9317073170732
New Caledonia,2017,77.5390243902439
New Caledonia,2018,80.0030975609756
New Caledonia,2019,80.4197073170732
New Caledonia,2020,80.8349512195122
New Caledonia,2021,79.1273414634146
New Caledonia,2022,80.9820731707317
Niger,1960,36.404
Niger,1961,36.556
Niger,1962,36.639
Niger,1963,36.736
Niger,1964,36.744
Niger,1965,36.753
Niger,1966,36.807
Niger,1967,36.83
Niger,1968,36.611
Niger,1969,36.354
Niger,1970,36.062
Niger,1971,35.293
Niger,1972,35.632
Niger,1973,35.704
Niger,1974,36.003
Niger,1975,36.588
Niger,1976,36.976
Niger,1977,37.644
Niger,1978,38.45
Niger,1979,39.202
Niger,1980,39.678
Niger,1981,40.165
Niger,1982,40.301
Niger,1983,40.359
Niger,1984,40.059
Niger,1985,40.031
Niger,1986,40.129
Niger,1987,40.433
Niger,1988,40.79
Niger,1989,41.221
Niger,1990,41.852
Niger,1991,42.218
Niger,1992,42.947
Niger,1993,43.817
Niger,1994,44.714
Niger,1995,45.774
Niger,1996,46.676
Niger,1997,47.505
Niger,1998,48.191
Niger,1999,48.738
Niger,2000,49.322
Niger,2001,49.841
Niger,2002,50.562
Niger,2003,51.434
Niger,2004,52.589
Niger,2005,53.59
Niger,2006,54.596
Niger,2007,55.553
Niger,2008,56.508
Niger,2009,57.396
Niger,2010,58.367
Niger,2011,58.994
Niger,2012,59.65
Niger,2013,60.239
Niger,2014,60.786
Niger,2015,61.083
Niger,2016,61.629
Niger,2017,62.16
Niger,2018,62.454
Niger,2019,62.897
Niger,2020,61.451
Niger,2021,61.576
Niger,2022,62.08
Nigeria,1960,37.371
Nigeria,1961,37.673
Nigeria,1962,37.809
Nigeria,1963,38.192
Nigeria,1964,38.415
Nigeria,1965,38.68
Nigeria,1966,38.797
Nigeria,1967,37.573
Nigeria,1968,38.482
Nigeria,1969,38.718
Nigeria,1970,39.713
Nigeria,1971,40.48
Nigeria,1972,41.273
Nigeria,1973,42.011
Nigeria,1974,42.791
Nigeria,1975,43.662
Nigeria,1976,44.721
Nigeria,1977,45.558
Nigeria,1978,46.019
Nigeria,1979,46.215
Nigeria,1980,46.349
Nigeria,1981,46.493
Nigeria,1982,46.513
Nigeria,1983,46.638
Nigeria,1984,46.55
Nigeria,1985,46.317
Nigeria,1986,45.975
Nigeria,1987,46.018
Nigeria,1988,46.072
Nigeria,1989,46.182
Nigeria,1990,46.037
Nigeria,1991,45.691
Nigeria,1992,45.668
Nigeria,1993,45.788
Nigeria,1994,45.513
Nigeria,1995,45.487
Nigeria,1996,45.567
Nigeria,1997,45.792
Nigeria,1998,46.036
Nigeria,1999,46.614
Nigeria,2000,47.193
Nigeria,2001,47.619
Nigeria,2002,47.928
Nigeria,2003,48.441
Nigeria,2004,48.767
Nigeria,2005,49.297
Nigeria,2006,49.73
Nigeria,2007,50.033
Nigeria,2008,50.225
Nigeria,2009,50.712
Nigeria,2010,50.945
Nigeria,2011,51.357
Nigeria,2012,51.497
Nigeria,2013,51.707
Nigeria,2014,51.791
Nigeria,2015,51.841
Nigeria,2016,52.043
Nigeria,2017,52.305
Nigeria,2018,52.554
Nigeria,2019,52.91
Nigeria,2020,52.887
Nigeria,2021,52.676
Nigeria,2022,53.633
Nicaragua,1960,46.125
Nicaragua,1961,46.948
Nicaragua,1962,47.575
Nicaragua,1963,48.304
Nicaragua,1964,49.169
Nicaragua,1965,50.193
Nicaragua,1966,51.316
Nicaragua,1967,52.394
Nicaragua,1968,53.465
Nicaragua,1969,54.324
Nicaragua,1970,54.95
Nicaragua,1971,55.322
Nicaragua,1972,48.626
Nicaragua,1973,55.725
Nicaragua,1974,55.85
Nicaragua,1975,56.036
Nicaragua,1976,56.299
Nicaragua,1977,56.243
Nicaragua,1978,53.571
Nicaragua,1979,50.813
Nicaragua,1980,57.914
Nicaragua,1981,58.198
Nicaragua,1982,58.605
Nicaragua,1983,56.794
Nicaragua,1984,56.131
Nicaragua,1985,56.501
Nicaragua,1986,57.775
Nicaragua,1987,57.66
Nicaragua,1988,60.3
Nicaragua,1989,62.475
Nicaragua,1990,63.096
Nicaragua,1991,63.931
Nicaragua,1992,64.266
Nicaragua,1993,64.685
Nicaragua,1994,65.181
Nicaragua,1995,65.608
Nicaragua,1996,66.052
Nicaragua,1997,66.515
Nicaragua,1998,65.209
Nicaragua,1999,67.12
Nicaragua,2000,67.234
Nicaragua,2001,67.215
Nicaragua,2002,67.18
Nicaragua,2003,67.217
Nicaragua,2004,67.423
Nicaragua,2005,67.936
Nicaragua,2006,68.725
Nicaragua,2007,69.559
Nicaragua,2008,70.586
Nicaragua,2009,71.433
Nicaragua,2010,72.009
Nicaragua,2011,72.416
Nicaragua,2012,72.615
Nicaragua,2013,72.704
Nicaragua,2014,72.812
Nicaragua,2015,72.983
Nicaragua,2016,73.256
Nicaragua,2017,73.554
Nicaragua,2018,73.85
Nicaragua,2019,74.054
Nicaragua,2020,71.795
Nicaragua,2021,73.837
Nicaragua,2022,74.615
Netherlands,1960,73.3926829268293
Netherlands,1961,73.6526829268293
Netherlands,1962,73.3239024390244
Netherlands,1963,73.3370731707317
Netherlands,1964,73.7041463414634
Netherlands,1965,73.5687804878049
Netherlands,1966,73.5129268292683
Netherlands,1967,73.8041463414634
Netherlands,1968,73.6126829268293
Netherlands,1969,73.539512195122
Netherlands,1970,73.5856097560976
Netherlands,1971,73.809512195122
Netherlands,1972,73.7270731707317
Netherlands,1973,74.1439024390244
Netherlands,1974,74.5368292682927
Netherlands,1975,74.4987804878049
Netherlands,1976,74.6470731707317
Netherlands,1977,75.2214634146342
Netherlands,1978,75.1451219512195
Netherlands,1979,75.6060975609756
Netherlands,1980,75.7431707317073
Netherlands,1981,75.9343902439025
Netherlands,1982,75.9885365853659
Netherlands,1983,76.1641463414634
Netherlands,1984,76.2331707317073
Netherlands,1985,76.2846341463415
Netherlands,1986,76.2704878048781
Netherlands,1987,76.7051219512195
Netherlands,1988,76.890243902439
Netherlands,1989,76.7341463414634
Netherlands,1990,76.8780487804878
Netherlands,1991,77
Netherlands,1992,77.2170731707317
Netherlands,1993,76.9165853658537
Netherlands,1994,77.3751219512195
Netherlands,1995,77.4046341463415
Netherlands,1996,77.4356097560976
Netherlands,1997,77.7943902439024
Netherlands,1998,77.8829268292683
Netherlands,1999,77.8365853658537
Netherlands,2000,77.9878048780488
Netherlands,2001,78.190243902439
Netherlands,2002,78.2926829268293
Netherlands,2003,78.4926829268293
Netherlands,2004,79.0951219512195
Netherlands,2005,79.3463414634146
Netherlands,2006,79.6975609756098
Netherlands,2007,80.0975609756098
Netherlands,2008,80.2512195121951
Netherlands,2009,80.5487804878049
Netherlands,2010,80.7024390243902
Netherlands,2011,81.2048780487805
Netherlands,2012,81.1048780487805
Netherlands,2013,81.3048780487805
Netherlands,2014,81.7073170731707
Netherlands,2015,81.509756097561
Netherlands,2016,81.5609756097561
Netherlands,2017,81.7609756097561
Netherlands,2018,81.8121951219512
Netherlands,2019,82.1121951219512
Netherlands,2020,81.3585365853659
Netherlands,2021,81.309756097561
Netherlands,2022,81.7146341463415
Norway,1960,73.549756097561
Norway,1961,73.5504878048781
Norway,1962,73.4480487804878
Norway,1963,73.0775609756098
Norway,1964,73.5958536585366
Norway,1965,73.7231707317073
Norway,1966,73.9953658536585
Norway,1967,74.0665853658537
Norway,1968,73.9419512195122
Norway,1969,73.6634146341463
Norway,1970,74.0880487804878
Norway,1971,74.1792682926829
Norway,1972,74.3446341463415
Norway,1973,74.4421951219512
Norway,1974,74.7536585365854
Norway,1975,74.8175609756098
Norway,1976,75.039512195122
Norway,1977,75.3868292682927
Norway,1978,75.4185365853659
Norway,1979,75.4139024390244
Norway,1980,75.6717073170732
Norway,1981,75.8690243902439
Norway,1982,76.0109756097561
Norway,1983,76.0668292682927
Norway,1984,76.2243902439024
Norway,1985,75.9168292682927
Norway,1986,76.2412195121951
Norway,1987,76.0817073170732
Norway,1988,76.2204878048781
Norway,1989,76.500487804878
Norway,1990,76.5373170731707
Norway,1991,76.9807317073171
Norway,1992,77.1843902439025
Norway,1993,77.1517073170732
Norway,1994,77.689756097561
Norway,1995,77.7365853658537
Norway,1996,78.1504878048781
Norway,1997,78.1426829268293
Norway,1998,78.3292682926829
Norway,1999,78.2829268292683
Norway,2000,78.6341463414634
Norway,2001,78.7853658536585
Norway,2002,78.9878048780488
Norway,2003,79.390243902439
Norway,2004,79.8414634146342
Norway,2005,80.0414634146342
Norway,2006,80.3439024390244
Norway,2007,80.3951219512195
Norway,2008,80.5926829268293
Norway,2009,80.7951219512195
Norway,2010,80.9975609756098
Norway,2011,81.2951219512195
Norway,2012,81.4512195121951
Norway,2013,81.7512195121951
Norway,2014,82.1
Norway,2015,82.3048780487805
Norway,2016,82.4073170731707
Norway,2017,82.609756097561
Norway,2018,82.7585365853659
Norway,2019,82.9585365853659
Norway,2020,83.209756097561
Norway,2021,83.1634146341463
Norway,2022,82.5609756097561
Nepal,1960,38.559
Nepal,1961,38.855
Nepal,1962,39.153
Nepal,1963,39.453
Nepal,1964,39.994
Nepal,1965,40.446
Nepal,1966,40.866
Nepal,1967,41.404
Nepal,1968,41.802
Nepal,1969,42.334
Nepal,1970,42.827
Nepal,1971,43.312
Nepal,1972,43.689
Nepal,1973,44.044
Nepal,1974,44.464
Nepal,1975,45.04
Nepal,1976,45.544
Nepal,1977,46.005
Nepal,1978,46.682
Nepal,1979,47.266
Nepal,1980,47.889
Nepal,1981,48.387
Nepal,1982,48.936
Nepal,1983,49.431
Nepal,1984,50.225
Nepal,1985,50.882
Nepal,1986,51.535
Nepal,1987,52.475
Nepal,1988,53.071
Nepal,1989,54.127
Nepal,1990,54.833
Nepal,1991,55.712
Nepal,1992,56.71
Nepal,1993,57.619
Nepal,1994,58.553
Nepal,1995,59.318
Nepal,1996,59.981
Nepal,1997,60.771
Nepal,1998,61.549
Nepal,1999,62.113
Nepal,2000,62.614
Nepal,2001,63.336
Nepal,2002,63.264
Nepal,2003,64.197
Nepal,2004,64.818
Nepal,2005,65.457
Nepal,2006,65.868
Nepal,2007,66.329
Nepal,2008,66.421
Nepal,2009,66.761
Nepal,2010,66.814
Nepal,2011,67.313
Nepal,2012,67.47
Nepal,2013,67.965
Nepal,2014,68.085
Nepal,2015,67.456
Nepal,2016,68.776
Nepal,2017,68.91
Nepal,2018,68.979
Nepal,2019,69.558
Nepal,2020,69.246
Nepal,2021,68.45
Nepal,2022,70.484
Nauru,1960,58.572
Nauru,1961,58.665
Nauru,1962,58.862
Nauru,1963,58.902
Nauru,1964,58.997
Nauru,1965,59.288
Nauru,1966,59.263
Nauru,1967,59.662
Nauru,1968,59.824
Nauru,1969,59.972
Nauru,1970,60.042
Nauru,1971,60.341
Nauru,1972,60.449
Nauru,1973,60.529
Nauru,1974,60.864
Nauru,1975,60.927
Nauru,1976,61.359
Nauru,1977,61.463
Nauru,1978,61.522
Nauru,1979,61.538
Nauru,1980,61.552
Nauru,1981,61.871
Nauru,1982,61.878
Nauru,1983,61.836
Nauru,1984,61.702
Nauru,1985,61.591
Nauru,1986,61.494
Nauru,1987,61.386
Nauru,1988,61.38
Nauru,1989,61.4
Nauru,1990,61.356
Nauru,1991,61.303
Nauru,1992,61.223
Nauru,1993,61.338
Nauru,1994,61.463
Nauru,1995,61.321
Nauru,1996,60.504
Nauru,1997,59.644
Nauru,1998,59.224
Nauru,1999,58.803
Nauru,2000,58.732
Nauru,2001,58.278
Nauru,2002,58.181
Nauru,2003,58.095
Nauru,2004,58.072
Nauru,2005,58.161
Nauru,2006,58.379
Nauru,2007,58.53
Nauru,2008,58.833
Nauru,2009,59.123
Nauru,2010,59.64
Nauru,2011,60.24
Nauru,2012,60.715
Nauru,2013,61.231
Nauru,2014,61.807
Nauru,2015,62.269
Nauru,2016,62.702
Nauru,2017,62.988
Nauru,2018,63.234
Nauru,2019,63.484
Nauru,2020,63.437
Nauru,2021,63.617
Nauru,2022,64.014
New Zealand,1960,71.2365853658537
New Zealand,1961,70.9853658536585
New Zealand,1962,71.2317073170732
New Zealand,1963,71.280487804878
New Zealand,1964,71.3292682926829
New Zealand,1965,71.2268292682927
New Zealand,1966,71.1243902439025
New Zealand,1967,71.4731707317073
New Zealand,1968,71.1243902439025
New Zealand,1969,71.4731707317073
New Zealand,1970,71.2731707317073
New Zealand,1971,71.7731707317073
New Zealand,1972,71.8292682926829
New Zealand,1973,71.6682926829268
New Zealand,1974,71.9243902439024
New Zealand,1975,72.219512195122
New Zealand,1976,72.4219512195122
New Zealand,1977,72.1682926829268
New Zealand,1978,73.019512195122
New Zealand,1979,73.0682926829269
New Zealand,1980,72.8292682926829
New Zealand,1981,73.6219512195122
New Zealand,1982,73.7243902439024
New Zealand,1983,73.7756097560976
New Zealand,1984,74.3707317073171
New Zealand,1985,73.8292682926829
New Zealand,1986,74.1219512195122
New Zealand,1987,74.1780487804878
New Zealand,1988,74.4243902439024
New Zealand,1989,74.8243902439024
New Zealand,1990,75.3780487804878
New Zealand,1991,76.0317073170732
New Zealand,1992,76.1243902439025
New Zealand,1993,76.4341463414634
New Zealand,1994,76.8829268292683
New Zealand,1995,76.7341463414634
New Zealand,1996,76.7878048780488
New Zealand,1997,77.3341463414634
New Zealand,1998,78.0853658536585
New Zealand,1999,77.890243902439
New Zealand,2000,78.6365853658537
New Zealand,2001,78.6926829268293
New Zealand,2002,78.8463414634146
New Zealand,2003,79.1463414634146
New Zealand,2004,79.5487804878049
New Zealand,2005,79.8512195121951
New Zealand,2006,80.0487804878049
New Zealand,2007,80.1512195121951
New Zealand,2008,80.3512195121951
New Zealand,2009,80.7024390243902
New Zealand,2010,80.9048780487805
New Zealand,2011,81.1560975609756
New Zealand,2012,81.4073170731707
New Zealand,2013,81.4048780487805
New Zealand,2014,81.4568292682927
New Zealand,2015,81.6124390243903
New Zealand,2016,81.6585365853659
New Zealand,2017,81.8585365853659
New Zealand,2018,81.7073170731707
New Zealand,2019,82.0560975609756
New Zealand,2020,82.2560975609756
New Zealand,2021,82.2073170731707
New Zealand,2022,82.7609756097561
OECD members,1960,67.2859318210997
OECD members,1961,67.7106000852141
OECD members,1962,67.7282059549645
OECD members,1963,67.9471866953354
OECD members,1964,68.4117532371989
OECD members,1965,68.5462902756764
OECD members,1966,68.8028218079151
OECD members,1967,69.1207946425156
OECD members,1968,69.009000532973
OECD members,1969,69.1618790024722
OECD members,1970,69.4419268253148
OECD members,1971,69.7379710023028
OECD members,1972,69.995480513806
OECD members,1973,70.182247871431
OECD members,1974,70.5739550783392
OECD members,1975,70.8748709831343
OECD members,1976,71.1492200452586
OECD members,1977,71.5612307075233
OECD members,1978,71.7373377531717
OECD members,1979,72.0957902029505
OECD members,1980,72.1664776906491
OECD members,1981,72.5524394855109
OECD members,1982,72.9050965603398
OECD members,1983,73.0429396940285
OECD members,1984,73.3516944247311
OECD members,1985,73.4399293066204
OECD members,1986,73.7604792666752
OECD members,1987,74.0532770227882
OECD members,1988,74.1935613039703
OECD members,1989,74.4334474760257
OECD members,1990,74.5889667085286
OECD members,1991,74.7817837235222
OECD members,1992,75.0529783165124
OECD members,1993,75.155882825514
OECD members,1994,75.4443183983756
OECD members,1995,75.5351947160833
OECD members,1996,75.9094328228731
OECD members,1997,76.2458589619651
OECD members,1998,76.4500045179972
OECD members,1999,76.5659413206397
OECD members,2000,76.909364684892
OECD members,2001,77.1972143663376
OECD members,2002,77.3733887195261
OECD members,2003,77.500693269231
OECD members,2004,77.894595540946
OECD members,2005,78.0088397201939
OECD members,2006,78.2953755091184
OECD members,2007,78.5036226931941
OECD members,2008,78.6542065043277
OECD members,2009,78.9165870838428
OECD members,2010,79.088647261278
OECD members,2011,79.3156200656067
OECD members,2012,79.4704100921789
OECD members,2013,79.6670647141128
OECD members,2014,79.9153602718514
OECD members,2015,79.7910326962093
OECD members,2016,79.9044036722622
OECD members,2017,79.9315533155999
OECD members,2018,80.0097520847235
OECD members,2019,80.2213090935305
OECD members,2020,78.8952380071515
OECD members,2021,78.6638716565587
OECD members,2022,79.6281298121431
Oman,1960,35.45
Oman,1961,36.823
Oman,1962,38.192
Oman,1963,39.417
Oman,1964,40.679
Oman,1965,41.885
Oman,1966,43.066
Oman,1967,44.285
Oman,1968,45.525
Oman,1969,46.684
Oman,1970,47.678
Oman,1971,48.934
Oman,1972,49.571
Oman,1973,50.859
Oman,1974,52.098
Oman,1975,53.297
Oman,1976,55.221
Oman,1977,56.257
Oman,1978,57.709
Oman,1979,59.151
Oman,1980,60.447
Oman,1981,61.646
Oman,1982,62.96
Oman,1983,64.217
Oman,1984,65.254
Oman,1985,66.272
Oman,1986,67.014
Oman,1987,67.887
Oman,1988,68.58
Oman,1989,69.156
Oman,1990,69.782
Oman,1991,70.189
Oman,1992,70.656
Oman,1993,71.165
Oman,1994,71.385
Oman,1995,71.99
Oman,1996,72.191
Oman,1997,72.415
Oman,1998,72.97
Oman,1999,73.184
Oman,2000,73.466
Oman,2001,73.808
Oman,2002,73.869
Oman,2003,74.14
Oman,2004,74.329
Oman,2005,74.396
Oman,2006,74.48
Oman,2007,74.461
Oman,2008,74.612
Oman,2009,74.681
Oman,2010,76.269
Oman,2011,76.608
Oman,2012,77.061
Oman,2013,77.246
Oman,2014,77.446
Oman,2015,77.687
Oman,2016,77.916
Oman,2017,77.924
Oman,2018,77.966
Oman,2019,78.002
Oman,2020,74.757
Oman,2021,72.541
Oman,2022,73.935
Other small states,1960,56.5074310418815
Other small states,1961,56.9073216699263
Other small states,1962,57.2736179146817
Other small states,1963,57.3236982348383
Other small states,1964,57.9167224190922
Other small states,1965,58.5957718536538
Other small states,1966,58.8357228345333
Other small states,1967,59.0489352474276
Other small states,1968,59.305913981401
Other small states,1969,59.4544366791359
Other small states,1970,59.8575438485684
Other small states,1971,60.1744384396984
Other small states,1972,60.5085293338934
Other small states,1973,60.8509139831354
Other small states,1974,59.5987306468789
Other small states,1975,60.1176523783433
Other small states,1976,60.5163160963766
Other small states,1977,60.7393911552327
Other small states,1978,60.6853140090895
Other small states,1979,60.9898071954566
Other small states,1980,61.845014001791
Other small states,1981,62.1660040731807
Other small states,1982,62.4503794171895
Other small states,1983,62.7028681700815
Other small states,1984,63.2554250452262
Other small states,1985,63.5752016228595
Other small states,1986,63.9534719610398
Other small states,1987,64.4731613314288
Other small states,1988,64.7486452972545
Other small states,1989,65.4800380543739
Other small states,1990,65.560623739541
Other small states,1991,65.5568405044071
Other small states,1992,65.5312944017911
Other small states,1993,65.6174727247511
Other small states,1994,65.2811505135941
Other small states,1995,65.4305786901063
Other small states,1996,65.72897326927
Other small states,1997,65.7209432494984
Other small states,1998,65.5674820810499
Other small states,1999,65.5543781636918
Other small states,2000,66.8755307731935
Other small states,2001,67.1024243839672
Other small states,2002,67.2502889730303
Other small states,2003,67.4644670150027
Other small states,2004,67.7546903153957
Other small states,2005,68.0733651525108
Other small states,2006,68.3939278365521
Other small states,2007,68.8200588188813
Other small states,2008,69.2497180118644
Other small states,2009,69.7228657844328
Other small states,2010,70.2938398194173
Other small states,2011,70.6717564135522
Other small states,2012,71.0909809060254
Other small states,2013,71.5570705752085
Other small states,2014,71.9199615158663
Other small states,2015,72.2869321613143
Other small states,2016,72.6256409003127
Other small states,2017,73.0248701181191
Other small states,2018,73.2393179924134
Other small states,2019,73.4544672397344
Other small states,2020,73.1675808860756
Other small states,2021,72.3874919353631
Other small states,2022,72.8992435957495
Pakistan,1960,44.932
Pakistan,1961,45.783
Pakistan,1962,46.608
Pakistan,1963,47.632
Pakistan,1964,48.595
Pakistan,1965,49.444
Pakistan,1966,50.842
Pakistan,1967,51.901
Pakistan,1968,52.898
Pakistan,1969,53.749
Pakistan,1970,54.76
Pakistan,1971,50.35
Pakistan,1972,55.239
Pakistan,1973,55.486
Pakistan,1974,55.472
Pakistan,1975,55.905
Pakistan,1976,56.113
Pakistan,1977,56.252
Pakistan,1978,56.737
Pakistan,1979,57.146
Pakistan,1980,57.606
Pakistan,1981,58.052
Pakistan,1982,58.416
Pakistan,1983,58.947
Pakistan,1984,59.332
Pakistan,1985,59.363
Pakistan,1986,59.464
Pakistan,1987,59.066
Pakistan,1988,59.356
Pakistan,1989,59.62
Pakistan,1990,60.066
Pakistan,1991,60.259
Pakistan,1992,60.116
Pakistan,1993,59.934
Pakistan,1994,60.116
Pakistan,1995,59.878
Pakistan,1996,60.398
Pakistan,1997,60.603
Pakistan,1998,61.09
Pakistan,1999,61.679
Pakistan,2000,62.102
Pakistan,2001,62.421
Pakistan,2002,62.626
Pakistan,2003,62.843
Pakistan,2004,63.052
Pakistan,2005,62.466
Pakistan,2006,63.731
Pakistan,2007,63.852
Pakistan,2008,64.036
Pakistan,2009,64.14
Pakistan,2010,64.436
Pakistan,2011,64.648
Pakistan,2012,64.782
Pakistan,2013,65.15
Pakistan,2014,65.284
Pakistan,2015,65.697
Pakistan,2016,65.88
Pakistan,2017,66.297
Pakistan,2018,66.482
Pakistan,2019,66.756
Pakistan,2020,66.269
Pakistan,2021,66.098
Pakistan,2022,66.431
Panama,1960,60.702
Panama,1961,61.471
Panama,1962,62.154
Panama,1963,62.735
Panama,1964,63.203
Panama,1965,63.558
Panama,1966,63.789
Panama,1967,64.056
Panama,1968,64.313
Panama,1969,64.662
Panama,1970,65.083
Panama,1971,65.787
Panama,1972,66.457
Panama,1973,67.087
Panama,1974,67.653
Panama,1975,68.079
Panama,1976,68.381
Panama,1977,68.603
Panama,1978,68.761
Panama,1979,68.989
Panama,1980,69.254
Panama,1981,69.586
Panama,1982,69.939
Panama,1983,70.27
Panama,1984,70.543
Panama,1985,70.732
Panama,1986,70.833
Panama,1987,70.888
Panama,1988,70.888
Panama,1989,69.936
Panama,1990,71.097
Panama,1991,71.207
Panama,1992,71.462
Panama,1993,71.8
Panama,1994,72.096
Panama,1995,72.385
Panama,1996,72.675
Panama,1997,72.97
Panama,1998,73.279
Panama,1999,73.622
Panama,2000,74.001
Panama,2001,74.414
Panama,2002,74.824
Panama,2003,75.218
Panama,2004,75.544
Panama,2005,75.829
Panama,2006,76.012
Panama,2007,76.154
Panama,2008,76.225
Panama,2009,76.343
Panama,2010,76.448
Panama,2011,76.627
Panama,2012,76.819
Panama,2013,77.038
Panama,2014,77.248
Panama,2015,77.468
Panama,2016,77.653
Panama,2017,77.795
Panama,2018,77.863
Panama,2019,77.81
Panama,2020,76.657
Panama,2021,76.223
Panama,2022,76.826
Peru,1960,50.495
Peru,1961,51.091
Peru,1962,51.31
Peru,1963,52.2
Peru,1964,52.717
Peru,1965,53.183
Peru,1966,53.699
Peru,1967,54.223
Peru,1968,54.747
Peru,1969,55.255
Peru,1970,47.16
Peru,1971,56.163
Peru,1972,56.737
Peru,1973,57.085
Peru,1974,57.483
Peru,1975,57.905
Peru,1976,58.266
Peru,1977,58.617
Peru,1978,58.973
Peru,1979,59.303
Peru,1980,59.589
Peru,1981,59.847
Peru,1982,60.015
Peru,1983,60.161
Peru,1984,60.467
Peru,1985,61.292
Peru,1986,62.024
Peru,1987,62.804
Peru,1988,63.601
Peru,1989,64.352
Peru,1990,65.106
Peru,1991,65.434
Peru,1992,66.149
Peru,1993,66.681
Peru,1994,67.227
Peru,1995,67.644
Peru,1996,68.147
Peru,1997,68.605
Peru,1998,69.082
Peru,1999,69.743
Peru,2000,70.424
Peru,2001,71.041
Peru,2002,71.661
Peru,2003,72.217
Peru,2004,72.668
Peru,2005,72.986
Peru,2006,73.172
Peru,2007,73.223
Peru,2008,73.377
Peru,2009,73.466
Peru,2010,73.711
Peru,2011,74.133
Peru,2012,74.544
Peru,2013,74.967
Peru,2014,75.333
Peru,2015,75.621
Peru,2016,75.789
Peru,2017,75.879
Peru,2018,76.009
Peru,2019,76.156
Peru,2020,73.665
Peru,2021,72.377
Peru,2022,73.385
Philippines,1960,59.227
Philippines,1961,59.619
Philippines,1962,59.959
Philippines,1963,60.388
Philippines,1964,60.541
Philippines,1965,60.898
Philippines,1966,61.198
Philippines,1967,61.447
Philippines,1968,61.65
Philippines,1969,61.798
Philippines,1970,61.692
Philippines,1971,61.988
Philippines,1972,61.831
Philippines,1973,61.641
Philippines,1974,61.68
Philippines,1975,61.704
Philippines,1976,61.614
Philippines,1977,62.149
Philippines,1978,62.185
Philippines,1979,62.349
Philippines,1980,62.499
Philippines,1981,62.555
Philippines,1982,62.784
Philippines,1983,62.992
Philippines,1984,63.112
Philippines,1985,63.505
Philippines,1986,63.745
Philippines,1987,64.335
Philippines,1988,64.898
Philippines,1989,65.464
Philippines,1990,65.909
Philippines,1991,66.304
Philippines,1992,67.088
Philippines,1993,67.542
Philippines,1994,67.942
Philippines,1995,68.223
Philippines,1996,68.614
Philippines,1997,68.884
Philippines,1998,69.1
Philippines,1999,69.298
Philippines,2000,69.413
Philippines,2001,69.614
Philippines,2002,69.781
Philippines,2003,69.924
Philippines,2004,70.037
Philippines,2005,70.24
Philippines,2006,70.282
Philippines,2007,70.483
Philippines,2008,70.564
Philippines,2009,70.633
Philippines,2010,70.754
Philippines,2011,70.788
Philippines,2012,70.881
Philippines,2013,70.835
Philippines,2014,71.151
Philippines,2015,71.268
Philippines,2016,71.387
Philippines,2017,71.516
Philippines,2018,71.689
Philippines,2019,71.865
Philippines,2020,72.119
Philippines,2021,69.266
Philippines,2022,72.187
Palau,1990,69.0692682926829
Palau,1995,71.8446341463415
Palau,2000,70.4936585365854
Palau,2005,69.1292682926829
Papua New Guinea,1960,45.679
Papua New Guinea,1961,46.292
Papua New Guinea,1962,46.659
Papua New Guinea,1963,47.599
Papua New Guinea,1964,48.202
Papua New Guinea,1965,48.816
Papua New Guinea,1966,49.508
Papua New Guinea,1967,50.135
Papua New Guinea,1968,50.839
Papua New Guinea,1969,51.414
Papua New Guinea,1970,52.127
Papua New Guinea,1971,52.579
Papua New Guinea,1972,53.215
Papua New Guinea,1973,53.869
Papua New Guinea,1974,54.48
Papua New Guinea,1975,55.039
Papua New Guinea,1976,55.569
Papua New Guinea,1977,56.037
Papua New Guinea,1978,56.554
Papua New Guinea,1979,57.003
Papua New Guinea,1980,57.435
Papua New Guinea,1981,57.831
Papua New Guinea,1982,58.109
Papua New Guinea,1983,58.368
Papua New Guinea,1984,58.593
Papua New Guinea,1985,58.866
Papua New Guinea,1986,58.959
Papua New Guinea,1987,59.213
Papua New Guinea,1988,59.336
Papua New Guinea,1989,59.58
Papua New Guinea,1990,59.721
Papua New Guinea,1991,59.908
Papua New Guinea,1992,60.218
Papua New Guinea,1993,60.506
Papua New Guinea,1994,60.756
Papua New Guinea,1995,61.049
Papua New Guinea,1996,61.105
Papua New Guinea,1997,61.377
Papua New Guinea,1998,60.629
Papua New Guinea,1999,61.672
Papua New Guinea,2000,61.72
Papua New Guinea,2001,61.773
Papua New Guinea,2002,61.698
Papua New Guinea,2003,61.797
Papua New Guinea,2004,61.761
Papua New Guinea,2005,61.801
Papua New Guinea,2006,61.917
Papua New Guinea,2007,62.034
Papua New Guinea,2008,62.571
Papua New Guinea,2009,62.788
Papua New Guinea,2010,63.039
Papua New Guinea,2011,63.526
Papua New Guinea,2012,63.733
Papua New Guinea,2013,63.961
Papua New Guinea,2014,64.259
Papua New Guinea,2015,64.701
Papua New Guinea,2016,64.84
Papua New Guinea,2017,65.103
Papua New Guinea,2018,65.182
Papua New Guinea,2019,65.474
Papua New Guinea,2020,65.787
Papua New Guinea,2021,65.351
Papua New Guinea,2022,65.958
Poland,1960,67.6804878048781
Poland,1961,67.7780487804878
Poland,1962,67.4268292682927
Poland,1963,68.3756097560976
Poland,1964,68.6292682926829
Poland,1965,69.4292682926829
Poland,1966,69.8268292682927
Poland,1967,69.4243902439024
Poland,1968,70.219512195122
Poland,1969,69.719512195122
Poland,1970,69.8682926829268
Poland,1971,69.6121951219512
Poland,1972,70.6658536585366
Poland,1973,70.6634146341463
Poland,1974,71.1170731707317
Poland,1975,70.5609756097561
Poland,1976,70.6560975609756
Poland,1977,70.4024390243902
Poland,1978,70.3512195121951
Poland,1979,70.7512195121951
Poland,1980,70.0975609756098
Poland,1981,71.0512195121951
Poland,1982,71.1024390243903
Poland,1983,71
Poland,1984,70.8
Poland,1985,70.5487804878049
Poland,1986,70.8487804878049
Poland,1987,70.8975609756098
Poland,1988,71.3317073170732
Poland,1989,71.0439024390244
Poland,1990,70.890243902439
Poland,1991,70.5878048780488
Poland,1992,71.090243902439
Poland,1993,71.5951219512195
Poland,1994,71.6951219512195
Poland,1995,71.8926829268293
Poland,1996,72.2463414634146
Poland,1997,72.6463414634146
Poland,1998,72.9975609756098
Poland,1999,73.0439024390244
Poland,2000,73.7487804878049
Poland,2001,74.2
Poland,2002,74.4975609756098
Poland,2003,74.5975609756098
Poland,2004,74.8463414634146
Poland,2005,74.9951219512195
Poland,2006,75.1439024390244
Poland,2007,75.2439024390244
Poland,2008,75.5439024390244
Poland,2009,75.6951219512195
Poland,2010,76.2463414634146
Poland,2011,76.6951219512195
Poland,2012,76.7463414634146
Poland,2013,77
Poland,2014,77.6024390243903
Poland,2015,77.4512195121951
Poland,2016,77.8512195121951
Poland,2017,77.7536585365854
Poland,2018,77.6024390243903
Poland,2019,77.9048780487805
Poland,2020,76.5
Poland,2021,75.5024390243902
Poland,2022,77.3048780487805
Pre-demographic dividend,1960,39.8295567070197
Pre-demographic dividend,1961,40.1163857774032
Pre-demographic dividend,1962,40.6285819451043
Pre-demographic dividend,1963,40.9132327310872
Pre-demographic dividend,1964,41.3578767737899
Pre-demographic dividend,1965,41.5164931173113
Pre-demographic dividend,1966,41.7482133847026
Pre-demographic dividend,1967,41.7855961805104
Pre-demographic dividend,1968,42.3118500749862
Pre-demographic dividend,1969,42.6085624830923
Pre-demographic dividend,1970,43.1684127134941
Pre-demographic dividend,1971,43.7910292761865
Pre-demographic dividend,1972,44.0919646458032
Pre-demographic dividend,1973,44.9691487088874
Pre-demographic dividend,1974,45.4051808007846
Pre-demographic dividend,1975,45.8494613275314
Pre-demographic dividend,1976,46.440409928825
Pre-demographic dividend,1977,46.9897032384197
Pre-demographic dividend,1978,47.2655731160518
Pre-demographic dividend,1979,47.6039545821741
Pre-demographic dividend,1980,47.750635480872
Pre-demographic dividend,1981,48.0096828248427
Pre-demographic dividend,1982,48.1623025957748
Pre-demographic dividend,1983,47.934631951677
Pre-demographic dividend,1984,47.695121550135
Pre-demographic dividend,1985,47.8446816491362
Pre-demographic dividend,1986,48.3831376637442
Pre-demographic dividend,1987,47.9390529048213
Pre-demographic dividend,1988,47.5013690494711
Pre-demographic dividend,1989,48.670490994741
Pre-demographic dividend,1990,48.7128798966581
Pre-demographic dividend,1991,48.6328362044282
Pre-demographic dividend,1992,48.5426860570376
Pre-demographic dividend,1993,49.0435380320273
Pre-demographic dividend,1994,49.8977919677976
Pre-demographic dividend,1995,49.7034196181345
Pre-demographic dividend,1996,49.7147667136972
Pre-demographic dividend,1997,49.9581817687195
Pre-demographic dividend,1998,49.619965376373
Pre-demographic dividend,1999,50.7244445317919
Pre-demographic dividend,2000,51.4639165351264
Pre-demographic dividend,2001,51.909704455308
Pre-demographic dividend,2002,52.3532791715756
Pre-demographic dividend,2003,52.8620511392819
Pre-demographic dividend,2004,53.311306723981
Pre-demographic dividend,2005,53.9087675881826
Pre-demographic dividend,2006,54.5505356509394
Pre-demographic dividend,2007,55.0562604247618
Pre-demographic dividend,2008,55.5778472275355
Pre-demographic dividend,2009,56.2716973461562
Pre-demographic dividend,2010,56.7735576833588
Pre-demographic dividend,2011,57.346672691037
Pre-demographic dividend,2012,57.8263729002329
Pre-demographic dividend,2013,58.2838783337676
Pre-demographic dividend,2014,58.7045601760446
Pre-demographic dividend,2015,59.0688613027692
Pre-demographic dividend,2016,59.472141296124
Pre-demographic dividend,2017,59.899663962263
Pre-demographic dividend,2018,60.3043495034889
Pre-demographic dividend,2019,60.6741260357704
Pre-demographic dividend,2020,60.2099627732247
Pre-demographic dividend,2021,59.8362546793253
Pre-demographic dividend,2022,60.470334428071
Puerto Rico,1960,68.934
Puerto Rico,1961,69.262
Puerto Rico,1962,69.284
Puerto Rico,1963,69.477
Puerto Rico,1964,69.693
Puerto Rico,1965,69.991
Puerto Rico,1966,70.248
Puerto Rico,1967,70.539
Puerto Rico,1968,70.679
Puerto Rico,1969,70.999
Puerto Rico,1970,71.048
Puerto Rico,1971,71.198
Puerto Rico,1972,71.302
Puerto Rico,1973,71.581
Puerto Rico,1974,71.634
Puerto Rico,1975,71.92
Puerto Rico,1976,72.262
Puerto Rico,1977,72.616
Puerto Rico,1978,72.816
Puerto Rico,1979,73.04
Puerto Rico,1980,73.226
Puerto Rico,1981,73.36
Puerto Rico,1982,73.524
Puerto Rico,1983,73.484
Puerto Rico,1984,73.531
Puerto Rico,1985,73.083
Puerto Rico,1986,73.718
Puerto Rico,1987,73.839
Puerto Rico,1988,73.852
Puerto Rico,1989,73.853
Puerto Rico,1990,73.89
Puerto Rico,1991,73.913
Puerto Rico,1992,73.939
Puerto Rico,1993,74.029
Puerto Rico,1994,74.083
Puerto Rico,1995,74.364
Puerto Rico,1996,74.585
Puerto Rico,1997,74.92
Puerto Rico,1998,75.194
Puerto Rico,1999,75.536
Puerto Rico,2000,75.977
Puerto Rico,2001,76.456
Puerto Rico,2002,76.728
Puerto Rico,2003,76.874
Puerto Rico,2004,77.143
Puerto Rico,2005,77.237
Puerto Rico,2006,77.415
Puerto Rico,2007,77.621
Puerto Rico,2008,77.841
Puerto Rico,2009,77.877
Puerto Rico,2010,78.01
Puerto Rico,2011,78.316
Puerto Rico,2012,78.461
Puerto Rico,2013,78.777
Puerto Rico,2014,78.929
Puerto Rico,2015,79.695
Puerto Rico,2016,80.27
Puerto Rico,2017,79.258
Puerto Rico,2018,79.77
Puerto Rico,2019,79.063
Puerto Rico,2020,78.041
Puerto Rico,2021,80.162
Puerto Rico,2022,79.72
"Korea, Dem. People's Rep.",1960,54.05
"Korea, Dem. People's Rep.",1961,54.496
"Korea, Dem. People's Rep.",1962,54.999
"Korea, Dem. People's Rep.",1963,55.56
"Korea, Dem. People's Rep.",1964,56.157
"Korea, Dem. People's Rep.",1965,56.827
"Korea, Dem. People's Rep.",1966,57.598
"Korea, Dem. People's Rep.",1967,58.409
"Korea, Dem. People's Rep.",1968,59.175
"Korea, Dem. People's Rep.",1969,59.926
"Korea, Dem. People's Rep.",1970,60.571
"Korea, Dem. People's Rep.",1971,61.176
"Korea, Dem. People's Rep.",1972,61.807
"Korea, Dem. People's Rep.",1973,62.386
"Korea, Dem. People's Rep.",1974,62.962
"Korea, Dem. People's Rep.",1975,63.526
"Korea, Dem. People's Rep.",1976,64.143
"Korea, Dem. People's Rep.",1977,64.655
"Korea, Dem. People's Rep.",1978,65.187
"Korea, Dem. People's Rep.",1979,65.672
"Korea, Dem. People's Rep.",1980,66.158
"Korea, Dem. People's Rep.",1981,66.658
"Korea, Dem. People's Rep.",1982,67.167
"Korea, Dem. People's Rep.",1983,67.677
"Korea, Dem. People's Rep.",1984,68.19
"Korea, Dem. People's Rep.",1985,68.681
"Korea, Dem. People's Rep.",1986,69.147
"Korea, Dem. People's Rep.",1987,69.442
"Korea, Dem. People's Rep.",1988,69.803
"Korea, Dem. People's Rep.",1989,70.039
"Korea, Dem. People's Rep.",1990,70.21
"Korea, Dem. People's Rep.",1991,70.313
"Korea, Dem. People's Rep.",1992,70.824
"Korea, Dem. People's Rep.",1993,71.871
"Korea, Dem. People's Rep.",1994,70.718
"Korea, Dem. People's Rep.",1995,60.894
"Korea, Dem. People's Rep.",1996,60.956
"Korea, Dem. People's Rep.",1997,60.974
"Korea, Dem. People's Rep.",1998,60.906
"Korea, Dem. People's Rep.",1999,60.798
"Korea, Dem. People's Rep.",2000,60.763
"Korea, Dem. People's Rep.",2001,60.745
"Korea, Dem. People's Rep.",2002,60.792
"Korea, Dem. People's Rep.",2003,69.546
"Korea, Dem. People's Rep.",2004,69.437
"Korea, Dem. People's Rep.",2005,69.285
"Korea, Dem. People's Rep.",2006,69.085
"Korea, Dem. People's Rep.",2007,68.911
"Korea, Dem. People's Rep.",2008,68.958
"Korea, Dem. People's Rep.",2009,69.732
"Korea, Dem. People's Rep.",2010,70.419
"Korea, Dem. People's Rep.",2011,70.978
"Korea, Dem. People's Rep.",2012,71.626
"Korea, Dem. People's Rep.",2013,72.319
"Korea, Dem. People's Rep.",2014,72.942
"Korea, Dem. People's Rep.",2015,72.784
"Korea, Dem. People's Rep.",2016,72.805
"Korea, Dem. People's Rep.",2017,72.978
"Korea, Dem. People's Rep.",2018,73.031
"Korea, Dem. People's Rep.",2019,73.198
"Korea, Dem. People's Rep.",2020,73.274
"Korea, Dem. People's Rep.",2021,73.284
"Korea, Dem. People's Rep.",2022,73.578
Portugal,1960,64.0074634146342
Portugal,1961,62.666512195122
Portugal,1962,64.1810243902439
Portugal,1963,64.7883902439024
Portugal,1964,64.9833902439024
Portugal,1965,65.9604634146341
Portugal,1966,65.4876585365854
Portugal,1967,66.3340731707317
Portugal,1968,66.6781951219512
Portugal,1969,66.2781707317073
Portugal,1970,67.0731707317073
Portugal,1971,66.7707317073171
Portugal,1972,68.3243902439024
Portugal,1973,67.5243902439024
Portugal,1974,68.019512195122
Portugal,1975,68.309756097561
Portugal,1976,68.8609756097561
Portugal,1977,70.0121951219512
Portugal,1978,70.3170731707317
Portugal,1979,71.1682926829268
Portugal,1980,71.2146341463415
Portugal,1981,71.6146341463415
Portugal,1982,72.4146341463415
Portugal,1983,72.2658536585366
Portugal,1984,72.5146341463415
Portugal,1985,72.8146341463415
Portugal,1986,73.2658536585366
Portugal,1987,73.6658536585366
Portugal,1988,73.7146341463415
Portugal,1989,74.2658536585366
Portugal,1990,73.9658536585366
Portugal,1991,74.0146341463415
Portugal,1992,74.3121951219512
Portugal,1993,74.5121951219512
Portugal,1994,74.9146341463415
Portugal,1995,75.3121951219512
Portugal,1996,75.2609756097561
Portugal,1997,75.4121951219512
Portugal,1998,75.7121951219512
Portugal,1999,75.9634146341463
Portugal,2000,76.3146341463415
Portugal,2001,76.8146341463415
Portugal,2002,77.0658536585366
Portugal,2003,77.219512195122
Portugal,2004,77.6707317073171
Portugal,2005,78.0707317073171
Portugal,2006,78.419512195122
Portugal,2007,78.3219512195122
Portugal,2008,78.5243902439025
Portugal,2009,78.7268292682927
Portugal,2010,79.0268292682927
Portugal,2011,80.4707317073171
Portugal,2012,80.3731707317073
Portugal,2013,80.7219512195122
Portugal,2014,81.1219512195122
Portugal,2015,81.1243902439025
Portugal,2016,81.1243902439025
Portugal,2017,81.4243902439025
Portugal,2018,81.3243902439024
Portugal,2019,81.6756097560976
Portugal,2020,80.9756097560976
Portugal,2021,81.3780487804878
Portugal,2022,81.5804878048781
Paraguay,1960,60.423
Paraguay,1961,60.755
Paraguay,1962,61.058
Paraguay,1963,61.334
Paraguay,1964,61.583
Paraguay,1965,61.819
Paraguay,1966,61.988
Paraguay,1967,62.153
Paraguay,1968,62.319
Paraguay,1969,62.499
Paraguay,1970,62.684
Paraguay,1971,62.803
Paraguay,1972,62.935
Paraguay,1973,63.066
Paraguay,1974,63.233
Paraguay,1975,63.445
Paraguay,1976,63.705
Paraguay,1977,63.941
Paraguay,1978,64.132
Paraguay,1979,64.448
Paraguay,1980,64.749
Paraguay,1981,65.023
Paraguay,1982,65.385
Paraguay,1983,65.614
Paraguay,1984,65.966
Paraguay,1985,66.315
Paraguay,1986,66.656
Paraguay,1987,67.012
Paraguay,1988,67.319
Paraguay,1989,67.469
Paraguay,1990,67.944
Paraguay,1991,68.173
Paraguay,1992,68.395
Paraguay,1993,68.633
Paraguay,1994,68.824
Paraguay,1995,69.009
Paraguay,1996,69.202
Paraguay,1997,69.325
Paraguay,1998,69.478
Paraguay,1999,69.634
Paraguay,2000,69.75
Paraguay,2001,69.9
Paraguay,2002,70.025
Paraguay,2003,70.297
Paraguay,2004,70.481
Paraguay,2005,70.527
Paraguay,2006,70.781
Paraguay,2007,71.106
Paraguay,2008,71.384
Paraguay,2009,71.635
Paraguay,2010,71.887
Paraguay,2011,72.131
Paraguay,2012,72.454
Paraguay,2013,72.757
Paraguay,2014,72.878
Paraguay,2015,73.191
Paraguay,2016,73.534
Paraguay,2017,73.644
Paraguay,2018,73.568
Paraguay,2019,73.621
Paraguay,2020,73.182
Paraguay,2021,70.262
Paraguay,2022,70.475
West Bank and Gaza,1990,67.934
West Bank and Gaza,1991,68.306
West Bank and Gaza,1992,68.592
West Bank and Gaza,1993,68.853
West Bank and Gaza,1994,69.413
West Bank and Gaza,1995,69.662
West Bank and Gaza,1996,70.055
West Bank and Gaza,1997,70.396
West Bank and Gaza,1998,70.632
West Bank and Gaza,1999,70.855
West Bank and Gaza,2000,70.388
West Bank and Gaza,2001,69.887
West Bank and Gaza,2002,70.969
West Bank and Gaza,2003,71.053
West Bank and Gaza,2004,71.182
West Bank and Gaza,2005,72.067
West Bank and Gaza,2006,71.915
West Bank and Gaza,2007,72.153
West Bank and Gaza,2008,72.413
West Bank and Gaza,2009,72.608
West Bank and Gaza,2010,73.004
West Bank and Gaza,2011,73.243
West Bank and Gaza,2012,73.466
West Bank and Gaza,2013,74.029
West Bank and Gaza,2014,72.622
West Bank and Gaza,2015,74.406
West Bank and Gaza,2016,74.554
West Bank and Gaza,2017,74.833
West Bank and Gaza,2018,74.793
West Bank and Gaza,2019,75.241
West Bank and Gaza,2020,74.403
West Bank and Gaza,2021,73.473
West Bank and Gaza,2022,73.444
Pacific island small states,1960,54.4925386478835
Pacific island small states,1961,55.1010218921512
Pacific island small states,1962,55.7950409109317
Pacific island small states,1963,56.4187363686556
Pacific island small states,1964,56.640457874122
Pacific island small states,1965,57.6837159215947
Pacific island small states,1966,58.161860423582
Pacific island small states,1967,58.7064649068729
Pacific island small states,1968,59.1570630012744
Pacific island small states,1969,59.4001392276068
Pacific island small states,1970,59.8154236353894
Pacific island small states,1971,60.1858995075872
Pacific island small states,1972,60.4556444142551
Pacific island small states,1973,60.4214582244157
Pacific island small states,1974,61.0073294764146
Pacific island small states,1975,61.0398085182032
Pacific island small states,1976,61.6629074125329
Pacific island small states,1977,61.9142848710847
Pacific island small states,1978,62.3657692194402
Pacific island small states,1979,62.7459384834495
Pacific island small states,1980,62.8564071286676
Pacific island small states,1981,63.0480749817477
Pacific island small states,1982,63.2513372783575
Pacific island small states,1983,63.6619044309781
Pacific island small states,1984,64.1024009764568
Pacific island small states,1985,64.5255860905255
Pacific island small states,1986,64.6383791221305
Pacific island small states,1987,64.9272105781036
Pacific island small states,1988,65.2652493230538
Pacific island small states,1989,65.4342651170302
Pacific island small states,1990,65.7093011138602
Pacific island small states,1991,65.8853019401238
Pacific island small states,1992,66.0967052543715
Pacific island small states,1993,66.2765564772188
Pacific island small states,1994,66.4819451912895
Pacific island small states,1995,66.7321835631772
Pacific island small states,1996,66.9077321070809
Pacific island small states,1997,67.0358591173716
Pacific island small states,1998,67.2352842577689
Pacific island small states,1999,67.3126812344266
Pacific island small states,2000,67.2987289636036
Pacific island small states,2001,67.4067016048338
Pacific island small states,2002,67.1973555586602
Pacific island small states,2003,67.512946109657
Pacific island small states,2004,67.6823201838466
Pacific island small states,2005,67.825169298794
Pacific island small states,2006,67.9804509245532
Pacific island small states,2007,67.958797729621
Pacific island small states,2008,68.1164523803523
Pacific island small states,2009,68.0163406074749
Pacific island small states,2010,68.3881192543559
Pacific island small states,2011,68.5246714169273
Pacific island small states,2012,68.591677395156
Pacific island small states,2013,68.6217376204031
Pacific island small states,2014,68.6408573642997
Pacific island small states,2015,68.5661417705734
Pacific island small states,2016,68.834464947315
Pacific island small states,2017,69.1290314691474
Pacific island small states,2018,69.2302311172473
Pacific island small states,2019,69.3168650222788
Pacific island small states,2020,69.3806413584821
Pacific island small states,2021,69.1848210230432
Pacific island small states,2022,69.7559713939711
Post-demographic dividend,1960,68.8667368401954
Post-demographic dividend,1961,69.2749621453504
Post-demographic dividend,1962,69.2397254372868
Post-demographic dividend,1963,69.4424397366876
Post-demographic dividend,1964,69.9263440324924
Post-demographic dividend,1965,69.9960068445139
Post-demographic dividend,1966,70.2193184071015
Post-demographic dividend,1967,70.5240841724641
Post-demographic dividend,1968,70.3563404938639
Post-demographic dividend,1969,70.4828318528904
Post-demographic dividend,1970,70.7480583612471
Post-demographic dividend,1971,71.0519313131197
Post-demographic dividend,1972,71.2551486848469
Post-demographic dividend,1973,71.4255440463856
Post-demographic dividend,1974,71.7876228546596
Post-demographic dividend,1975,72.0955098919079
Post-demographic dividend,1976,72.366111939756
Post-demographic dividend,1977,72.7504648960069
Post-demographic dividend,1978,72.8926597865918
Post-demographic dividend,1979,73.2133650192689
Post-demographic dividend,1980,73.2469226424811
Post-demographic dividend,1981,73.5882102830056
Post-demographic dividend,1982,73.9193412234783
Post-demographic dividend,1983,74.015346121051
Post-demographic dividend,1984,74.2803257957996
Post-demographic dividend,1985,74.4018848874029
Post-demographic dividend,1986,74.7223818184862
Post-demographic dividend,1987,75.009754196217
Post-demographic dividend,1988,75.1120907504148
Post-demographic dividend,1989,75.3520464253892
Post-demographic dividend,1990,75.4667658896071
Post-demographic dividend,1991,75.593055411268
Post-demographic dividend,1992,75.7097540011934
Post-demographic dividend,1993,75.7219162193966
Post-demographic dividend,1994,76.0378371001624
Post-demographic dividend,1995,76.0584658457616
Post-demographic dividend,1996,76.4358428115591
Post-demographic dividend,1997,76.7732480145114
Post-demographic dividend,1998,76.9889003850146
Post-demographic dividend,1999,77.0945748785904
Post-demographic dividend,2000,77.3458008334587
Post-demographic dividend,2001,77.6397730291424
Post-demographic dividend,2002,77.791757810408
Post-demographic dividend,2003,77.9044562424807
Post-demographic dividend,2004,78.3339258422732
Post-demographic dividend,2005,78.4215264590391
Post-demographic dividend,2006,78.7536076414049
Post-demographic dividend,2007,79.0001824351035
Post-demographic dividend,2008,79.1451175641014
Post-demographic dividend,2009,79.4700675639693
Post-demographic dividend,2010,79.6798453719702
Post-demographic dividend,2011,79.9451419741613
Post-demographic dividend,2012,80.0784582342545
Post-demographic dividend,2013,80.2550032977069
Post-demographic dividend,2014,80.510028845352707
Post-demographic dividend,2015,80.3769874715474
Post-demographic dividend,2016,80.5348431895951
Post-demographic dividend,2017,80.5794980607462
Post-demographic dividend,2018,80.6664898048029
Post-demographic dividend,2019,80.8947718002546
Post-demographic dividend,2020,79.9953033602829
Post-demographic dividend,2021,79.7348741357758
Post-demographic dividend,2022,80.1357442642629
French Polynesia,1960,59.675
French Polynesia,1961,59.996
French Polynesia,1962,60.271
French Polynesia,1963,60.527
French Polynesia,1964,60.781
French Polynesia,1965,61.045
French Polynesia,1966,61.334
French Polynesia,1967,61.63
French Polynesia,1968,61.909
French Polynesia,1969,62.173
French Polynesia,1970,62.429
French Polynesia,1971,62.681
French Polynesia,1972,62.936
French Polynesia,1973,63.206
French Polynesia,1974,63.501
French Polynesia,1975,63.889
French Polynesia,1976,64.378
French Polynesia,1977,64.936
French Polynesia,1978,65.549
French Polynesia,1979,66.235
French Polynesia,1980,67.14
French Polynesia,1981,68.012
French Polynesia,1982,68.884
French Polynesia,1983,69.804
French Polynesia,1984,70.772
French Polynesia,1985,71.644
French Polynesia,1986,72.471
French Polynesia,1987,72.897
French Polynesia,1988,73.468
French Polynesia,1989,73.787
French Polynesia,1990,73.983
French Polynesia,1991,74.149
French Polynesia,1992,74.419
French Polynesia,1993,74.804
French Polynesia,1994,75.311
French Polynesia,1995,76.008
French Polynesia,1996,76.833
French Polynesia,1997,77.7
French Polynesia,1998,78.386
French Polynesia,1999,79.18
French Polynesia,2000,79.536
French Polynesia,2001,79.685
French Polynesia,2002,79.711
French Polynesia,2003,79.703
French Polynesia,2004,79.696
French Polynesia,2005,79.736
French Polynesia,2006,79.842
French Polynesia,2007,80.02
French Polynesia,2008,80.301
French Polynesia,2009,80.665
French Polynesia,2010,81.039
French Polynesia,2011,81.429
French Polynesia,2012,81.759
French Polynesia,2013,82.017
French Polynesia,2014,82.214
French Polynesia,2015,82.354
French Polynesia,2016,82.488
French Polynesia,2017,82.618
French Polynesia,2018,82.783
French Polynesia,2019,82.996
French Polynesia,2020,82.217
French Polynesia,2021,79.486
French Polynesia,2022,83.55
Qatar,1960,58.933
Qatar,1961,59.626
Qatar,1962,60.443
Qatar,1963,61.167
Qatar,1964,62.112
Qatar,1965,62.85
Qatar,1966,63.624
Qatar,1967,64.531
Qatar,1968,65.242
Qatar,1969,65.895
Qatar,1970,66.532
Qatar,1971,67.133
Qatar,1972,67.612
Qatar,1973,68.049
Qatar,1974,68.552
Qatar,1975,69.008
Qatar,1976,69.385
Qatar,1977,69.837
Qatar,1978,70.19
Qatar,1979,70.581
Qatar,1980,70.801
Qatar,1981,71.304
Qatar,1982,71.504
Qatar,1983,71.709
Qatar,1984,72.186
Qatar,1985,72.381
Qatar,1986,72.587
Qatar,1987,73.019
Qatar,1988,73.164
Qatar,1989,73.594
Qatar,1990,73.982
Qatar,1991,73.966
Qatar,1992,74.122
Qatar,1993,74.243
Qatar,1994,74.348
Qatar,1995,74.25
Qatar,1996,74.685
Qatar,1997,74.787
Qatar,1998,74.809
Qatar,1999,74.8
Qatar,2000,74.828
Qatar,2001,75.263
Qatar,2002,75.412
Qatar,2003,75.565
Qatar,2004,75.961
Qatar,2005,76.064
Qatar,2006,76.57
Qatar,2007,77.016
Qatar,2008,77.427
Qatar,2009,77.878
Qatar,2010,78.425
Qatar,2011,78.891
Qatar,2012,79.227
Qatar,2013,79.536
Qatar,2014,79.768
Qatar,2015,80.064
Qatar,2016,80.433
Qatar,2017,80.717
Qatar,2018,80.898
Qatar,2019,80.99
Qatar,2020,79.099
Qatar,2021,79.272
Qatar,2022,81.559
Romania,1960,65.8605365853659
Romania,1961,65.8771463414634
Romania,1962,65.2556585365854
Romania,1963,67.0717073170732
Romania,1964,67.8451219512195
Romania,1965,67.7072682926829
Romania,1966,68.8976585365854
Romania,1967,67.5159512195122
Romania,1968,67.5603658536585
Romania,1969,66.6920731707317
Romania,1970,67.4824146341464
Romania,1971,68.5041463414634
Romania,1972,68.470243902439
Romania,1973,69.0056097560976
Romania,1974,69.499756097561
Romania,1975,69.6139024390244
Romania,1976,69.6987804878049
Romania,1977,69.7419512195122
Romania,1978,69.4804878048781
Romania,1979,69.1531707317073
Romania,1980,69.0909756097561
Romania,1981,69.3682926829268
Romania,1982,69.5317073170732
Romania,1983,69.7263414634147
Romania,1984,69.6587804878049
Romania,1985,69.7068292682927
Romania,1986,69.4963414634146
Romania,1987,69.2268292682927
Romania,1988,69.3880487804878
Romania,1989,69.5307317073171
Romania,1990,69.7412195121951
Romania,1991,69.7843902439024
Romania,1992,69.7843902439024
Romania,1993,69.5634146341464
Romania,1994,69.509756097561
Romania,1995,69.4560975609756
Romania,1996,69.1048780487805
Romania,1997,69.0048780487805
Romania,1998,69.8073170731708
Romania,1999,70.5121951219512
Romania,2000,71.1634146341463
Romania,2001,71.1609756097561
Romania,2002,71.009756097561
Romania,2003,71.309756097561
Romania,2004,71.5609756097561
Romania,2005,71.9121951219512
Romania,2006,72.1634146341463
Romania,2007,72.5658536585366
Romania,2008,72.5658536585366
Romania,2009,73.309756097561
Romania,2010,73.4585365853659
Romania,2011,74.409756097561
Romania,2012,74.4121951219512
Romania,2013,75.0634146341463
Romania,2014,74.909756097561
Romania,2015,74.9121951219512
Romania,2016,75.209756097561
Romania,2017,75.209756097561
Romania,2018,75.3585365853659
Romania,2019,75.6073170731707
Romania,2020,74.2536585365854
Romania,2021,72.809756097561
Romania,2022,75.3048780487805
Russian Federation,1960,67.4652195121951
Russian Federation,1961,67.6309512195122
Russian Federation,1962,67.300512195122
Russian Federation,1963,67.7571707317073
Russian Federation,1964,68.3671707317073
Russian Federation,1965,67.887756097561
Russian Federation,1966,67.9011951219512
Russian Federation,1967,67.5938048780488
Russian Federation,1968,67.4893658536586
Russian Federation,1969,66.8762926829268
Russian Federation,1970,68.1336585365854
Russian Federation,1971,68.3765853658537
Russian Federation,1972,68.3085365853659
Russian Federation,1973,68.2946341463415
Russian Federation,1974,68.320243902439
Russian Federation,1975,67.7239024390244
Russian Federation,1976,67.4875609756098
Russian Federation,1977,67.3763414634146
Russian Federation,1978,67.3909756097561
Russian Federation,1979,67.1143902439024
Russian Federation,1980,67.0339024390244
Russian Federation,1981,67.2639024390244
Russian Federation,1982,67.8060975609756
Russian Federation,1983,67.6526829268293
Russian Federation,1984,67.2026829268293
Russian Federation,1985,67.8568292682927
Russian Federation,1986,69.389756097561
Russian Federation,1987,69.44
Russian Federation,1988,69.4643902439024
Russian Federation,1989,69.1717073170732
Russian Federation,1990,68.8860975609756
Russian Federation,1991,68.4743902439024
Russian Federation,1992,66.8731707317073
Russian Federation,1993,64.9358536585366
Russian Federation,1994,64.4670731707317
Russian Federation,1995,64.6907317073171
Russian Federation,1996,65.8541463414634
Russian Federation,1997,66.6987804878049
Russian Federation,1998,67.029756097561
Russian Federation,1999,65.9821951219512
Russian Federation,2000,65.4836585365854
Russian Federation,2001,65.3834146341463
Russian Federation,2002,65.1287804878049
Russian Federation,2003,65.0275609756098
Russian Federation,2004,65.4709756097561
Russian Federation,2005,65.529756097561
Russian Federation,2006,66.7275609756098
Russian Federation,2007,67.5868292682927
Russian Federation,2008,67.9492682926829
Russian Federation,2009,68.6846341463415
Russian Federation,2010,68.8412195121951
Russian Federation,2011,69.6839024390244
Russian Federation,2012,70.0721951219512
Russian Federation,2013,70.5787804878049
Russian Federation,2014,70.7436585365854
Russian Federation,2015,71.1834146341463
Russian Federation,2016,71.6512195121951
Russian Federation,2017,72.4514634146342
Russian Federation,2018,72.6621951219512
Russian Federation,2019,73.0839024390244
Russian Federation,2020,71.3387804878049
Russian Federation,2021,69.900243902439
Russian Federation,2022,72.5456097560976
Rwanda,1960,47.178
Rwanda,1961,47.664
Rwanda,1962,47.991
Rwanda,1963,44.072
Rwanda,1964,48.238
Rwanda,1965,48.282
Rwanda,1966,48.166
Rwanda,1967,48.094
Rwanda,1968,47.745
Rwanda,1969,47.398
Rwanda,1970,47.153
Rwanda,1971,46.829
Rwanda,1972,46.498
Rwanda,1973,45.905
Rwanda,1974,45.304
Rwanda,1975,44.698
Rwanda,1976,44.647
Rwanda,1977,44.797
Rwanda,1978,45.48
Rwanda,1979,46.659
Rwanda,1980,47.963
Rwanda,1981,49.422
Rwanda,1982,50.692
Rwanda,1983,51.319
Rwanda,1984,51.64
Rwanda,1985,51.734
Rwanda,1986,51.638
Rwanda,1987,51.477
Rwanda,1988,50.976
Rwanda,1989,50.22
Rwanda,1990,48.431
Rwanda,1991,46.519
Rwanda,1992,44.319
Rwanda,1993,42.166
Rwanda,1994,14.098
Rwanda,1995,39.969
Rwanda,1996,40.698
Rwanda,1997,40.64
Rwanda,1998,41.681
Rwanda,1999,44.616
Rwanda,2000,47.129
Rwanda,2001,49.021
Rwanda,2002,51.032
Rwanda,2003,53.368
Rwanda,2004,55.491
Rwanda,2005,57.316
Rwanda,2006,58.714
Rwanda,2007,59.965
Rwanda,2008,61.134
Rwanda,2009,61.958
Rwanda,2010,62.54
Rwanda,2011,63.261
Rwanda,2012,64.009
Rwanda,2013,64.426
Rwanda,2014,64.94
Rwanda,2015,65.298
Rwanda,2016,65.737
Rwanda,2017,65.941
Rwanda,2018,66.251
Rwanda,2019,66.437
Rwanda,2020,66.774
Rwanda,2021,66.072
Rwanda,2022,67.129
South Asia,1960,45.0873224491208
South Asia,1961,45.4074913890087
South Asia,1962,45.7949812460044
South Asia,1963,46.107738142171
South Asia,1964,46.5028833287194
South Asia,1965,45.5855520787763
South Asia,1966,46.1630124042869
South Asia,1967,46.5712308601492
South Asia,1968,48.0831079082809
South Asia,1969,48.4840555676932
South Asia,1970,48.266996677513
South Asia,1971,46.6225940024217
South Asia,1972,49.634619155882
South Asia,1973,50.0919811241007
South Asia,1974,50.5843382650244
South Asia,1975,51.1909153839773
South Asia,1976,51.7083637327452
South Asia,1977,52.19266321111
South Asia,1978,52.7021972625109
South Asia,1979,53.2013466439904
South Asia,1980,53.7462123780121
South Asia,1981,54.3019451858528
South Asia,1982,54.806479276645
South Asia,1983,55.3463245729332
South Asia,1984,55.8081984893558
South Asia,1985,56.2587990337521
South Asia,1986,56.7898545352391
South Asia,1987,57.1929811523071
South Asia,1988,57.6398014726599
South Asia,1989,58.0222592267963
South Asia,1990,58.5260289496404
South Asia,1991,58.6927942660508
South Asia,1992,59.3485339153193
South Asia,1993,59.6894617835045
South Asia,1994,60.084761426453
South Asia,1995,60.4431972973417
South Asia,1996,60.8117777297616
South Asia,1997,61.33806019637
South Asia,1998,61.9324516713195
South Asia,1999,62.569875262217
South Asia,2000,62.9034529242661
South Asia,2001,63.3143587794548
South Asia,2002,63.7825105430972
South Asia,2003,64.2101550384064
South Asia,2004,64.5475422117162
South Asia,2005,64.9230046926946
South Asia,2006,65.3763377630603
South Asia,2007,65.6337813709795
South Asia,2008,65.9606723034779
South Asia,2009,66.2525670641378
South Asia,2010,66.7494206294427
South Asia,2011,67.1388839937406
South Asia,2012,67.6271411479349
South Asia,2013,68.1124022055606
South Asia,2014,68.6276836829466
South Asia,2015,69.1324736517293
South Asia,2016,69.5972508271398
South Asia,2017,69.9669332766067
South Asia,2018,70.2400079461258
South Asia,2019,70.4582926588661
South Asia,2020,69.7336736654351
South Asia,2021,67.5674425618231
South Asia,2022,68.1474413137902
Saudi Arabia,1960,45.94
Saudi Arabia,1961,46.484
Saudi Arabia,1962,47.1
Saudi Arabia,1963,47.609
Saudi Arabia,1964,48.148
Saudi Arabia,1965,48.782
Saudi Arabia,1966,49.343
Saudi Arabia,1967,50.053
Saudi Arabia,1968,50.915
Saudi Arabia,1969,51.816
Saudi Arabia,1970,52.715
Saudi Arabia,1971,53.773
Saudi Arabia,1972,54.792
Saudi Arabia,1973,55.932
Saudi Arabia,1974,57.017
Saudi Arabia,1975,58.068
Saudi Arabia,1976,58.966
Saudi Arabia,1977,59.947
Saudi Arabia,1978,60.872
Saudi Arabia,1979,61.697
Saudi Arabia,1980,62.698
Saudi Arabia,1981,63.472
Saudi Arabia,1982,64.304
Saudi Arabia,1983,65.053
Saudi Arabia,1984,65.689
Saudi Arabia,1985,66.33
Saudi Arabia,1986,66.921
Saudi Arabia,1987,67.4
Saudi Arabia,1988,67.972
Saudi Arabia,1989,68.491
Saudi Arabia,1990,68.948
Saudi Arabia,1991,69.366
Saudi Arabia,1992,69.925
Saudi Arabia,1993,70.303
Saudi Arabia,1994,70.705
Saudi Arabia,1995,71.011
Saudi Arabia,1996,71.273
Saudi Arabia,1997,71.483
Saudi Arabia,1998,71.879
Saudi Arabia,1999,72.136
Saudi Arabia,2000,72.467
Saudi Arabia,2001,72.974
Saudi Arabia,2002,73.337
Saudi Arabia,2003,73.628
Saudi Arabia,2004,74.153
Saudi Arabia,2005,74.588
Saudi Arabia,2006,74.81
Saudi Arabia,2007,75.046
Saudi Arabia,2008,75.274
Saudi Arabia,2009,75.431
Saudi Arabia,2010,75.763
Saudi Arabia,2011,76.234
Saudi Arabia,2012,76.461
Saudi Arabia,2013,76.626
Saudi Arabia,2014,76.757
Saudi Arabia,2015,76.918
Saudi Arabia,2016,77.064
Saudi Arabia,2017,77.16
Saudi Arabia,2018,77.212
Saudi Arabia,2019,77.304
Saudi Arabia,2020,76.239
Saudi Arabia,2021,76.936
Saudi Arabia,2022,77.905
Sudan,1960,46.603
Sudan,1961,47.023
Sudan,1962,47.354
Sudan,1963,46.189
Sudan,1964,49.457
Sudan,1965,46.935
Sudan,1966,44.626
Sudan,1967,45.056
Sudan,1968,45.456
Sudan,1969,45.147
Sudan,1970,45.534
Sudan,1971,49.646
Sudan,1972,49.925
Sudan,1973,53.069
Sudan,1974,53.23
Sudan,1975,53.377
Sudan,1976,53.462
Sudan,1977,53.648
Sudan,1978,53.44
Sudan,1979,53.559
Sudan,1980,53.934
Sudan,1981,54.078
Sudan,1982,54.321
Sudan,1983,47.45
Sudan,1984,46.22
Sudan,1985,46.458
Sudan,1986,51.481
Sudan,1987,43.441
Sudan,1988,35.923
Sudan,1989,49.337
Sudan,1990,49.732
Sudan,1991,50.213
Sudan,1992,45.891
Sudan,1993,46.575
Sudan,1994,56.644
Sudan,1995,51.991
Sudan,1996,52.276
Sudan,1997,52.833
Sudan,1998,48.81
Sudan,1999,57.015
Sudan,2000,58.319
Sudan,2001,58.562
Sudan,2002,58.976
Sudan,2003,58.2
Sudan,2004,56.773
Sudan,2005,57.279
Sudan,2006,60.281
Sudan,2007,61.256
Sudan,2008,61.206
Sudan,2009,62.644
Sudan,2010,63.016
Sudan,2011,63.246
Sudan,2012,63.792
Sudan,2013,63.678
Sudan,2014,64.269
Sudan,2015,64.659
Sudan,2016,64.78
Sudan,2017,65.445
Sudan,2018,65.681
Sudan,2019,65.876
Sudan,2020,65.614
Sudan,2021,65.267
Sudan,2022,65.578
Senegal,1960,39.878
Senegal,1961,39.917
Senegal,1962,39.856
Senegal,1963,39.882
Senegal,1964,39.885
Senegal,1965,39.838
Senegal,1966,39.961
Senegal,1967,40.083
Senegal,1968,40.268
Senegal,1969,40.459
Senegal,1970,40.825
Senegal,1971,41.219
Senegal,1972,41.753
Senegal,1973,42.557
Senegal,1974,43.211
Senegal,1975,44.099
Senegal,1976,45.098
Senegal,1977,46.152
Senegal,1978,47.197
Senegal,1979,48.196
Senegal,1980,49.142
Senegal,1981,49.85
Senegal,1982,50.564
Senegal,1983,51.153
Senegal,1984,52.015
Senegal,1985,52.758
Senegal,1986,53.928
Senegal,1987,54.819
Senegal,1988,55.774
Senegal,1989,56.438
Senegal,1990,56.948
Senegal,1991,57.139
Senegal,1992,57.112
Senegal,1993,56.996
Senegal,1994,56.955
Senegal,1995,56.839
Senegal,1996,56.672
Senegal,1997,56.591
Senegal,1998,56.418
Senegal,1999,56.609
Senegal,2000,56.943
Senegal,2001,57.564
Senegal,2002,58.231
Senegal,2003,59.122
Senegal,2004,60.027
Senegal,2005,60.915
Senegal,2006,61.75
Senegal,2007,62.543
Senegal,2008,63.242
Senegal,2009,63.923
Senegal,2010,64.615
Senegal,2011,65.262
Senegal,2012,65.457
Senegal,2013,66.072
Senegal,2014,66.452
Senegal,2015,66.879
Senegal,2016,67.497
Senegal,2017,67.75
Senegal,2018,68.097
Senegal,2019,68.526
Senegal,2020,68.006
Senegal,2021,67.093
Senegal,2022,67.913
Singapore,1960,64.6946829268293
Singapore,1961,65.5179512195122
Singapore,1962,66.285756097561
Singapore,1963,66.7147073170732
Singapore,1964,67.0743902439024
Singapore,1965,67.512512195122
Singapore,1966,67.797
Singapore,1967,68.1193170731707
Singapore,1968,68.2882682926829
Singapore,1969,68.6862682926829
Singapore,1970,68.9131219512195
Singapore,1971,69.1883414634146
Singapore,1972,69.3467804878049
Singapore,1973,69.7398048780488
Singapore,1974,70.2013414634146
Singapore,1975,70.7834390243902
Singapore,1976,71.1650731707317
Singapore,1977,71.3711219512195
Singapore,1978,71.546756097561
Singapore,1979,71.6392195121951
Singapore,1980,72.190243902439
Singapore,1981,72.5878048780488
Singapore,1982,72.6878048780488
Singapore,1983,73.0365853658537
Singapore,1984,73.290243902439
Singapore,1985,73.890243902439
Singapore,1986,74.2463414634146
Singapore,1987,74.5487804878049
Singapore,1988,74.6975609756098
Singapore,1989,74.9463414634146
Singapore,1990,75.2951219512195
Singapore,1991,75.6463414634146
Singapore,1992,75.9463414634146
Singapore,1993,76.0463414634146
Singapore,1994,76.1975609756098
Singapore,1995,76.2951219512195
Singapore,1996,76.5951219512195
Singapore,1997,76.8975609756097
Singapore,1998,77.3
Singapore,1999,77.5512195121951
Singapore,2000,77.9512195121951
Singapore,2001,78.2512195121951
Singapore,2002,78.5512195121951
Singapore,2003,79.0390243902439
Singapore,2004,79.490243902439
Singapore,2005,79.990243902439
Singapore,2006,80.1414634146341
Singapore,2007,80.4414634146342
Singapore,2008,80.790243902439
Singapore,2009,81.2414634146342
Singapore,2010,81.5414634146342
Singapore,2011,81.7439024390244
Singapore,2012,81.9951219512195
Singapore,2013,82.2463414634147
Singapore,2014,82.4951219512195
Singapore,2015,82.7439024390244
Singapore,2016,82.8463414634146
Singapore,2017,83.0951219512195
Singapore,2018,83.2975609756098
Singapore,2019,83.5951219512195
Singapore,2020,83.5439024390244
Singapore,2021,83.0926829268293
Singapore,2022,82.8951219512195
Solomon Islands,1960,47.741
Solomon Islands,1961,48.434
Solomon Islands,1962,49.254
Solomon Islands,1963,50.049
Solomon Islands,1964,50.859
Solomon Islands,1965,51.659
Solomon Islands,1966,52.461
Solomon Islands,1967,53.208
Solomon Islands,1968,54.239
Solomon Islands,1969,55.163
Solomon Islands,1970,56.072
Solomon Islands,1971,56.978
Solomon Islands,1972,57.797
Solomon Islands,1973,58.594
Solomon Islands,1974,59.356
Solomon Islands,1975,58.078
Solomon Islands,1976,60.749
Solomon Islands,1977,60.864
Solomon Islands,1978,61.911
Solomon Islands,1979,62.388
Solomon Islands,1980,62.8
Solomon Islands,1981,63.161
Solomon Islands,1982,63.509
Solomon Islands,1983,63.762
Solomon Islands,1984,63.998
Solomon Islands,1985,64.29
Solomon Islands,1986,63.76
Solomon Islands,1987,64.764
Solomon Islands,1988,64.973
Solomon Islands,1989,65.186
Solomon Islands,1990,65.392
Solomon Islands,1991,65.579
Solomon Islands,1992,65.767
Solomon Islands,1993,65.958
Solomon Islands,1994,66.188
Solomon Islands,1995,66.381
Solomon Islands,1996,66.59
Solomon Islands,1997,66.742
Solomon Islands,1998,66.92
Solomon Islands,1999,67.069
Solomon Islands,2000,67.225
Solomon Islands,2001,67.364
Solomon Islands,2002,67.515
Solomon Islands,2003,67.644
Solomon Islands,2004,67.801
Solomon Islands,2005,67.936
Solomon Islands,2006,68.09
Solomon Islands,2007,67.986
Solomon Islands,2008,68.404
Solomon Islands,2009,68.466
Solomon Islands,2010,68.732
Solomon Islands,2011,68.908
Solomon Islands,2012,69.084
Solomon Islands,2013,69.188
Solomon Islands,2014,69.234
Solomon Islands,2015,69.583
Solomon Islands,2016,69.801
Solomon Islands,2017,69.988
Solomon Islands,2018,70.173
Solomon Islands,2019,70.382
Solomon Islands,2020,70.199
Solomon Islands,2021,70.348
Solomon Islands,2022,70.742
Sierra Leone,1960,33.961
Sierra Leone,1961,34.412
Sierra Leone,1962,34.875
Sierra Leone,1963,35.344
Sierra Leone,1964,35.87
Sierra Leone,1965,36.363
Sierra Leone,1966,36.868
Sierra Leone,1967,37.434
Sierra Leone,1968,37.846
Sierra Leone,1969,38.249
Sierra Leone,1970,38.793
Sierra Leone,1971,39.269
Sierra Leone,1972,39.767
Sierra Leone,1973,40.217
Sierra Leone,1974,40.691
Sierra Leone,1975,41.173
Sierra Leone,1976,41.631
Sierra Leone,1977,42.06
Sierra Leone,1978,42.46
Sierra Leone,1979,42.873
Sierra Leone,1980,43.13
Sierra Leone,1981,43.364
Sierra Leone,1982,43.571
Sierra Leone,1983,43.8
Sierra Leone,1984,43.916
Sierra Leone,1985,43.888
Sierra Leone,1986,43.792
Sierra Leone,1987,44.047
Sierra Leone,1988,44.047
Sierra Leone,1989,44.021
Sierra Leone,1990,44.057
Sierra Leone,1991,43.506
Sierra Leone,1992,43.621
Sierra Leone,1993,43.594
Sierra Leone,1994,42.925
Sierra Leone,1995,42.716
Sierra Leone,1996,43.68
Sierra Leone,1997,43.715
Sierra Leone,1998,42.789
Sierra Leone,1999,42.071
Sierra Leone,2000,45.05
Sierra Leone,2001,45.661
Sierra Leone,2002,46.359
Sierra Leone,2003,46.963
Sierra Leone,2004,47.577
Sierra Leone,2005,48.237
Sierra Leone,2006,49.323
Sierra Leone,2007,50.365
Sierra Leone,2008,51.526
Sierra Leone,2009,52.626
Sierra Leone,2010,53.693
Sierra Leone,2011,54.62
Sierra Leone,2012,55.451
Sierra Leone,2013,56.313
Sierra Leone,2014,56.393
Sierra Leone,2015,57.189
Sierra Leone,2016,58.404
Sierra Leone,2017,58.652
Sierra Leone,2018,59.796
Sierra Leone,2019,60.255
Sierra Leone,2020,59.763
Sierra Leone,2021,60.062
Sierra Leone,2022,60.411
El Salvador,1960,48.084
El Salvador,1961,48.849
El Salvador,1962,49.6
El Salvador,1963,50.253
El Salvador,1964,50.734
El Salvador,1965,50.897
El Salvador,1966,50.964
El Salvador,1967,50.852
El Salvador,1968,50.775
El Salvador,1969,50.9
El Salvador,1970,51.41
El Salvador,1971,52.241
El Salvador,1972,53.019
El Salvador,1973,54.048
El Salvador,1974,54.668
El Salvador,1975,54.875
El Salvador,1976,54.627
El Salvador,1977,54.024
El Salvador,1978,53.245
El Salvador,1979,52.2
El Salvador,1980,47.975
El Salvador,1981,48.161
El Salvador,1982,51.105
El Salvador,1983,52.203
El Salvador,1984,54.85
El Salvador,1985,57.025
El Salvador,1986,57.741
El Salvador,1987,59.669
El Salvador,1988,61.476
El Salvador,1989,59.685
El Salvador,1990,62.55
El Salvador,1991,63.856
El Salvador,1992,64.657
El Salvador,1993,65.235
El Salvador,1994,65.838
El Salvador,1995,66.33
El Salvador,1996,67.076
El Salvador,1997,67.895
El Salvador,1998,68.478
El Salvador,1999,69.379
El Salvador,2000,69.865
El Salvador,2001,69.598
El Salvador,2002,70.232
El Salvador,2003,70.14
El Salvador,2004,70.34
El Salvador,2005,70.44
El Salvador,2006,70.773
El Salvador,2007,71.108
El Salvador,2008,71.424
El Salvador,2009,71.576
El Salvador,2010,71.848
El Salvador,2011,71.859
El Salvador,2012,71.831
El Salvador,2013,71.771
El Salvador,2014,71.746
El Salvador,2015,71.814
El Salvador,2016,72.025
El Salvador,2017,72.311
El Salvador,2018,72.555
El Salvador,2019,72.559
El Salvador,2020,71.061
El Salvador,2021,70.748
El Salvador,2022,71.475
Somalia,1960,43.452
Somalia,1961,43.563
Somalia,1962,43.877
Somalia,1963,44.1
Somalia,1964,44.3
Somalia,1965,44.544
Somalia,1966,44.76
Somalia,1967,44.97
Somalia,1968,45.173
Somalia,1969,45.37
Somalia,1970,45.557
Somalia,1971,45.747
Somalia,1972,45.94
Somalia,1973,46.131
Somalia,1974,43.818
Somalia,1975,44.182
Somalia,1976,44.568
Somalia,1977,46.918
Somalia,1978,46.95
Somalia,1979,47.305
Somalia,1980,47.489
Somalia,1981,47.666
Somalia,1982,47.83
Somalia,1983,48.166
Somalia,1984,48.459
Somalia,1985,48.281
Somalia,1986,48.37
Somalia,1987,48.903
Somalia,1988,43.835
Somalia,1989,46.717
Somalia,1990,47.105
Somalia,1991,26.565
Somalia,1992,27.312
Somalia,1993,50.648
Somalia,1994,50.327
Somalia,1995,50.6
Somalia,1996,50.447
Somalia,1997,50.195
Somalia,1998,50.66
Somalia,1999,50.525
Somalia,2000,50.66
Somalia,2001,50.74
Somalia,2002,50.731
Somalia,2003,50.614
Somalia,2004,50.538
Somalia,2005,50.661
Somalia,2006,50.597
Somalia,2007,50.515
Somalia,2008,51.12
Somalia,2009,51.853
Somalia,2010,50.563
Somalia,2011,51.304
Somalia,2012,53.161
Somalia,2013,53.843
Somalia,2014,54.277
Somalia,2015,54.857
Somalia,2016,55.044
Somalia,2017,55.654
Somalia,2018,56.375
Somalia,2019,57.078
Somalia,2020,55.967
Somalia,2021,55.28
Somalia,2022,56.107
Serbia,1960,63.934
Serbia,1961,64.0574146341464
Serbia,1962,64.4788292682927
Serbia,1963,64.8923658536585
Serbia,1964,64.7863902439024
Serbia,1965,65.0941707317073
Serbia,1966,65.7846829268293
Serbia,1967,65.418
Serbia,1968,65.6322926829268
Serbia,1969,65.6410975609756
Serbia,1970,66.0954634146342
Serbia,1971,66.5294390243903
Serbia,1972,67.1144390243903
Serbia,1973,67.5273902439024
Serbia,1974,68.0056829268293
Serbia,1975,68.182243902439
Serbia,1976,68.4552926829268
Serbia,1977,68.7467317073171
Serbia,1978,68.673756097561
Serbia,1979,68.5989024390244
Serbia,1980,68.7906341463415
Serbia,1981,68.7252195121951
Serbia,1982,68.6682926829268
Serbia,1983,68.2849024390244
Serbia,1984,68.3783414634146
Serbia,1985,68.7808048780488
Serbia,1986,68.904
Serbia,1987,69.0934878048781
Serbia,1988,69.5157073170732
Serbia,1989,69.7707804878049
Serbia,1990,70.2292195121951
Serbia,1991,70.6177073170732
Serbia,1992,70.8009268292683
Serbia,1993,70.9655609756098
Serbia,1994,71.2506585365854
Serbia,1995,71.6894878048781
Serbia,1996,71.485243902439
Serbia,1997,71.5843658536585
Serbia,1998,71.1872926829268
Serbia,1999,69.7154390243902
Serbia,2000,71.5829268292683
Serbia,2001,72.2341463414634
Serbia,2002,72.2853658536585
Serbia,2003,72.4365853658537
Serbia,2004,72.6829268292683
Serbia,2005,72.8341463414634
Serbia,2006,73.3853658536585
Serbia,2007,73.6317073170732
Serbia,2008,73.8853658536585
Serbia,2009,73.9853658536585
Serbia,2010,74.3365853658537
Serbia,2011,74.5365853658537
Serbia,2012,74.8365853658537
Serbia,2013,75.1853658536585
Serbia,2014,75.3365853658537
Serbia,2015,75.2878048780488
Serbia,2016,75.6878048780488
Serbia,2017,75.5390243902439
Serbia,2018,75.890243902439
Serbia,2019,75.9365853658537
Serbia,2020,74.4780487804878
Serbia,2021,72.780487804878
Serbia,2022,75.4821951219512
Sub-Saharan Africa (excluding high income),1960,41.4174132880781
Sub-Saharan Africa (excluding high income),1961,41.7349814121919
Sub-Saharan Africa (excluding high income),1962,42.197080624323704
Sub-Saharan Africa (excluding high income),1963,42.4349131501872
Sub-Saharan Africa (excluding high income),1964,42.8882754573072
Sub-Saharan Africa (excluding high income),1965,43.0239234340782
Sub-Saharan Africa (excluding high income),1966,42.9794344318632
Sub-Saharan Africa (excluding high income),1967,43.2221556101489
Sub-Saharan Africa (excluding high income),1968,43.6602856928321
Sub-Saharan Africa (excluding high income),1969,43.8990885147045
Sub-Saharan Africa (excluding high income),1970,44.358006861691
Sub-Saharan Africa (excluding high income),1971,44.8651623047012
Sub-Saharan Africa (excluding high income),1972,44.9830033806766
Sub-Saharan Africa (excluding high income),1973,45.7129460164376
Sub-Saharan Africa (excluding high income),1974,45.9295007501744
Sub-Saharan Africa (excluding high income),1975,46.3143788885762
Sub-Saharan Africa (excluding high income),1976,46.9879364634649
Sub-Saharan Africa (excluding high income),1977,47.4499577604926
Sub-Saharan Africa (excluding high income),1978,47.7503735394903
Sub-Saharan Africa (excluding high income),1979,48.2101057002281
Sub-Saharan Africa (excluding high income),1980,48.5712367315126
Sub-Saharan Africa (excluding high income),1981,48.9412589957771
Sub-Saharan Africa (excluding high income),1982,49.1865807329416
Sub-Saharan Africa (excluding high income),1983,48.3575431588603
Sub-Saharan Africa (excluding high income),1984,48.3931227572002
Sub-Saharan Africa (excluding high income),1985,48.6469185149702
Sub-Saharan Africa (excluding high income),1986,49.0422633381655
Sub-Saharan Africa (excluding high income),1987,49.3526799208621
Sub-Saharan Africa (excluding high income),1988,49.0215658749216
Sub-Saharan Africa (excluding high income),1989,49.8971384527657
Sub-Saharan Africa (excluding high income),1990,49.8344457268726
Sub-Saharan Africa (excluding high income),1991,49.7032955041853
Sub-Saharan Africa (excluding high income),1992,49.4680168824194
Sub-Saharan Africa (excluding high income),1993,49.6937181206183
Sub-Saharan Africa (excluding high income),1994,50.0090356308259
Sub-Saharan Africa (excluding high income),1995,50.1079839041989
Sub-Saharan Africa (excluding high income),1996,50.0386190478391
Sub-Saharan Africa (excluding high income),1997,50.2047309486286
Sub-Saharan Africa (excluding high income),1998,49.9144448583248
Sub-Saharan Africa (excluding high income),1999,50.6381345176311
Sub-Saharan Africa (excluding high income),2000,51.2608408485182
Sub-Saharan Africa (excluding high income),2001,51.5327095407478
Sub-Saharan Africa (excluding high income),2002,51.8868440461649
Sub-Saharan Africa (excluding high income),2003,52.3597282092352
Sub-Saharan Africa (excluding high income),2004,52.8329492005018
Sub-Saharan Africa (excluding high income),2005,53.4434108169552
Sub-Saharan Africa (excluding high income),2006,54.1945258201835
Sub-Saharan Africa (excluding high income),2007,54.8259937943331
Sub-Saharan Africa (excluding high income),2008,55.4226837141003
Sub-Saharan Africa (excluding high income),2009,56.1908745810884
Sub-Saharan Africa (excluding high income),2010,56.8163626228377
Sub-Saharan Africa (excluding high income),2011,57.5257280002994
Sub-Saharan Africa (excluding high income),2012,58.1057869036875
Sub-Saharan Africa (excluding high income),2013,58.6311934938613
Sub-Saharan Africa (excluding high income),2014,59.1046252744988
Sub-Saharan Africa (excluding high income),2015,59.5220791189745
Sub-Saharan Africa (excluding high income),2016,60.0258708215987
Sub-Saharan Africa (excluding high income),2017,60.4363221585495
Sub-Saharan Africa (excluding high income),2018,60.8249960142519
Sub-Saharan Africa (excluding high income),2019,61.2099327930725
Sub-Saharan Africa (excluding high income),2020,60.820253949348
Sub-Saharan Africa (excluding high income),2021,60.2179675246604
Sub-Saharan Africa (excluding high income),2022,60.7428523816943
South Sudan,1960,28.662
South Sudan,1961,28.84
South Sudan,1962,29.119
South Sudan,1963,28.826
South Sudan,1964,33.149
South Sudan,1965,29.288
South Sudan,1966,26.084
South Sudan,1967,26.406
South Sudan,1968,26.708
South Sudan,1969,26.086
South Sudan,1970,26.399
South Sudan,1971,31.582
South Sudan,1972,31.907
South Sudan,1973,36.479
South Sudan,1974,36.514
South Sudan,1975,36.746
South Sudan,1976,36.84
South Sudan,1977,37.325
South Sudan,1978,37.649
South Sudan,1979,37.919
South Sudan,1980,38.417
South Sudan,1981,38.783
South Sudan,1982,39.113
South Sudan,1983,35.491
South Sudan,1984,32.673
South Sudan,1985,33.154
South Sudan,1986,33.632
South Sudan,1987,21.912
South Sudan,1988,12.407
South Sudan,1989,29.68
South Sudan,1990,29.935
South Sudan,1991,30.148
South Sudan,1992,22.724
South Sudan,1993,22.704
South Sudan,1994,44.384
South Sudan,1995,30.948
South Sudan,1996,31.297
South Sudan,1997,32.242
South Sudan,1998,18.385
South Sudan,1999,43.223
South Sudan,2000,46.028
South Sudan,2001,46.881
South Sudan,2002,47.492
South Sudan,2003,50.253
South Sudan,2004,50.917
South Sudan,2005,51.545
South Sudan,2006,52.016
South Sudan,2007,52.856
South Sudan,2008,53.538
South Sudan,2009,53.891
South Sudan,2010,54.812
South Sudan,2011,54.94
South Sudan,2012,55.865
South Sudan,2013,55.751
South Sudan,2014,54.973
South Sudan,2015,55.566
South Sudan,2016,55.544
South Sudan,2017,55.309
South Sudan,2018,55.95
South Sudan,2019,55.912
South Sudan,2020,55.48
South Sudan,2021,54.975
South Sudan,2022,55.567
Sub-Saharan Africa,1960,41.4174132880781
Sub-Saharan Africa,1961,41.7349814121919
Sub-Saharan Africa,1962,42.197080624323704
Sub-Saharan Africa,1963,42.4349131501872
Sub-Saharan Africa,1964,42.8882754573072
Sub-Saharan Africa,1965,43.0239234340782
Sub-Saharan Africa,1966,42.9794344318632
Sub-Saharan Africa,1967,43.2221556101489
Sub-Saharan Africa,1968,43.6602856928321
Sub-Saharan Africa,1969,43.8990885147045
Sub-Saharan Africa,1970,44.358006861691
Sub-Saharan Africa,1971,44.8651623047012
Sub-Saharan Africa,1972,44.9830033806765
Sub-Saharan Africa,1973,45.7129460164376
Sub-Saharan Africa,1974,45.9295007501744
Sub-Saharan Africa,1975,46.3143788885762
Sub-Saharan Africa,1976,46.9879364634649
Sub-Saharan Africa,1977,47.4499577604926
Sub-Saharan Africa,1978,47.7503735394903
Sub-Saharan Africa,1979,48.2101057002281
Sub-Saharan Africa,1980,48.5746477194767
Sub-Saharan Africa,1981,48.9446450179241
Sub-Saharan Africa,1982,49.1897108352887
Sub-Saharan Africa,1983,48.3608624460991
Sub-Saharan Africa,1984,48.3962398184129
Sub-Saharan Africa,1985,48.6499553162096
Sub-Saharan Africa,1986,49.0450295191748
Sub-Saharan Africa,1987,49.3553794305743
Sub-Saharan Africa,1988,49.0243107092136
Sub-Saharan Africa,1989,49.8996041190084
Sub-Saharan Africa,1990,49.8368820526456
Sub-Saharan Africa,1991,49.7060583608116
Sub-Saharan Africa,1992,49.4708134086011
Sub-Saharan Africa,1993,49.6962443691205
Sub-Saharan Africa,1994,50.0116829100966
Sub-Saharan Africa,1995,50.1108091437194
Sub-Saharan Africa,1996,50.0413039931695
Sub-Saharan Africa,1997,50.2073138638838
Sub-Saharan Africa,1998,49.9171103091581
Sub-Saharan Africa,1999,50.6408053441751
Sub-Saharan Africa,2000,51.2634038322914
Sub-Saharan Africa,2001,51.5352307146751
Sub-Saharan Africa,2002,51.8890809276216
Sub-Saharan Africa,2003,52.3618214632394
Sub-Saharan Africa,2004,52.8351047527341
Sub-Saharan Africa,2005,53.4453968938561
Sub-Saharan Africa,2006,54.1964286852707
Sub-Saharan Africa,2007,54.827885116751
Sub-Saharan Africa,2008,55.4245057780897
Sub-Saharan Africa,2009,56.1925688959794
Sub-Saharan Africa,2010,56.8180062966738
Sub-Saharan Africa,2011,57.5271732918436
Sub-Saharan Africa,2012,58.1072978970512
Sub-Saharan Africa,2013,58.6325353036072
Sub-Saharan Africa,2014,59.1059183242408
Sub-Saharan Africa,2015,59.5234252115263
Sub-Saharan Africa,2016,60.0271553242519
Sub-Saharan Africa,2017,60.4375513983323
Sub-Saharan Africa,2018,60.826043528271
Sub-Saharan Africa,2019,61.2110327116347
Sub-Saharan Africa,2020,60.8216366383642
Sub-Saharan Africa,2021,60.2190585730974
Sub-Saharan Africa,2022,60.7441305312973
Small states,1960,56.8416504959399
Small states,1961,57.2562378156908
Small states,1962,57.7858407153046
Small states,1963,57.9940560724253
Small states,1964,58.5699594184171
Small states,1965,59.2131597410259
Small states,1966,59.4943313897099
Small states,1967,59.7753521400245
Small states,1968,60.0643401323907
Small states,1969,60.2421354730788
Small states,1970,60.6087580172246
Small states,1971,60.8861702819247
Small states,1972,61.1824041699962
Small states,1973,61.4355368855427
Small states,1974,60.7339858665669
Small states,1975,61.1332688977255
Small states,1976,61.5129279026424
Small states,1977,61.7163618728933
Small states,1978,61.7675997120225
Small states,1979,62.0433137763857
Small states,1980,62.666597244515
Small states,1981,62.952613955925
Small states,1982,63.2055536638875
Small states,1983,63.4409674260467
Small states,1984,63.9381721173217
Small states,1985,64.2251167324311
Small states,1986,64.5102440723322
Small states,1987,64.9188217457353
Small states,1988,65.1870332305279
Small states,1989,65.742934481664
Small states,1990,65.8647470231135
Small states,1991,65.8989557921594
Small states,1992,65.9518907967268
Small states,1993,66.0816890850306
Small states,1994,65.9024469992625
Small states,1995,66.0310372013519
Small states,1996,66.2706947921989
Small states,1997,66.2914513663497
Small states,1998,66.239771874878
Small states,1999,66.2726101109449
Small states,2000,67.2220497381241
Small states,2001,67.4161363340796
Small states,2002,67.5096368895161
Small states,2003,67.7045119065808
Small states,2004,67.9867040761504
Small states,2005,68.2844829536516
Small states,2006,68.5985502420697
Small states,2007,68.9599416607904
Small states,2008,69.3266156334558
Small states,2009,69.6952429320121
Small states,2010,70.1749558504773
Small states,2011,70.4751502322197
Small states,2012,70.8031485954849
Small states,2013,71.1510505032751
Small states,2014,71.4404399019318
Small states,2015,71.7298652594865
Small states,2016,72.0596837789878
Small states,2017,72.418736154973
Small states,2018,72.6248947719198
Small states,2019,72.7349734717726
Small states,2020,72.5314173255443
Small states,2021,71.6576934341937
Small states,2022,72.1830686819043
Sao Tome and Principe,1960,43.04
Sao Tome and Principe,1961,44.359
Sao Tome and Principe,1962,45.861
Sao Tome and Principe,1963,46.094
Sao Tome and Principe,1964,47.161
Sao Tome and Principe,1965,49.022
Sao Tome and Principe,1966,51.56
Sao Tome and Principe,1967,54.066
Sao Tome and Principe,1968,54.916
Sao Tome and Principe,1969,55.08
Sao Tome and Principe,1970,56.516
Sao Tome and Principe,1971,56.841
Sao Tome and Principe,1972,57.349
Sao Tome and Principe,1973,57.941
Sao Tome and Principe,1974,58.042
Sao Tome and Principe,1975,58.263
Sao Tome and Principe,1976,58.576
Sao Tome and Principe,1977,58.83
Sao Tome and Principe,1978,59.325
Sao Tome and Principe,1979,59.714
Sao Tome and Principe,1980,59.739
Sao Tome and Principe,1981,59.487
Sao Tome and Principe,1982,59.558
Sao Tome and Principe,1983,59.432
Sao Tome and Principe,1984,59.487
Sao Tome and Principe,1985,59.811
Sao Tome and Principe,1986,57.527
Sao Tome and Principe,1987,61.017
Sao Tome and Principe,1988,61.334
Sao Tome and Principe,1989,60.158
Sao Tome and Principe,1990,61.471
Sao Tome and Principe,1991,61.429
Sao Tome and Principe,1992,61.284
Sao Tome and Principe,1993,61.138
Sao Tome and Principe,1994,61.069
Sao Tome and Principe,1995,61.056
Sao Tome and Principe,1996,61.097
Sao Tome and Principe,1997,61.181
Sao Tome and Principe,1998,61.187
Sao Tome and Principe,1999,61.393
Sao Tome and Principe,2000,61.655
Sao Tome and Principe,2001,62.032
Sao Tome and Principe,2002,62.6
Sao Tome and Principe,2003,63.166
Sao Tome and Principe,2004,63.731
Sao Tome and Principe,2005,63.709
Sao Tome and Principe,2006,64.398
Sao Tome and Principe,2007,64.724
Sao Tome and Principe,2008,65.079
Sao Tome and Principe,2009,65.116
Sao Tome and Principe,2010,65.249
Sao Tome and Principe,2011,64.902
Sao Tome and Principe,2012,65.746
Sao Tome and Principe,2013,66.328
Sao Tome and Principe,2014,66.845
Sao Tome and Principe,2015,67.249
Sao Tome and Principe,2016,67.492
Sao Tome and Principe,2017,68.267
Sao Tome and Principe,2018,68.355
Sao Tome and Principe,2019,68.523
Sao Tome and Principe,2020,67.785
Sao Tome and Principe,2021,67.591
Sao Tome and Principe,2022,68.794
Suriname,1960,57.102
Suriname,1961,57.767
Suriname,1962,58.474
Suriname,1963,59.039
Suriname,1964,59.625
Suriname,1965,59.485
Suriname,1966,59.691
Suriname,1967,59.905
Suriname,1968,60.062
Suriname,1969,60.224
Suriname,1970,60.402
Suriname,1971,60.392
Suriname,1972,60.507
Suriname,1973,60.697
Suriname,1974,60.841
Suriname,1975,61.049
Suriname,1976,61.25
Suriname,1977,61.453
Suriname,1978,61.684
Suriname,1979,61.878
Suriname,1980,62.034
Suriname,1981,62.251
Suriname,1982,62.455
Suriname,1983,62.593
Suriname,1984,62.872
Suriname,1985,63.058
Suriname,1986,62.96
Suriname,1987,63.186
Suriname,1988,63.437
Suriname,1989,64.01
Suriname,1990,64.23
Suriname,1991,64.453
Suriname,1992,64.65
Suriname,1993,64.98
Suriname,1994,65.272
Suriname,1995,65.337
Suriname,1996,65.668
Suriname,1997,65.697
Suriname,1998,65.594
Suriname,1999,65.443
Suriname,2000,65.508
Suriname,2001,65.482
Suriname,2002,65.531
Suriname,2003,65.596
Suriname,2004,66.416
Suriname,2005,67.002
Suriname,2006,67.571
Suriname,2007,68.204
Suriname,2008,68.816
Suriname,2009,69.505
Suriname,2010,69.894
Suriname,2011,69.914
Suriname,2012,69.764
Suriname,2013,69.682
Suriname,2014,69.782
Suriname,2015,70.8
Suriname,2016,71.592
Suriname,2017,72.417
Suriname,2018,72.553
Suriname,2019,72.242
Suriname,2020,72.561
Suriname,2021,70.274
Suriname,2022,70.289
Slovak Republic,1960,70.2697804878049
Slovak Republic,1961,70.7239024390244
Slovak Republic,1962,70.2702926829268
Slovak Republic,1963,70.6334146341463
Slovak Republic,1964,71.0198780487805
Slovak Republic,1965,70.2352682926829
Slovak Republic,1966,70.3774390243903
Slovak Republic,1967,70.9255853658537
Slovak Republic,1968,70.436756097561
Slovak Republic,1969,69.7953902439024
Slovak Republic,1970,69.7125853658537
Slovak Republic,1971,69.8625609756098
Slovak Republic,1972,70.2982195121951
Slovak Republic,1973,70.0213902439024
Slovak Republic,1974,70.1781707317073
Slovak Republic,1975,70.3050487804878
Slovak Republic,1976,70.4631951219512
Slovak Republic,1977,70.4231219512195
Slovak Republic,1978,70.4264390243902
Slovak Republic,1979,70.7447317073171
Slovak Republic,1980,70.4085365853659
Slovak Republic,1981,70.6292682926829
Slovak Republic,1982,70.6890243902439
Slovak Republic,1983,70.4790243902439
Slovak Republic,1984,70.7509756097561
Slovak Republic,1985,70.7346341463415
Slovak Republic,1986,71.0212195121951
Slovak Republic,1987,71.0887804878049
Slovak Republic,1988,71.2078048780488
Slovak Republic,1989,71.0263414634146
Slovak Republic,1990,70.9326829268293
Slovak Republic,1991,70.8829268292683
Slovak Republic,1992,71.7951219512195
Slovak Republic,1993,72.4487804878049
Slovak Republic,1994,72.3
Slovak Republic,1995,72.2536585365854
Slovak Republic,1996,72.6536585365854
Slovak Republic,1997,72.7048780487805
Slovak Republic,1998,72.5512195121951
Slovak Republic,1999,72.9024390243902
Slovak Republic,2000,73.0512195121951
Slovak Republic,2001,73.4024390243903
Slovak Republic,2002,73.6048780487805
Slovak Republic,2003,73.6048780487805
Slovak Republic,2004,73.9585365853659
Slovak Republic,2005,73.9048780487805
Slovak Republic,2006,74.2048780487805
Slovak Republic,2007,74.2073170731707
Slovak Republic,2008,74.7048780487805
Slovak Republic,2009,74.909756097561
Slovak Republic,2010,75.1121951219512
Slovak Republic,2011,75.9585365853659
Slovak Republic,2012,76.109756097561
Slovak Republic,2013,76.4121951219512
Slovak Republic,2014,76.8121951219512
Slovak Republic,2015,76.5634146341463
Slovak Republic,2016,77.1658536585366
Slovak Republic,2017,77.1658536585366
Slovak Republic,2018,77.2658536585366
Slovak Republic,2019,77.6658536585366
Slovak Republic,2020,76.8658536585366
Slovak Republic,2021,74.6146341463415
Slovak Republic,2022,77.0658536585366
Slovenia,1960,68.9780487804878
Slovenia,1961,68.9780487804878
Slovenia,1962,68.9780487804878
Slovenia,1963,68.6219512195122
Slovenia,1964,68.6634146341463
Slovenia,1965,68.3658536585366
Slovenia,1966,69.0121951219512
Slovenia,1967,69.3658536585366
Slovenia,1968,68.9170731707317
Slovenia,1969,68.3609756097561
Slovenia,1970,68.609756097561
Slovenia,1971,68.8341463414634
Slovenia,1972,69.0585365853659
Slovenia,1973,69.4048780487805
Slovenia,1974,70.1609756097561
Slovenia,1975,70.3585365853659
Slovenia,1976,70.3073170731707
Slovenia,1977,70.5560975609756
Slovenia,1978,70.7024390243902
Slovenia,1979,70.8536585365854
Slovenia,1980,71.1048780487805
Slovenia,1981,71.2048780487805
Slovenia,1982,71.0536585365854
Slovenia,1983,70.5414634146342
Slovenia,1984,70.9024390243903
Slovenia,1985,71.3512195121951
Slovenia,1986,71.8024390243903
Slovenia,1987,72.0024390243902
Slovenia,1988,72.4463414634146
Slovenia,1989,72.7048780487805
Slovenia,1990,73.2048780487805
Slovenia,1991,73.3536585365854
Slovenia,1992,73.3048780487805
Slovenia,1993,73.2536585365854
Slovenia,1994,73.4048780487805
Slovenia,1995,73.9585365853659
Slovenia,1996,74.4585365853658
Slovenia,1997,74.7073170731707
Slovenia,1998,74.8073170731708
Slovenia,1999,75.009756097561
Slovenia,2000,75.4121951219512
Slovenia,2001,75.7585365853659
Slovenia,2002,76.0073170731707
Slovenia,2003,76.8585365853659
Slovenia,2004,77.2073170731707
Slovenia,2005,77.6121951219512
Slovenia,2006,78.0865853658537
Slovenia,2007,78.5609756097561
Slovenia,2008,78.7658536585366
Slovenia,2009,78.9707317073171
Slovenia,2010,79.4219512195122
Slovenia,2011,79.9707317073171
Slovenia,2012,80.1243902439024
Slovenia,2013,80.3219512195122
Slovenia,2014,81.0780487804878
Slovenia,2015,80.7756097560976
Slovenia,2016,81.1756097560976
Slovenia,2017,81.0292682926829
Slovenia,2018,81.3780487804878
Slovenia,2019,81.5292682926829
Slovenia,2020,80.5317073170732
Slovenia,2021,80.6756097560976
Slovenia,2022,81.2829268292683
Sweden,1960,73.0056097560976
Sweden,1961,73.4743902439024
Sweden,1962,73.3504878048781
Sweden,1963,73.5553658536585
Sweden,1964,73.7331707317073
Sweden,1965,73.8617073170732
Sweden,1966,74.0785365853659
Sweden,1967,74.1224390243903
Sweden,1968,73.9729268292683
Sweden,1969,74.0848780487805
Sweden,1970,74.6492682926829
Sweden,1971,74.6239024390244
Sweden,1972,74.7180487804878
Sweden,1973,74.8673170731707
Sweden,1974,74.9804878048781
Sweden,1975,74.9846341463415
Sweden,1976,74.9692682926829
Sweden,1977,75.379756097561
Sweden,1978,75.4690243902439
Sweden,1979,75.5241463414634
Sweden,1980,75.7409756097561
Sweden,1981,76.0260975609756
Sweden,1982,76.3273170731707
Sweden,1983,76.5517073170732
Sweden,1984,76.8158536585366
Sweden,1985,76.6678048780488
Sweden,1986,76.9312195121951
Sweden,1987,77.0921951219512
Sweden,1988,76.9792682926829
Sweden,1989,77.7268292682927
Sweden,1990,77.5368292682927
Sweden,1991,77.6668292682927
Sweden,1992,77.9987804878049
Sweden,1993,78.0604878048781
Sweden,1994,78.650243902439
Sweden,1995,78.7404878048781
Sweden,1996,78.9590243902439
Sweden,1997,79.1975609756098
Sweden,1998,79.3390243902439
Sweden,1999,79.4414634146342
Sweden,2000,79.6439024390244
Sweden,2001,79.7951219512195
Sweden,2002,79.8463414634146
Sweden,2003,80.0951219512195
Sweden,2004,80.4975609756098
Sweden,2005,80.5463414634146
Sweden,2006,80.7487804878049
Sweden,2007,80.9
Sweden,2008,81.1
Sweden,2009,81.3512195121951
Sweden,2010,81.4512195121951
Sweden,2011,81.8024390243903
Sweden,2012,81.7048780487805
Sweden,2013,81.9560975609756
Sweden,2014,82.2536585365854
Sweden,2015,82.2048780487805
Sweden,2016,82.3073170731707
Sweden,2017,82.409756097561
Sweden,2018,82.5585365853659
Sweden,2019,83.109756097561
Sweden,2020,82.3560975609756
Sweden,2021,83.0560975609756
Sweden,2022,83.109756097561
Eswatini,1960,45.813
Eswatini,1961,46.191
Eswatini,1962,46.614
Eswatini,1963,46.854
Eswatini,1964,47.335
Eswatini,1965,47.907
Eswatini,1966,48.56
Eswatini,1967,49.128
Eswatini,1968,49.748
Eswatini,1969,50.318
Eswatini,1970,50.804
Eswatini,1971,51.31
Eswatini,1972,51.821
Eswatini,1973,52.468
Eswatini,1974,53.086
Eswatini,1975,53.824
Eswatini,1976,54.658
Eswatini,1977,55.598
Eswatini,1978,56.477
Eswatini,1979,57.268
Eswatini,1980,57.846
Eswatini,1981,58.392
Eswatini,1982,59.02
Eswatini,1983,58.172
Eswatini,1984,59.999
Eswatini,1985,60.785
Eswatini,1986,61.438
Eswatini,1987,62.042
Eswatini,1988,62.673
Eswatini,1989,62.927
Eswatini,1990,63.072
Eswatini,1991,62.685
Eswatini,1992,61.735
Eswatini,1993,60.233
Eswatini,1994,58.268
Eswatini,1995,56.148
Eswatini,1996,53.873
Eswatini,1997,52.044
Eswatini,1998,50.333
Eswatini,1999,48.733
Eswatini,2000,47.256
Eswatini,2001,45.975
Eswatini,2002,44.486
Eswatini,2003,43.349
Eswatini,2004,42.538
Eswatini,2005,42.125
Eswatini,2006,43.12
Eswatini,2007,43.641
Eswatini,2008,44.175
Eswatini,2009,44.639
Eswatini,2010,46.619
Eswatini,2011,48.195
Eswatini,2012,49.835
Eswatini,2013,51.486
Eswatini,2014,53.05
Eswatini,2015,55.019
Eswatini,2016,56.659
Eswatini,2017,57.895
Eswatini,2018,59.411
Eswatini,2019,60.549
Eswatini,2020,59.692
Eswatini,2021,57.066
Eswatini,2022,56.36
Sint Maarten (Dutch part),1960,66.246
Sint Maarten (Dutch part),1961,65.73
Sint Maarten (Dutch part),1962,66.807
Sint Maarten (Dutch part),1963,68.566
Sint Maarten (Dutch part),1964,68.604
Sint Maarten (Dutch part),1965,66.403
Sint Maarten (Dutch part),1966,68.325
Sint Maarten (Dutch part),1967,69.091
Sint Maarten (Dutch part),1968,68.795
Sint Maarten (Dutch part),1969,70.158
Sint Maarten (Dutch part),1970,71.907
Sint Maarten (Dutch part),1971,71.437
Sint Maarten (Dutch part),1972,71.736
Sint Maarten (Dutch part),1973,72.096
Sint Maarten (Dutch part),1974,72.309
Sint Maarten (Dutch part),1975,72.579
Sint Maarten (Dutch part),1976,72.709
Sint Maarten (Dutch part),1977,72.269
Sint Maarten (Dutch part),1978,71.961
Sint Maarten (Dutch part),1979,71.551
Sint Maarten (Dutch part),1980,70.918
Sint Maarten (Dutch part),1981,71.228
Sint Maarten (Dutch part),1982,72.432
Sint Maarten (Dutch part),1983,72.585
Sint Maarten (Dutch part),1984,72.418
Sint Maarten (Dutch part),1985,72.282
Sint Maarten (Dutch part),1986,72.202
Sint Maarten (Dutch part),1987,72.201
Sint Maarten (Dutch part),1988,72.871
Sint Maarten (Dutch part),1989,72.481
Sint Maarten (Dutch part),1990,72.324
Sint Maarten (Dutch part),1991,71.954
Sint Maarten (Dutch part),1992,72.509
Sint Maarten (Dutch part),1993,72.293
Sint Maarten (Dutch part),1994,72.338
Sint Maarten (Dutch part),1995,72.406
Sint Maarten (Dutch part),1996,72.858
Sint Maarten (Dutch part),1997,73.76
Sint Maarten (Dutch part),1998,73.48
Sint Maarten (Dutch part),1999,75.034
Sint Maarten (Dutch part),2000,74.514
Sint Maarten (Dutch part),2001,74.522
Sint Maarten (Dutch part),2002,74.858
Sint Maarten (Dutch part),2003,74.148
Sint Maarten (Dutch part),2004,74.24
Sint Maarten (Dutch part),2005,75.542
Sint Maarten (Dutch part),2006,75.926
Sint Maarten (Dutch part),2007,75.417
Sint Maarten (Dutch part),2008,75.742
Sint Maarten (Dutch part),2009,75.441
Sint Maarten (Dutch part),2010,75.132
Sint Maarten (Dutch part),2011,74.684
Sint Maarten (Dutch part),2012,74.608
Sint Maarten (Dutch part),2013,74.917
Sint Maarten (Dutch part),2014,76.773
Sint Maarten (Dutch part),2015,76.954
Sint Maarten (Dutch part),2016,76.598
Sint Maarten (Dutch part),2017,75.03
Sint Maarten (Dutch part),2018,75.131
Sint Maarten (Dutch part),2019,75.437
Sint Maarten (Dutch part),2020,74.584
Sint Maarten (Dutch part),2021,73.972
Sint Maarten (Dutch part),2022,74.409
Seychelles,1980,69.5975609756098
Seychelles,1981,70.1878048780488
Seychelles,1982,69.3243902439024
Seychelles,1983,70.3829268292683
Seychelles,1984,69.5536585365854
Seychelles,1985,69.6975609756098
Seychelles,1986,68.6560975609756
Seychelles,1987,68.2365853658537
Seychelles,1988,68.7024390243902
Seychelles,1989,67.9707317073171
Seychelles,1990,68.1073170731707
Seychelles,1991,70.7121951219512
Seychelles,1992,71.2146341463415
Seychelles,1993,69.4682926829268
Seychelles,1994,70.7292682926829
Seychelles,1995,72.4829268292683
Seychelles,1996,71.5609756097561
Seychelles,1997,71.2121951219512
Seychelles,1998,71.7463414634146
Seychelles,1999,72.6682926829268
Seychelles,2000,72.7780487804878
Seychelles,2001,73.2536585365854
Seychelles,2002,71.0878048780488
Seychelles,2003,71.0292682926829
Seychelles,2004,72.6609756097561
Seychelles,2005,72.1317073170732
Seychelles,2006,72.2170731707317
Seychelles,2007,73.1439024390244
Seychelles,2008,73.1634146341463
Seychelles,2009,73.0829268292683
Seychelles,2010,73.1975609756098
Seychelles,2011,72.7243902439024
Seychelles,2012,74.2756097560976
Seychelles,2013,73.119512195122
Seychelles,2014,73.2292682926829
Seychelles,2015,74.2951219512195
Seychelles,2016,74.309756097561
Seychelles,2017,74.3
Seychelles,2018,72.8414634146341
Seychelles,2019,74.0463414634146
Seychelles,2020,77.2365853658537
Seychelles,2021,73.3975609756097
Seychelles,2022,73.8487804878049
Syrian Arab Republic,1960,53.547
Syrian Arab Republic,1961,54.437
Syrian Arab Republic,1962,55.086
Syrian Arab Republic,1963,55.778
Syrian Arab Republic,1964,56.5
Syrian Arab Republic,1965,57.113
Syrian Arab Republic,1966,57.598
Syrian Arab Republic,1967,58.095
Syrian Arab Republic,1968,59.065
Syrian Arab Republic,1969,59.878
Syrian Arab Republic,1970,60.527
Syrian Arab Republic,1971,61.37
Syrian Arab Republic,1972,61.9
Syrian Arab Republic,1973,60.691
Syrian Arab Republic,1974,63.119
Syrian Arab Republic,1975,63.538
Syrian Arab Republic,1976,63.922
Syrian Arab Republic,1977,63.764
Syrian Arab Republic,1978,65.806
Syrian Arab Republic,1979,66.138
Syrian Arab Republic,1980,66.351
Syrian Arab Republic,1981,64.372
Syrian Arab Republic,1982,61.119
Syrian Arab Republic,1983,67.829
Syrian Arab Republic,1984,68.924
Syrian Arab Republic,1985,68.756
Syrian Arab Republic,1986,69.206
Syrian Arab Republic,1987,69.295
Syrian Arab Republic,1988,69.674
Syrian Arab Republic,1989,69.76
Syrian Arab Republic,1990,69.817
Syrian Arab Republic,1991,70.036
Syrian Arab Republic,1992,70.263
Syrian Arab Republic,1993,70.193
Syrian Arab Republic,1994,70.141
Syrian Arab Republic,1995,70.416
Syrian Arab Republic,1996,70.347
Syrian Arab Republic,1997,70.283
Syrian Arab Republic,1998,70.196
Syrian Arab Republic,1999,70.425
Syrian Arab Republic,2000,70.764
Syrian Arab Republic,2001,71.644
Syrian Arab Republic,2002,71.939
Syrian Arab Republic,2003,72.414
Syrian Arab Republic,2004,72.475
Syrian Arab Republic,2005,72.769
Syrian Arab Republic,2006,73.35
Syrian Arab Republic,2007,73.709
Syrian Arab Republic,2008,73.551
Syrian Arab Republic,2009,73.853
Syrian Arab Republic,2010,73.881
Syrian Arab Republic,2011,73.305
Syrian Arab Republic,2012,66.769
Syrian Arab Republic,2013,63.827
Syrian Arab Republic,2014,63.153
Syrian Arab Republic,2015,65.124
Syrian Arab Republic,2016,65.993
Syrian Arab Republic,2017,68.481
Syrian Arab Republic,2018,70.145
Syrian Arab Republic,2019,71.822
Syrian Arab Republic,2020,72.14
Syrian Arab Republic,2021,72.063
Syrian Arab Republic,2022,72.3
Turks and Caicos Islands,1960,55.032
Turks and Caicos Islands,1961,55.313
Turks and Caicos Islands,1962,56.266
Turks and Caicos Islands,1963,58.107
Turks and Caicos Islands,1964,60.159
Turks and Caicos Islands,1965,61.102
Turks and Caicos Islands,1966,60.757
Turks and Caicos Islands,1967,59.757
Turks and Caicos Islands,1968,58.474
Turks and Caicos Islands,1969,57.195
Turks and Caicos Islands,1970,56.31
Turks and Caicos Islands,1971,56.28
Turks and Caicos Islands,1972,57.391
Turks and Caicos Islands,1973,60.172
Turks and Caicos Islands,1974,64.501
Turks and Caicos Islands,1975,67.985
Turks and Caicos Islands,1976,69.865
Turks and Caicos Islands,1977,70.584
Turks and Caicos Islands,1978,70.227
Turks and Caicos Islands,1979,69.37
Turks and Caicos Islands,1980,68.699
Turks and Caicos Islands,1981,68.429
Turks and Caicos Islands,1982,68.389
Turks and Caicos Islands,1983,68.634
Turks and Caicos Islands,1984,68.872
Turks and Caicos Islands,1985,69.197
Turks and Caicos Islands,1986,69.592
Turks and Caicos Islands,1987,70.168
Turks and Caicos Islands,1988,70.411
Turks and Caicos Islands,1989,69.941
Turks and Caicos Islands,1990,69.001
Turks and Caicos Islands,1991,68.888
Turks and Caicos Islands,1992,69.64
Turks and Caicos Islands,1993,69.625
Turks and Caicos Islands,1994,68.447
Turks and Caicos Islands,1995,68.308
Turks and Caicos Islands,1996,71.287
Turks and Caicos Islands,1997,72.365
Turks and Caicos Islands,1998,73.964
Turks and Caicos Islands,1999,74.01
Turks and Caicos Islands,2000,73.575
Turks and Caicos Islands,2001,74.131
Turks and Caicos Islands,2002,75.54
Turks and Caicos Islands,2003,75.411
Turks and Caicos Islands,2004,76.786
Turks and Caicos Islands,2005,77.148
Turks and Caicos Islands,2006,76.831
Turks and Caicos Islands,2007,75.914
Turks and Caicos Islands,2008,76.632
Turks and Caicos Islands,2009,77.164
Turks and Caicos Islands,2010,76.243
Turks and Caicos Islands,2011,76.195
Turks and Caicos Islands,2012,77.037
Turks and Caicos Islands,2013,77.018
Turks and Caicos Islands,2014,77.135
Turks and Caicos Islands,2015,76.912
Turks and Caicos Islands,2016,76.864
Turks and Caicos Islands,2017,76.702
Turks and Caicos Islands,2018,76.443
Turks and Caicos Islands,2019,75.326
Turks and Caicos Islands,2020,75.001
Turks and Caicos Islands,2021,74.587
Turks and Caicos Islands,2022,74.925
Chad,1960,38.374
Chad,1961,38.631
Chad,1962,38.835
Chad,1963,39.072
Chad,1964,39.333
Chad,1965,39.12
Chad,1966,39.15
Chad,1967,39.479
Chad,1968,39.903
Chad,1969,40.265
Chad,1970,40.603
Chad,1971,40.19
Chad,1972,41.399
Chad,1973,41.78
Chad,1974,41.785
Chad,1975,41.872
Chad,1976,42.036
Chad,1977,42.255
Chad,1978,42.504
Chad,1979,42.81
Chad,1980,43.06
Chad,1981,43.312
Chad,1982,43.73
Chad,1983,44.179
Chad,1984,44.515
Chad,1985,45.05
Chad,1986,45.21
Chad,1987,42.798
Chad,1988,45.785
Chad,1989,45.875
Chad,1990,44.686
Chad,1991,45.941
Chad,1992,46.102
Chad,1993,46.318
Chad,1994,46.449
Chad,1995,46.711
Chad,1996,47.013
Chad,1997,47.217
Chad,1998,47.224
Chad,1999,47.372
Chad,2000,47.443
Chad,2001,47.85
Chad,2002,47.946
Chad,2003,48.206
Chad,2004,48.232
Chad,2005,48.312
Chad,2006,48.286
Chad,2007,48.751
Chad,2008,49.024
Chad,2009,49.196
Chad,2010,49.584
Chad,2011,50.009
Chad,2012,50.54
Chad,2013,50.781
Chad,2014,51.202
Chad,2015,51.589
Chad,2016,52.083
Chad,2017,52.308
Chad,2018,52.825
Chad,2019,53.259
Chad,2020,52.777
Chad,2021,52.525
Chad,2022,52.997
East Asia & Pacific (IDA & IBRD countries),1960,37.5256321802282
East Asia & Pacific (IDA & IBRD countries),1961,43.1983989777849
East Asia & Pacific (IDA & IBRD countries),1962,51.069647018581
East Asia & Pacific (IDA & IBRD countries),1963,51.5729820852689
East Asia & Pacific (IDA & IBRD countries),1964,52.3036142955914
East Asia & Pacific (IDA & IBRD countries),1965,52.2210545888523
East Asia & Pacific (IDA & IBRD countries),1966,53.4036436468379
East Asia & Pacific (IDA & IBRD countries),1967,54.2806664024958
East Asia & Pacific (IDA & IBRD countries),1968,54.7596250102119
East Asia & Pacific (IDA & IBRD countries),1969,55.4659093416055
East Asia & Pacific (IDA & IBRD countries),1970,56.1790097853319
East Asia & Pacific (IDA & IBRD countries),1971,57.0346553347566
East Asia & Pacific (IDA & IBRD countries),1972,57.6346719095248
East Asia & Pacific (IDA & IBRD countries),1973,58.5944403815061
East Asia & Pacific (IDA & IBRD countries),1974,59.2411792556756
East Asia & Pacific (IDA & IBRD countries),1975,60.0062886345683
East Asia & Pacific (IDA & IBRD countries),1976,60.8448526669293
East Asia & Pacific (IDA & IBRD countries),1977,61.6035086961156
East Asia & Pacific (IDA & IBRD countries),1978,62.2418809671331
East Asia & Pacific (IDA & IBRD countries),1979,62.8612120230724
East Asia & Pacific (IDA & IBRD countries),1980,63.410957908361
East Asia & Pacific (IDA & IBRD countries),1981,63.9125753371992
East Asia & Pacific (IDA & IBRD countries),1982,64.3964070687131
East Asia & Pacific (IDA & IBRD countries),1983,64.8164897109735
East Asia & Pacific (IDA & IBRD countries),1984,65.2094332935119
East Asia & Pacific (IDA & IBRD countries),1985,65.5886985056448
East Asia & Pacific (IDA & IBRD countries),1986,65.934395563677
East Asia & Pacific (IDA & IBRD countries),1987,66.2821827773626
East Asia & Pacific (IDA & IBRD countries),1988,66.5606227696111
East Asia & Pacific (IDA & IBRD countries),1989,66.8849559345049
East Asia & Pacific (IDA & IBRD countries),1990,67.1031100749538
East Asia & Pacific (IDA & IBRD countries),1991,67.3259807410051
East Asia & Pacific (IDA & IBRD countries),1992,67.848610967274
East Asia & Pacific (IDA & IBRD countries),1993,68.3122883000255
East Asia & Pacific (IDA & IBRD countries),1994,68.595179477034
East Asia & Pacific (IDA & IBRD countries),1995,69.0224999337627
East Asia & Pacific (IDA & IBRD countries),1996,69.2758615273359
East Asia & Pacific (IDA & IBRD countries),1997,69.6659731353616
East Asia & Pacific (IDA & IBRD countries),1998,70.0891615460047
East Asia & Pacific (IDA & IBRD countries),1999,70.308126869104
East Asia & Pacific (IDA & IBRD countries),2000,70.6848209046891
East Asia & Pacific (IDA & IBRD countries),2001,71.2804248478044
East Asia & Pacific (IDA & IBRD countries),2002,71.6307845906158
East Asia & Pacific (IDA & IBRD countries),2003,71.971708616841
East Asia & Pacific (IDA & IBRD countries),2004,72.0505377118156
East Asia & Pacific (IDA & IBRD countries),2005,72.5897464292493
East Asia & Pacific (IDA & IBRD countries),2006,72.9482871770248
East Asia & Pacific (IDA & IBRD countries),2007,73.1968849280381
East Asia & Pacific (IDA & IBRD countries),2008,73.1455234050502
East Asia & Pacific (IDA & IBRD countries),2009,73.6926234336126
East Asia & Pacific (IDA & IBRD countries),2010,73.9125304840526
East Asia & Pacific (IDA & IBRD countries),2011,74.1786284370003
East Asia & Pacific (IDA & IBRD countries),2012,74.4212246108393
East Asia & Pacific (IDA & IBRD countries),2013,74.6634234189748
East Asia & Pacific (IDA & IBRD countries),2014,74.9170247776698
East Asia & Pacific (IDA & IBRD countries),2015,75.1411643130826
East Asia & Pacific (IDA & IBRD countries),2016,75.3423751612976
East Asia & Pacific (IDA & IBRD countries),2017,75.4057549374554
East Asia & Pacific (IDA & IBRD countries),2018,75.8258469794039
East Asia & Pacific (IDA & IBRD countries),2019,76.027482558625
East Asia & Pacific (IDA & IBRD countries),2020,75.9591028350983
East Asia & Pacific (IDA & IBRD countries),2021,75.5608849842264
East Asia & Pacific (IDA & IBRD countries),2022,76.1999855810352
Europe & Central Asia (IDA & IBRD countries),1960,64.815501996285
Europe & Central Asia (IDA & IBRD countries),1961,65.0414660090003
Europe & Central Asia (IDA & IBRD countries),1962,64.8843969903312
Europe & Central Asia (IDA & IBRD countries),1963,65.4526504573102
Europe & Central Asia (IDA & IBRD countries),1964,65.9352003122404
Europe & Central Asia (IDA & IBRD countries),1965,65.8698683547527
Europe & Central Asia (IDA & IBRD countries),1966,66.0404329213141
Europe & Central Asia (IDA & IBRD countries),1967,65.8370883696244
Europe & Central Asia (IDA & IBRD countries),1968,65.9624926119187
Europe & Central Asia (IDA & IBRD countries),1969,65.6255524339107
Europe & Central Asia (IDA & IBRD countries),1970,66.2262733826718
Europe & Central Asia (IDA & IBRD countries),1971,66.4713133464543
Europe & Central Asia (IDA & IBRD countries),1972,66.641436718859
Europe & Central Asia (IDA & IBRD countries),1973,66.7773328383048
Europe & Central Asia (IDA & IBRD countries),1974,66.9353377391672
Europe & Central Asia (IDA & IBRD countries),1975,66.747517099094
Europe & Central Asia (IDA & IBRD countries),1976,66.7540079909893
Europe & Central Asia (IDA & IBRD countries),1977,66.751167949392
Europe & Central Asia (IDA & IBRD countries),1978,66.8177816021663
Europe & Central Asia (IDA & IBRD countries),1979,66.7765061890022
Europe & Central Asia (IDA & IBRD countries),1980,66.923646523304
Europe & Central Asia (IDA & IBRD countries),1981,67.2373989166361
Europe & Central Asia (IDA & IBRD countries),1982,67.5676472198635
Europe & Central Asia (IDA & IBRD countries),1983,67.611678107906
Europe & Central Asia (IDA & IBRD countries),1984,67.5029556495915
Europe & Central Asia (IDA & IBRD countries),1985,67.8563130337943
Europe & Central Asia (IDA & IBRD countries),1986,68.7443010121787
Europe & Central Asia (IDA & IBRD countries),1987,68.8933969161038
Europe & Central Asia (IDA & IBRD countries),1988,68.922697700835
Europe & Central Asia (IDA & IBRD countries),1989,69.0122668310538
Europe & Central Asia (IDA & IBRD countries),1990,68.916286186825
Europe & Central Asia (IDA & IBRD countries),1991,68.6413136761361
Europe & Central Asia (IDA & IBRD countries),1992,67.7739931384116
Europe & Central Asia (IDA & IBRD countries),1993,66.9820222925281
Europe & Central Asia (IDA & IBRD countries),1994,66.9789447665596
Europe & Central Asia (IDA & IBRD countries),1995,67.0329617665647
Europe & Central Asia (IDA & IBRD countries),1996,67.5966644866185
Europe & Central Asia (IDA & IBRD countries),1997,68.0852197398327
Europe & Central Asia (IDA & IBRD countries),1998,68.5088004680676
Europe & Central Asia (IDA & IBRD countries),1999,68.1908078568768
Europe & Central Asia (IDA & IBRD countries),2000,68.3854858783652
Europe & Central Asia (IDA & IBRD countries),2001,68.5611904603033
Europe & Central Asia (IDA & IBRD countries),2002,68.6556775088418
Europe & Central Asia (IDA & IBRD countries),2003,68.7770556123403
Europe & Central Asia (IDA & IBRD countries),2004,69.1134570077166
Europe & Central Asia (IDA & IBRD countries),2005,69.2004462884679
Europe & Central Asia (IDA & IBRD countries),2006,69.7837218317763
Europe & Central Asia (IDA & IBRD countries),2007,70.2441651736354
Europe & Central Asia (IDA & IBRD countries),2008,70.5476551659301
Europe & Central Asia (IDA & IBRD countries),2009,71.0944572631092
Europe & Central Asia (IDA & IBRD countries),2010,71.4105348223855
Europe & Central Asia (IDA & IBRD countries),2011,71.8810023739301
Europe & Central Asia (IDA & IBRD countries),2012,72.2537339633014
Europe & Central Asia (IDA & IBRD countries),2013,72.6880717050443
Europe & Central Asia (IDA & IBRD countries),2014,72.9013705372115
Europe & Central Asia (IDA & IBRD countries),2015,73.1189194474154
Europe & Central Asia (IDA & IBRD countries),2016,73.4341863664895
Europe & Central Asia (IDA & IBRD countries),2017,73.860189712581
Europe & Central Asia (IDA & IBRD countries),2018,74.0283996396025
Europe & Central Asia (IDA & IBRD countries),2019,74.3227900511074
Europe & Central Asia (IDA & IBRD countries),2020,72.6811063424917
Europe & Central Asia (IDA & IBRD countries),2021,71.9994078653095
Europe & Central Asia (IDA & IBRD countries),2022,73.9137208375535
Togo,1960,42.692
Togo,1961,42.882
Togo,1962,43.154
Togo,1963,43.372
Togo,1964,43.702
Togo,1965,43.97
Togo,1966,44.373
Togo,1967,44.823
Togo,1968,45.284
Togo,1969,45.666
Togo,1970,46.12
Togo,1971,46.587
Togo,1972,47.089
Togo,1973,47.597
Togo,1974,48.099
Togo,1975,48.729
Togo,1976,49.328
Togo,1977,49.76
Togo,1978,50.232
Togo,1979,50.765
Togo,1980,51.227
Togo,1981,51.764
Togo,1982,52.256
Togo,1983,52.635
Togo,1984,53.089
Togo,1985,53.432
Togo,1986,53.713
Togo,1987,54.051
Togo,1988,54.348
Togo,1989,54.39
Togo,1990,54.37
Togo,1991,54.268
Togo,1992,54.299
Togo,1993,54.195
Togo,1994,54.037
Togo,1995,54.037
Togo,1996,54.098
Togo,1997,54.192
Togo,1998,54.199
Togo,1999,54.538
Togo,2000,54.742
Togo,2001,54.86
Togo,2002,55.311
Togo,2003,55.639
Togo,2004,55.569
Togo,2005,55.962
Togo,2006,56.222
Togo,2007,56.511
Togo,2008,56.695
Togo,2009,57.011
Togo,2010,57.304
Togo,2011,57.925
Togo,2012,58.073
Togo,2013,58.684
Togo,2014,58.853
Togo,2015,59.396
Togo,2016,59.55
Togo,2017,60.154
Togo,2018,60.244
Togo,2019,60.901
Togo,2020,61.035
Togo,2021,61.619
Togo,2022,61.588
Thailand,1960,51.035
Thailand,1961,52.364
Thailand,1962,52.79
Thailand,1963,53.244
Thailand,1964,53.978
Thailand,1965,54.712
Thailand,1966,55.254
Thailand,1967,55.754
Thailand,1968,56.207
Thailand,1969,56.932
Thailand,1970,57.711
Thailand,1971,58.524
Thailand,1972,59.051
Thailand,1973,59.836
Thailand,1974,60.552
Thailand,1975,61.272
Thailand,1976,61.978
Thailand,1977,62.354
Thailand,1978,62.74
Thailand,1979,63.209
Thailand,1980,64.012
Thailand,1981,64.595
Thailand,1982,65.163
Thailand,1983,65.789
Thailand,1984,66.733
Thailand,1985,67.587
Thailand,1986,68.419
Thailand,1987,69.448
Thailand,1988,69.689
Thailand,1989,70.122
Thailand,1990,70.445
Thailand,1991,70.717
Thailand,1992,70.885
Thailand,1993,71.068
Thailand,1994,71.227
Thailand,1995,70.948
Thailand,1996,71.653
Thailand,1997,72.501
Thailand,1998,72.862
Thailand,1999,72.542
Thailand,2000,72.316
Thailand,2001,72.613
Thailand,2002,72.93
Thailand,2003,73.155
Thailand,2004,73.08
Thailand,2005,73.82
Thailand,2006,74.938
Thailand,2007,75.187
Thailand,2008,75.492
Thailand,2009,75.842
Thailand,2010,76.131
Thailand,2011,76.421
Thailand,2012,76.772
Thailand,2013,77.083
Thailand,2014,77.415
Thailand,2015,77.717
Thailand,2016,78.049
Thailand,2017,78.394
Thailand,2018,78.662
Thailand,2019,78.975
Thailand,2020,79.274
Thailand,2021,78.715
Thailand,2022,79.68
Tajikistan,1960,53.628
Tajikistan,1961,53.998
Tajikistan,1962,54.257
Tajikistan,1963,54.542
Tajikistan,1964,54.846
Tajikistan,1965,55.094
Tajikistan,1966,55.347
Tajikistan,1967,55.675
Tajikistan,1968,56.063
Tajikistan,1969,56.484
Tajikistan,1970,56.809
Tajikistan,1971,57.23
Tajikistan,1972,57.637
Tajikistan,1973,57.94
Tajikistan,1974,58.449
Tajikistan,1975,58.876
Tajikistan,1976,59.167
Tajikistan,1977,59.377
Tajikistan,1978,59.531
Tajikistan,1979,59.597
Tajikistan,1980,59.506
Tajikistan,1981,59.456
Tajikistan,1982,59.684
Tajikistan,1983,59.808
Tajikistan,1984,60.093
Tajikistan,1985,60.418
Tajikistan,1986,60.846
Tajikistan,1987,61.254
Tajikistan,1988,61.792
Tajikistan,1989,61.953
Tajikistan,1990,61.879
Tajikistan,1991,61.379
Tajikistan,1992,55.074
Tajikistan,1993,52.867
Tajikistan,1994,57.48
Tajikistan,1995,59.338
Tajikistan,1996,59.129
Tajikistan,1997,60.348
Tajikistan,1998,61.519
Tajikistan,1999,62.621
Tajikistan,2000,63.26
Tajikistan,2001,64.057
Tajikistan,2002,64.846
Tajikistan,2003,65.552
Tajikistan,2004,66.028
Tajikistan,2005,66.514
Tajikistan,2006,67.013
Tajikistan,2007,67.217
Tajikistan,2008,67.688
Tajikistan,2009,68.039
Tajikistan,2010,67.742
Tajikistan,2011,68.148
Tajikistan,2012,68.484
Tajikistan,2013,68.885
Tajikistan,2014,69.069
Tajikistan,2015,69.306
Tajikistan,2016,69.549
Tajikistan,2017,69.905
Tajikistan,2018,70.353
Tajikistan,2019,70.867
Tajikistan,2020,67.994
Tajikistan,2021,71.594
Tajikistan,2022,71.288
Turkmenistan,1960,53.469
Turkmenistan,1961,53.939
Turkmenistan,1962,54.325
Turkmenistan,1963,54.785
Turkmenistan,1964,55.177
Turkmenistan,1965,55.522
Turkmenistan,1966,55.92
Turkmenistan,1967,56.39
Turkmenistan,1968,56.694
Turkmenistan,1969,57.173
Turkmenistan,1970,57.663
Turkmenistan,1971,58.038
Turkmenistan,1972,58.425
Turkmenistan,1973,58.832
Turkmenistan,1974,59.256
Turkmenistan,1975,59.525
Turkmenistan,1976,59.668
Turkmenistan,1977,59.877
Turkmenistan,1978,60.265
Turkmenistan,1979,60.601
Turkmenistan,1980,61.022
Turkmenistan,1981,61.452
Turkmenistan,1982,61.603
Turkmenistan,1983,61.846
Turkmenistan,1984,62.256
Turkmenistan,1985,62.475
Turkmenistan,1986,62.976
Turkmenistan,1987,63.352
Turkmenistan,1988,63.682
Turkmenistan,1989,63.787
Turkmenistan,1990,63.939
Turkmenistan,1991,64.035
Turkmenistan,1992,63.875
Turkmenistan,1993,63.804
Turkmenistan,1994,63.756
Turkmenistan,1995,63.684
Turkmenistan,1996,63.596
Turkmenistan,1997,63.646
Turkmenistan,1998,64.106
Turkmenistan,1999,64.518
Turkmenistan,2000,65.026
Turkmenistan,2001,65.156
Turkmenistan,2002,65.385
Turkmenistan,2003,65.746
Turkmenistan,2004,66.075
Turkmenistan,2005,66.068
Turkmenistan,2006,66.499
Turkmenistan,2007,66.895
Turkmenistan,2008,67.407
Turkmenistan,2009,67.958
Turkmenistan,2010,68.293
Turkmenistan,2011,68.567
Turkmenistan,2012,68.722
Turkmenistan,2013,68.74
Turkmenistan,2014,68.614
Turkmenistan,2015,68.782
Turkmenistan,2016,68.777
Turkmenistan,2017,68.916
Turkmenistan,2018,68.796
Turkmenistan,2019,69.002
Turkmenistan,2020,68.687
Turkmenistan,2021,69.264
Turkmenistan,2022,69.41
Latin America & the Caribbean (IDA & IBRD countries),1960,54.6845571773144
Latin America & the Caribbean (IDA & IBRD countries),1961,55.24398501166
Latin America & the Caribbean (IDA & IBRD countries),1962,55.6975186304074
Latin America & the Caribbean (IDA & IBRD countries),1963,56.1416344302214
Latin America & the Caribbean (IDA & IBRD countries),1964,56.6409181932075
Latin America & the Caribbean (IDA & IBRD countries),1965,57.043422697037
Latin America & the Caribbean (IDA & IBRD countries),1966,57.4648035966648
Latin America & the Caribbean (IDA & IBRD countries),1967,57.8567248877802
Latin America & the Caribbean (IDA & IBRD countries),1968,58.2392458354489
Latin America & the Caribbean (IDA & IBRD countries),1969,58.5920779722556
Latin America & the Caribbean (IDA & IBRD countries),1970,58.6557274171043
Latin America & the Caribbean (IDA & IBRD countries),1971,59.4857200219725
Latin America & the Caribbean (IDA & IBRD countries),1972,59.8520173093994
Latin America & the Caribbean (IDA & IBRD countries),1973,60.4029197955711
Latin America & the Caribbean (IDA & IBRD countries),1974,60.8249355901106
Latin America & the Caribbean (IDA & IBRD countries),1975,61.3615830928492
Latin America & the Caribbean (IDA & IBRD countries),1976,61.5931630959336
Latin America & the Caribbean (IDA & IBRD countries),1977,62.1699657261597
Latin America & the Caribbean (IDA & IBRD countries),1978,62.5468482700935
Latin America & the Caribbean (IDA & IBRD countries),1979,62.9028931725825
Latin America & the Caribbean (IDA & IBRD countries),1980,63.3381075373524
Latin America & the Caribbean (IDA & IBRD countries),1981,63.8439130345924
Latin America & the Caribbean (IDA & IBRD countries),1982,64.1870274963574
Latin America & the Caribbean (IDA & IBRD countries),1983,64.7559924667865
Latin America & the Caribbean (IDA & IBRD countries),1984,65.1819609842689
Latin America & the Caribbean (IDA & IBRD countries),1985,65.515020544916
Latin America & the Caribbean (IDA & IBRD countries),1986,66.1245138905147
Latin America & the Caribbean (IDA & IBRD countries),1987,66.5602981235169
Latin America & the Caribbean (IDA & IBRD countries),1988,66.9832347488853
Latin America & the Caribbean (IDA & IBRD countries),1989,67.3337939670079
Latin America & the Caribbean (IDA & IBRD countries),1990,67.630245797277
Latin America & the Caribbean (IDA & IBRD countries),1991,67.9967878406716
Latin America & the Caribbean (IDA & IBRD countries),1992,68.3352988835565
Latin America & the Caribbean (IDA & IBRD countries),1993,68.66989078318
Latin America & the Caribbean (IDA & IBRD countries),1994,69.056417285016
Latin America & the Caribbean (IDA & IBRD countries),1995,69.3710993076755
Latin America & the Caribbean (IDA & IBRD countries),1996,69.7496049173119
Latin America & the Caribbean (IDA & IBRD countries),1997,70.1128357646351
Latin America & the Caribbean (IDA & IBRD countries),1998,70.3668714625821
Latin America & the Caribbean (IDA & IBRD countries),1999,70.7746762147767
Latin America & the Caribbean (IDA & IBRD countries),2000,71.0930512171447
Latin America & the Caribbean (IDA & IBRD countries),2001,71.3513524483008
Latin America & the Caribbean (IDA & IBRD countries),2002,71.7074966575452
Latin America & the Caribbean (IDA & IBRD countries),2003,71.8934107258164
Latin America & the Caribbean (IDA & IBRD countries),2004,72.2210589736767
Latin America & the Caribbean (IDA & IBRD countries),2005,72.5988441225479
Latin America & the Caribbean (IDA & IBRD countries),2006,72.8109379220723
Latin America & the Caribbean (IDA & IBRD countries),2007,72.9529972451449
Latin America & the Caribbean (IDA & IBRD countries),2008,73.1784552412406
Latin America & the Caribbean (IDA & IBRD countries),2009,73.3864273245299
Latin America & the Caribbean (IDA & IBRD countries),2010,73.276335684089
Latin America & the Caribbean (IDA & IBRD countries),2011,73.7726423500829
Latin America & the Caribbean (IDA & IBRD countries),2012,74.0031493279782
Latin America & the Caribbean (IDA & IBRD countries),2013,74.2560555436578
Latin America & the Caribbean (IDA & IBRD countries),2014,74.4644587036761
Latin America & the Caribbean (IDA & IBRD countries),2015,74.5255237148256
Latin America & the Caribbean (IDA & IBRD countries),2016,74.490741022290507
Latin America & the Caribbean (IDA & IBRD countries),2017,74.6564591424147
Latin America & the Caribbean (IDA & IBRD countries),2018,74.7759178485014
Latin America & the Caribbean (IDA & IBRD countries),2019,74.9701507441763
Latin America & the Caribbean (IDA & IBRD countries),2020,72.9176989337852
Latin America & the Caribbean (IDA & IBRD countries),2021,72.0644281306922
Latin America & the Caribbean (IDA & IBRD countries),2022,73.6413370777084
Timor-Leste,1960,32.2
Timor-Leste,1961,32.574
Timor-Leste,1962,32.953
Timor-Leste,1963,33.258
Timor-Leste,1964,33.602
Timor-Leste,1965,34.357
Timor-Leste,1966,34.998
Timor-Leste,1967,35.73
Timor-Leste,1968,36.225
Timor-Leste,1969,36.712
Timor-Leste,1970,37.166
Timor-Leste,1971,37.722
Timor-Leste,1972,38.318
Timor-Leste,1973,38.994
Timor-Leste,1974,36.877
Timor-Leste,1975,24.834
Timor-Leste,1976,25.957
Timor-Leste,1977,24.427
Timor-Leste,1978,21.837
Timor-Leste,1979,22.529
Timor-Leste,1980,28.446
Timor-Leste,1981,29.567
Timor-Leste,1982,30.824
Timor-Leste,1983,31.635
Timor-Leste,1984,33.751
Timor-Leste,1985,33.795
Timor-Leste,1986,34.344
Timor-Leste,1987,35.644
Timor-Leste,1988,35.753
Timor-Leste,1989,44.55
Timor-Leste,1990,44.953
Timor-Leste,1991,44.985
Timor-Leste,1992,46.276
Timor-Leste,1993,47.254
Timor-Leste,1994,48.252
Timor-Leste,1995,48.024
Timor-Leste,1996,48.816
Timor-Leste,1997,49.517
Timor-Leste,1998,49.123
Timor-Leste,1999,45.701
Timor-Leste,2000,58.568
Timor-Leste,2001,59.362
Timor-Leste,2002,60.148
Timor-Leste,2003,60.871
Timor-Leste,2004,61.628
Timor-Leste,2005,62.328
Timor-Leste,2006,63.073
Timor-Leste,2007,63.723
Timor-Leste,2008,64.329
Timor-Leste,2009,64.854
Timor-Leste,2010,65.304
Timor-Leste,2011,65.697
Timor-Leste,2012,66.081
Timor-Leste,2013,66.44
Timor-Leste,2014,66.787
Timor-Leste,2015,67.137
Timor-Leste,2016,67.446
Timor-Leste,2017,67.745
Timor-Leste,2018,68.017
Timor-Leste,2019,68.268
Timor-Leste,2020,68.475
Timor-Leste,2021,67.737
Timor-Leste,2022,69.056
Middle East & North Africa (IDA & IBRD countries),1960,44.6201056393899
Middle East & North Africa (IDA & IBRD countries),1961,45.331535982768
Middle East & North Africa (IDA & IBRD countries),1962,45.6021188028632
Middle East & North Africa (IDA & IBRD countries),1963,46.7621884892708
Middle East & North Africa (IDA & IBRD countries),1964,47.4332070352442
Middle East & North Africa (IDA & IBRD countries),1965,48.0340912093254
Middle East & North Africa (IDA & IBRD countries),1966,48.5451134819914
Middle East & North Africa (IDA & IBRD countries),1967,49.0159861274777
Middle East & North Africa (IDA & IBRD countries),1968,49.4390455098083
Middle East & North Africa (IDA & IBRD countries),1969,50.0478736230298
Middle East & North Africa (IDA & IBRD countries),1970,50.6214226183576
Middle East & North Africa (IDA & IBRD countries),1971,51.292739677768
Middle East & North Africa (IDA & IBRD countries),1972,51.8601146888574
Middle East & North Africa (IDA & IBRD countries),1973,52.4356808761248
Middle East & North Africa (IDA & IBRD countries),1974,53.2493541018646
Middle East & North Africa (IDA & IBRD countries),1975,53.8568437526573
Middle East & North Africa (IDA & IBRD countries),1976,54.3471041325298
Middle East & North Africa (IDA & IBRD countries),1977,55.5987772565244
Middle East & North Africa (IDA & IBRD countries),1978,56.139450161845
Middle East & North Africa (IDA & IBRD countries),1979,57.3842092209379
Middle East & North Africa (IDA & IBRD countries),1980,57.7375757691373
Middle East & North Africa (IDA & IBRD countries),1981,57.583839181163
Middle East & North Africa (IDA & IBRD countries),1982,58.0587513237414
Middle East & North Africa (IDA & IBRD countries),1983,59.6202372483895
Middle East & North Africa (IDA & IBRD countries),1984,60.9369194990604
Middle East & North Africa (IDA & IBRD countries),1985,61.7292238522274
Middle East & North Africa (IDA & IBRD countries),1986,62.2952770907471
Middle East & North Africa (IDA & IBRD countries),1987,63.0123508608458
Middle East & North Africa (IDA & IBRD countries),1988,63.3900294996291
Middle East & North Africa (IDA & IBRD countries),1989,64.345607755118
Middle East & North Africa (IDA & IBRD countries),1990,64.3178599123669
Middle East & North Africa (IDA & IBRD countries),1991,65.5579864616261
Middle East & North Africa (IDA & IBRD countries),1992,66.1282660119372
Middle East & North Africa (IDA & IBRD countries),1993,66.4415018736667
Middle East & North Africa (IDA & IBRD countries),1994,66.616438558707
Middle East & North Africa (IDA & IBRD countries),1995,66.9355384974545
Middle East & North Africa (IDA & IBRD countries),1996,67.3227236630031
Middle East & North Africa (IDA & IBRD countries),1997,67.5978720155201
Middle East & North Africa (IDA & IBRD countries),1998,67.815559975358
Middle East & North Africa (IDA & IBRD countries),1999,68.2456740753699
Middle East & North Africa (IDA & IBRD countries),2000,68.6098569725901
Middle East & North Africa (IDA & IBRD countries),2001,68.9493894778938
Middle East & North Africa (IDA & IBRD countries),2002,69.2934872308513
Middle East & North Africa (IDA & IBRD countries),2003,69.1110224699405
Middle East & North Africa (IDA & IBRD countries),2004,69.5980872523308
Middle East & North Africa (IDA & IBRD countries),2005,69.8767838296869
Middle East & North Africa (IDA & IBRD countries),2006,70.0703702682433
Middle East & North Africa (IDA & IBRD countries),2007,70.4063893689735
Middle East & North Africa (IDA & IBRD countries),2008,70.6586211273445
Middle East & North Africa (IDA & IBRD countries),2009,70.9934731023175
Middle East & North Africa (IDA & IBRD countries),2010,71.2443622915736
Middle East & North Africa (IDA & IBRD countries),2011,71.4899717346348
Middle East & North Africa (IDA & IBRD countries),2012,71.3445469255856
Middle East & North Africa (IDA & IBRD countries),2013,71.3652725767051
Middle East & North Africa (IDA & IBRD countries),2014,71.6710852980365
Middle East & North Africa (IDA & IBRD countries),2015,71.9173004392539
Middle East & North Africa (IDA & IBRD countries),2016,72.1845606763141
Middle East & North Africa (IDA & IBRD countries),2017,72.6900305612885
Middle East & North Africa (IDA & IBRD countries),2018,72.8931509072966
Middle East & North Africa (IDA & IBRD countries),2019,73.0472852579126
Middle East & North Africa (IDA & IBRD countries),2020,72.0789018806073
Middle East & North Africa (IDA & IBRD countries),2021,71.8030768919323
Middle East & North Africa (IDA & IBRD countries),2022,72.1958188105999
Tonga,1960,58.231
Tonga,1961,58.589
Tonga,1962,59.085
Tonga,1963,59.551
Tonga,1964,60.054
Tonga,1965,60.58
Tonga,1966,61.132
Tonga,1967,61.66
Tonga,1968,62.185
Tonga,1969,62.737
Tonga,1970,63.232
Tonga,1971,63.661
Tonga,1972,63.983
Tonga,1973,64.242
Tonga,1974,64.595
Tonga,1975,64.844
Tonga,1976,65.127
Tonga,1977,65.302
Tonga,1978,65.578
Tonga,1979,65.782
Tonga,1980,65.961
Tonga,1981,66.132
Tonga,1982,66.072
Tonga,1983,66.369
Tonga,1984,66.482
Tonga,1985,66.626
Tonga,1986,66.752
Tonga,1987,66.884
Tonga,1988,67.026
Tonga,1989,67.162
Tonga,1990,67.294
Tonga,1991,67.518
Tonga,1992,67.686
Tonga,1993,67.855
Tonga,1994,68.014
Tonga,1995,68.17
Tonga,1996,68.323
Tonga,1997,68.49
Tonga,1998,68.642
Tonga,1999,68.809
Tonga,2000,68.978
Tonga,2001,69.127
Tonga,2002,69.335
Tonga,2003,69.495
Tonga,2004,69.67
Tonga,2005,69.768
Tonga,2006,69.894
Tonga,2007,70.048
Tonga,2008,70.164
Tonga,2009,70.012
Tonga,2010,70.323
Tonga,2011,70.381
Tonga,2012,70.442
Tonga,2013,70.505
Tonga,2014,70.54
Tonga,2015,70.607
Tonga,2016,70.661
Tonga,2017,70.713
Tonga,2018,70.779
Tonga,2019,70.871
Tonga,2020,70.928
Tonga,2021,70.986
Tonga,2022,71.27
South Asia (IDA & IBRD),1960,45.0873224491208
South Asia (IDA & IBRD),1961,45.4074913890087
South Asia (IDA & IBRD),1962,45.7949812460044
South Asia (IDA & IBRD),1963,46.107738142171
South Asia (IDA & IBRD),1964,46.5028833287194
South Asia (IDA & IBRD),1965,45.5855520787763
South Asia (IDA & IBRD),1966,46.1630124042869
South Asia (IDA & IBRD),1967,46.5712308601492
South Asia (IDA & IBRD),1968,48.0831079082809
South Asia (IDA & IBRD),1969,48.4840555676932
South Asia (IDA & IBRD),1970,48.266996677513
South Asia (IDA & IBRD),1971,46.6225940024217
South Asia (IDA & IBRD),1972,49.634619155882
South Asia (IDA & IBRD),1973,50.0919811241008
South Asia (IDA & IBRD),1974,50.5843382650244
South Asia (IDA & IBRD),1975,51.1909153839773
South Asia (IDA & IBRD),1976,51.7083637327452
South Asia (IDA & IBRD),1977,52.19266321111
South Asia (IDA & IBRD),1978,52.7021972625109
South Asia (IDA & IBRD),1979,53.2013466439904
South Asia (IDA & IBRD),1980,53.7462123780121
South Asia (IDA & IBRD),1981,54.3019451858528
South Asia (IDA & IBRD),1982,54.806479276645
South Asia (IDA & IBRD),1983,55.3463245729332
South Asia (IDA & IBRD),1984,55.8081984893558
South Asia (IDA & IBRD),1985,56.2587990337521
South Asia (IDA & IBRD),1986,56.7898545352391
South Asia (IDA & IBRD),1987,57.1929811523071
South Asia (IDA & IBRD),1988,57.6398014726599
South Asia (IDA & IBRD),1989,58.0222592267963
South Asia (IDA & IBRD),1990,58.5260289496404
South Asia (IDA & IBRD),1991,58.6927942660508
South Asia (IDA & IBRD),1992,59.3485339153193
South Asia (IDA & IBRD),1993,59.6894617835045
South Asia (IDA & IBRD),1994,60.084761426453
South Asia (IDA & IBRD),1995,60.4431972973417
South Asia (IDA & IBRD),1996,60.8117777297616
South Asia (IDA & IBRD),1997,61.33806019637
South Asia (IDA & IBRD),1998,61.9324516713195
South Asia (IDA & IBRD),1999,62.569875262217
South Asia (IDA & IBRD),2000,62.9034529242661
South Asia (IDA & IBRD),2001,63.3143587794548
South Asia (IDA & IBRD),2002,63.7825105430972
South Asia (IDA & IBRD),2003,64.2101550384064
South Asia (IDA & IBRD),2004,64.5475422117162
South Asia (IDA & IBRD),2005,64.9230046926946
South Asia (IDA & IBRD),2006,65.3763377630603
South Asia (IDA & IBRD),2007,65.6337813709795
South Asia (IDA & IBRD),2008,65.9606723034779
South Asia (IDA & IBRD),2009,66.2525670641378
South Asia (IDA & IBRD),2010,66.7494206294427
South Asia (IDA & IBRD),2011,67.1388839937406
South Asia (IDA & IBRD),2012,67.6271411479349
South Asia (IDA & IBRD),2013,68.1124022055606
South Asia (IDA & IBRD),2014,68.6276836829466
South Asia (IDA & IBRD),2015,69.1324736517293
South Asia (IDA & IBRD),2016,69.5972508271398
South Asia (IDA & IBRD),2017,69.9669332766067
South Asia (IDA & IBRD),2018,70.2400079461258
South Asia (IDA & IBRD),2019,70.4582926588661
South Asia (IDA & IBRD),2020,69.7336736654351
South Asia (IDA & IBRD),2021,67.5674425618231
South Asia (IDA & IBRD),2022,68.1474413137902
Sub-Saharan Africa (IDA & IBRD countries),1960,41.4174132880781
Sub-Saharan Africa (IDA & IBRD countries),1961,41.7349814121919
Sub-Saharan Africa (IDA & IBRD countries),1962,42.197080624323704
Sub-Saharan Africa (IDA & IBRD countries),1963,42.4349131501872
Sub-Saharan Africa (IDA & IBRD countries),1964,42.8882754573072
Sub-Saharan Africa (IDA & IBRD countries),1965,43.0239234340782
Sub-Saharan Africa (IDA & IBRD countries),1966,42.9794344318632
Sub-Saharan Africa (IDA & IBRD countries),1967,43.2221556101488
Sub-Saharan Africa (IDA & IBRD countries),1968,43.6602856928321
Sub-Saharan Africa (IDA & IBRD countries),1969,43.8990885147045
Sub-Saharan Africa (IDA & IBRD countries),1970,44.358006861691
Sub-Saharan Africa (IDA & IBRD countries),1971,44.8651623047012
Sub-Saharan Africa (IDA & IBRD countries),1972,44.9830033806765
Sub-Saharan Africa (IDA & IBRD countries),1973,45.7129460164376
Sub-Saharan Africa (IDA & IBRD countries),1974,45.9295007501744
Sub-Saharan Africa (IDA & IBRD countries),1975,46.3143788885762
Sub-Saharan Africa (IDA & IBRD countries),1976,46.9879364634649
Sub-Saharan Africa (IDA & IBRD countries),1977,47.4499577604926
Sub-Saharan Africa (IDA & IBRD countries),1978,47.7503735394903
Sub-Saharan Africa (IDA & IBRD countries),1979,48.2101057002281
Sub-Saharan Africa (IDA & IBRD countries),1980,48.5746477194767
Sub-Saharan Africa (IDA & IBRD countries),1981,48.9446450179241
Sub-Saharan Africa (IDA & IBRD countries),1982,49.1897108352887
Sub-Saharan Africa (IDA & IBRD countries),1983,48.3608624460992
Sub-Saharan Africa (IDA & IBRD countries),1984,48.3962398184129
Sub-Saharan Africa (IDA & IBRD countries),1985,48.6499553162096
Sub-Saharan Africa (IDA & IBRD countries),1986,49.0450295191748
Sub-Saharan Africa (IDA & IBRD countries),1987,49.3553794305743
Sub-Saharan Africa (IDA & IBRD countries),1988,49.0243107092135
Sub-Saharan Africa (IDA & IBRD countries),1989,49.8996041190084
Sub-Saharan Africa (IDA & IBRD countries),1990,49.8368820526456
Sub-Saharan Africa (IDA & IBRD countries),1991,49.7060583608116
Sub-Saharan Africa (IDA & IBRD countries),1992,49.4708134086011
Sub-Saharan Africa (IDA & IBRD countries),1993,49.6962443691205
Sub-Saharan Africa (IDA & IBRD countries),1994,50.0116829100966
Sub-Saharan Africa (IDA & IBRD countries),1995,50.1108091437194
Sub-Saharan Africa (IDA & IBRD countries),1996,50.0413039931696
Sub-Saharan Africa (IDA & IBRD countries),1997,50.2073138638838
Sub-Saharan Africa (IDA & IBRD countries),1998,49.9171103091581
Sub-Saharan Africa (IDA & IBRD countries),1999,50.6408053441751
Sub-Saharan Africa (IDA & IBRD countries),2000,51.2634038322914
Sub-Saharan Africa (IDA & IBRD countries),2001,51.5352307146751
Sub-Saharan Africa (IDA & IBRD countries),2002,51.8890809276216
Sub-Saharan Africa (IDA & IBRD countries),2003,52.3618214632394
Sub-Saharan Africa (IDA & IBRD countries),2004,52.8351047527341
Sub-Saharan Africa (IDA & IBRD countries),2005,53.4453968938561
Sub-Saharan Africa (IDA & IBRD countries),2006,54.1964286852707
Sub-Saharan Africa (IDA & IBRD countries),2007,54.827885116751
Sub-Saharan Africa (IDA & IBRD countries),2008,55.4245057780897
Sub-Saharan Africa (IDA & IBRD countries),2009,56.1925688959794
Sub-Saharan Africa (IDA & IBRD countries),2010,56.8180062966738
Sub-Saharan Africa (IDA & IBRD countries),2011,57.5271732918437
Sub-Saharan Africa (IDA & IBRD countries),2012,58.1072978970512
Sub-Saharan Africa (IDA & IBRD countries),2013,58.6325353036072
Sub-Saharan Africa (IDA & IBRD countries),2014,59.1059183242408
Sub-Saharan Africa (IDA & IBRD countries),2015,59.5234252115263
Sub-Saharan Africa (IDA & IBRD countries),2016,60.0271553242519
Sub-Saharan Africa (IDA & IBRD countries),2017,60.4375513983323
Sub-Saharan Africa (IDA & IBRD countries),2018,60.826043528271
Sub-Saharan Africa (IDA & IBRD countries),2019,61.2110327116347
Sub-Saharan Africa (IDA & IBRD countries),2020,60.8216366383642
Sub-Saharan Africa (IDA & IBRD countries),2021,60.2190585730974
Sub-Saharan Africa (IDA & IBRD countries),2022,60.7441305312973
Trinidad and Tobago,1960,63.026
Trinidad and Tobago,1961,62.865
Trinidad and Tobago,1962,63.427
Trinidad and Tobago,1963,63.822
Trinidad and Tobago,1964,63.843
Trinidad and Tobago,1965,64.147
Trinidad and Tobago,1966,64.376
Trinidad and Tobago,1967,64.798
Trinidad and Tobago,1968,64.668
Trinidad and Tobago,1969,64.685
Trinidad and Tobago,1970,65.057
Trinidad and Tobago,1971,65.283
Trinidad and Tobago,1972,64.947
Trinidad and Tobago,1973,65.561
Trinidad and Tobago,1974,66.848
Trinidad and Tobago,1975,66.786
Trinidad and Tobago,1976,66.273
Trinidad and Tobago,1977,66.641
Trinidad and Tobago,1978,67.438
Trinidad and Tobago,1979,67.768
Trinidad and Tobago,1980,67.572
Trinidad and Tobago,1981,67.65
Trinidad and Tobago,1982,67.646
Trinidad and Tobago,1983,67.935
Trinidad and Tobago,1984,67.592
Trinidad and Tobago,1985,67.543
Trinidad and Tobago,1986,68.279
Trinidad and Tobago,1987,68.281
Trinidad and Tobago,1988,68.419
Trinidad and Tobago,1989,68.438
Trinidad and Tobago,1990,68.272
Trinidad and Tobago,1991,68.859
Trinidad and Tobago,1992,68.391
Trinidad and Tobago,1993,68.811
Trinidad and Tobago,1994,68.511
Trinidad and Tobago,1995,69.17
Trinidad and Tobago,1996,69.009
Trinidad and Tobago,1997,68.719
Trinidad and Tobago,1998,69.16
Trinidad and Tobago,1999,68.377
Trinidad and Tobago,2000,69.102
Trinidad and Tobago,2001,69.646
Trinidad and Tobago,2002,70.488
Trinidad and Tobago,2003,69.729
Trinidad and Tobago,2004,71.076
Trinidad and Tobago,2005,71.308
Trinidad and Tobago,2006,71.256
Trinidad and Tobago,2007,71.652
Trinidad and Tobago,2008,71.47
Trinidad and Tobago,2009,73.126
Trinidad and Tobago,2010,72.725
Trinidad and Tobago,2011,73.278
Trinidad and Tobago,2012,73.716
Trinidad and Tobago,2013,73.962
Trinidad and Tobago,2014,74.215
Trinidad and Tobago,2015,74.503
Trinidad and Tobago,2016,74.281
Trinidad and Tobago,2017,74.23
Trinidad and Tobago,2018,73.802
Trinidad and Tobago,2019,74.228
Trinidad and Tobago,2020,74.406
Trinidad and Tobago,2021,72.971
Trinidad and Tobago,2022,74.708
Tunisia,1960,43.94
Tunisia,1961,44.146
Tunisia,1962,45.513
Tunisia,1963,46.5
Tunisia,1964,47.365
Tunisia,1965,48.428
Tunisia,1966,49.327
Tunisia,1967,50.466
Tunisia,1968,51.573
Tunisia,1969,52.523
Tunisia,1970,53.87
Tunisia,1971,54.835
Tunisia,1972,56.107
Tunisia,1973,57.2
Tunisia,1974,58.282
Tunisia,1975,59.468
Tunisia,1976,60.426
Tunisia,1977,61.543
Tunisia,1978,62.338
Tunisia,1979,63.211
Tunisia,1980,63.975
Tunisia,1981,64.691
Tunisia,1982,65.417
Tunisia,1983,66.137
Tunisia,1984,66.82
Tunisia,1985,67.589
Tunisia,1986,68.228
Tunisia,1987,68.899
Tunisia,1988,69.569
Tunisia,1989,69.671
Tunisia,1990,70.11
Tunisia,1991,70.521
Tunisia,1992,70.701
Tunisia,1993,71.235
Tunisia,1994,71.615
Tunisia,1995,71.988
Tunisia,1996,72.38
Tunisia,1997,72.863
Tunisia,1998,73.169
Tunisia,1999,73.508
Tunisia,2000,73.69
Tunisia,2001,73.816
Tunisia,2002,74.059
Tunisia,2003,74.305
Tunisia,2004,74.49
Tunisia,2005,74.764
Tunisia,2006,74.921
Tunisia,2007,75.072
Tunisia,2008,75.185
Tunisia,2009,75.267
Tunisia,2010,75.421
Tunisia,2011,75.46
Tunisia,2012,75.55
Tunisia,2013,75.65
Tunisia,2014,75.65
Tunisia,2015,75.692
Tunisia,2016,75.786
Tunisia,2017,75.845
Tunisia,2018,75.95
Tunisia,2019,75.993
Tunisia,2020,75.292
Tunisia,2021,73.772
Tunisia,2022,74.263
Turkiye,1960,50.74
Turkiye,1961,51.55
Turkiye,1962,52.382
Turkiye,1963,53.173
Turkiye,1964,53.714
Turkiye,1965,54.258
Turkiye,1966,54.71
Turkiye,1967,55.361
Turkiye,1968,55.835
Turkiye,1969,56.378
Turkiye,1970,56.895
Turkiye,1971,57.409
Turkiye,1972,58.069
Turkiye,1973,58.521
Turkiye,1974,59.051
Turkiye,1975,59.497
Turkiye,1976,59.965
Turkiye,1977,60.743
Turkiye,1978,61.37
Turkiye,1979,61.912
Turkiye,1980,62.504
Turkiye,1981,63.01
Turkiye,1982,63.604
Turkiye,1983,64.146
Turkiye,1984,64.706
Turkiye,1985,65.24
Turkiye,1986,65.772
Turkiye,1987,66.278
Turkiye,1988,66.794
Turkiye,1989,67.245
Turkiye,1990,67.709
Turkiye,1991,68.169
Turkiye,1992,68.486
Turkiye,1993,68.911
Turkiye,1994,69.295
Turkiye,1995,69.609
Turkiye,1996,70.141
Turkiye,1997,70.57
Turkiye,1998,71.039
Turkiye,1999,70.695
Turkiye,2000,71.861
Turkiye,2001,72.231
Turkiye,2002,72.579
Turkiye,2003,72.89
Turkiye,2004,73.24
Turkiye,2005,73.534
Turkiye,2006,73.845
Turkiye,2007,74.193
Turkiye,2008,74.45
Turkiye,2009,74.765
Turkiye,2010,75.069
Turkiye,2011,74.941
Turkiye,2012,75.678
Turkiye,2013,76.297
Turkiye,2014,76.565
Turkiye,2015,76.646
Turkiye,2016,76.66
Turkiye,2017,77.141
Turkiye,2018,77.563
Turkiye,2019,77.832
Turkiye,2020,75.85
Turkiye,2021,76.032
Turkiye,2022,78.475
Tuvalu,1960,46.355
Tuvalu,1961,47.271
Tuvalu,1962,48.193
Tuvalu,1963,49.075
Tuvalu,1964,49.984
Tuvalu,1965,50.893
Tuvalu,1966,51.767
Tuvalu,1967,52.556
Tuvalu,1968,53.386
Tuvalu,1969,54.198
Tuvalu,1970,54.94
Tuvalu,1971,55.708
Tuvalu,1972,54.364
Tuvalu,1973,57.197
Tuvalu,1974,57.946
Tuvalu,1975,58.535
Tuvalu,1976,59.159
Tuvalu,1977,59.672
Tuvalu,1978,60.133
Tuvalu,1979,60.506
Tuvalu,1980,60.833
Tuvalu,1981,61.123
Tuvalu,1982,61.331
Tuvalu,1983,61.456
Tuvalu,1984,61.541
Tuvalu,1985,61.589
Tuvalu,1986,61.553
Tuvalu,1987,61.444
Tuvalu,1988,61.431
Tuvalu,1989,61.531
Tuvalu,1990,61.661
Tuvalu,1991,61.909
Tuvalu,1992,60.491
Tuvalu,1993,62.654
Tuvalu,1994,62.924
Tuvalu,1995,63.098
Tuvalu,1996,63.21
Tuvalu,1997,63.356
Tuvalu,1998,63.418
Tuvalu,1999,63.427
Tuvalu,2000,63.499
Tuvalu,2001,63.543
Tuvalu,2002,63.58
Tuvalu,2003,63.631
Tuvalu,2004,63.693
Tuvalu,2005,63.836
Tuvalu,2006,63.928
Tuvalu,2007,63.931
Tuvalu,2008,63.948
Tuvalu,2009,63.949
Tuvalu,2010,63.978
Tuvalu,2011,63.974
Tuvalu,2012,63.964
Tuvalu,2013,64.008
Tuvalu,2014,64.025
Tuvalu,2015,64.06
Tuvalu,2016,64.108
Tuvalu,2017,64.148
Tuvalu,2018,64.212
Tuvalu,2019,64.278
Tuvalu,2020,64.382
Tuvalu,2021,64.547
Tuvalu,2022,64.854
Tanzania,1960,42.937
Tanzania,1961,43.1
Tanzania,1962,43.285
Tanzania,1963,43.494
Tanzania,1964,43.747
Tanzania,1965,44.026
Tanzania,1966,44.381
Tanzania,1967,44.756
Tanzania,1968,45.366
Tanzania,1969,45.973
Tanzania,1970,46.45
Tanzania,1971,46.917
Tanzania,1972,47.324
Tanzania,1973,47.978
Tanzania,1974,48.306
Tanzania,1975,48.722
Tanzania,1976,49.236
Tanzania,1977,49.842
Tanzania,1978,50.321
Tanzania,1979,50.907
Tanzania,1980,51.201
Tanzania,1981,51.472
Tanzania,1982,51.528
Tanzania,1983,51.543
Tanzania,1984,51.546
Tanzania,1985,51.556
Tanzania,1986,51.672
Tanzania,1987,51.726
Tanzania,1988,51.843
Tanzania,1989,51.739
Tanzania,1990,51.485
Tanzania,1991,51.306
Tanzania,1992,50.989
Tanzania,1993,50.87
Tanzania,1994,50.797
Tanzania,1995,50.786
Tanzania,1996,50.744
Tanzania,1997,50.624
Tanzania,1998,50.914
Tanzania,1999,51.748
Tanzania,2000,52.362
Tanzania,2001,53.161
Tanzania,2002,53.863
Tanzania,2003,54.895
Tanzania,2004,55.596
Tanzania,2005,56.299
Tanzania,2006,56.911
Tanzania,2007,57.52
Tanzania,2008,58.086
Tanzania,2009,58.894
Tanzania,2010,60.105
Tanzania,2011,61.049
Tanzania,2012,62.03
Tanzania,2013,62.96
Tanzania,2014,63.873
Tanzania,2015,64.651
Tanzania,2016,65.386
Tanzania,2017,65.999
Tanzania,2018,66.535
Tanzania,2019,66.989
Tanzania,2020,66.408
Tanzania,2021,66.201
Tanzania,2022,66.782
Uganda,1960,45.506
Uganda,1961,46.257
Uganda,1962,46.965
Uganda,1963,47.431
Uganda,1964,47.889
Uganda,1965,48.24
Uganda,1966,48.338
Uganda,1967,48.962
Uganda,1968,49.213
Uganda,1969,49.511
Uganda,1970,49.616
Uganda,1971,46.93
Uganda,1972,46.967
Uganda,1973,46.84
Uganda,1974,46.612
Uganda,1975,46.267
Uganda,1976,45.869
Uganda,1977,45.511
Uganda,1978,45.207
Uganda,1979,44.981
Uganda,1980,42.949
Uganda,1981,43.09
Uganda,1982,43.185
Uganda,1983,43.519
Uganda,1984,43.752
Uganda,1985,45.381
Uganda,1986,45.322
Uganda,1987,46.619
Uganda,1988,46.701
Uganda,1989,46.472
Uganda,1990,46.443
Uganda,1991,46.316
Uganda,1992,46.368
Uganda,1993,46.237
Uganda,1994,46.353
Uganda,1995,46.567
Uganda,1996,46.67
Uganda,1997,46.977
Uganda,1998,47.175
Uganda,1999,47.786
Uganda,2000,48.342
Uganda,2001,49.006
Uganda,2002,49.648
Uganda,2003,50.368
Uganda,2004,51.547
Uganda,2005,52.976
Uganda,2006,54.369
Uganda,2007,55.236
Uganda,2008,55.823
Uganda,2009,56.488
Uganda,2010,57.055
Uganda,2011,57.965
Uganda,2012,58.817
Uganda,2013,59.763
Uganda,2014,60.408
Uganda,2015,61.086
Uganda,2016,61.648
Uganda,2017,62.115
Uganda,2018,62.714
Uganda,2019,62.991
Uganda,2020,62.851
Uganda,2021,62.705
Uganda,2022,63.638
Ukraine,1960,69.4850487804878
Ukraine,1961,69.5723658536586
Ukraine,1962,69.3345853658537
Ukraine,1963,69.7874878048781
Ukraine,1964,70.205512195122
Ukraine,1965,69.8683902439025
Ukraine,1966,69.7309512195122
Ukraine,1967,69.5615365853659
Ukraine,1968,69.5547804878049
Ukraine,1969,68.9756097560976
Ukraine,1970,68.8089756097561
Ukraine,1971,69.037756097561
Ukraine,1972,68.9172926829269
Ukraine,1973,69.0430975609756
Ukraine,1974,68.9340243902439
Ukraine,1975,69.0463170731707
Ukraine,1976,69.0428536585366
Ukraine,1977,68.8185609756098
Ukraine,1978,68.7599756097561
Ukraine,1979,68.4696829268293
Ukraine,1980,68.3301707317073
Ukraine,1981,68.5981951219512
Ukraine,1982,68.8756829268293
Ukraine,1983,68.8463902439025
Ukraine,1984,68.5058048780488
Ukraine,1985,68.6131219512195
Ukraine,1986,70.0662926829268
Ukraine,1987,70.4951219512195
Ukraine,1988,70.4975609756098
Ukraine,1989,70.519512195122
Ukraine,1990,70.0975609756098
Ukraine,1991,69.2980487804878
Ukraine,1992,68.7709756097561
Ukraine,1993,68.1307317073171
Ukraine,1994,67.5412195121951
Ukraine,1995,66.7419512195122
Ukraine,1996,67.0224390243903
Ukraine,1997,67.5763414634146
Ukraine,1998,68.3748780487805
Ukraine,1999,67.9809756097561
Ukraine,2000,67.6756097560976
Ukraine,2001,67.8370731707317
Ukraine,2002,68.2756097560976
Ukraine,2003,68.2107317073171
Ukraine,2004,68.1853658536585
Ukraine,2005,67.9568292682927
Ukraine,2006,68.0775609756098
Ukraine,2007,68.2221951219512
Ukraine,2008,68.2514634146342
Ukraine,2009,69.19
Ukraine,2010,70.2653658536586
Ukraine,2011,70.8092682926829
Ukraine,2012,70.9441463414634
Ukraine,2013,71.159512195122
Ukraine,2014,71.1865853658537
Ukraine,2015,71.189512195122
Ukraine,2016,71.4763414634146
Ukraine,2017,71.7809756097561
Ukraine,2018,71.5826829268293
Ukraine,2019,71.8273170731707
Ukraine,2020,71.1851219512195
Ukraine,2021,69.6478048780488
Ukraine,2022,68.5879268292683
Upper middle income,1960,41.9399224986486
Upper middle income,1961,46.4621778759764
Upper middle income,1962,52.5474356948642
Upper middle income,1963,53.1413895518377
Upper middle income,1964,53.7858227361398
Upper middle income,1965,53.7992386290951
Upper middle income,1966,54.7764431693362
Upper middle income,1967,55.5142906403975
Upper middle income,1968,56.0516965837571
Upper middle income,1969,56.6031161824118
Upper middle income,1970,57.2059182943615
Upper middle income,1971,58.0293597740498
Upper middle income,1972,58.7102081931388
Upper middle income,1973,59.4791816937756
Upper middle income,1974,60.1029129559475
Upper middle income,1975,60.7226897933007
Upper middle income,1976,61.3874419050263
Upper middle income,1977,62.0172414110982
Upper middle income,1978,62.537162556183
Upper middle income,1979,63.1157251685786
Upper middle income,1980,63.6054833657784
Upper middle income,1981,64.0334160717462
Upper middle income,1982,64.5082991895237
Upper middle income,1983,64.9949565904572
Upper middle income,1984,65.4575088092442
Upper middle income,1985,65.8502907694124
Upper middle income,1986,66.3000746661633
Upper middle income,1987,66.6497429913828
Upper middle income,1988,66.906840809892
Upper middle income,1989,67.2667008185412
Upper middle income,1990,67.4295717620773
Upper middle income,1991,67.6903485832474
Upper middle income,1992,68.1062279313437
Upper middle income,1993,68.4580656290936
Upper middle income,1994,68.7397388241375
Upper middle income,1995,69.0747002141808
Upper middle income,1996,69.3487032164525
Upper middle income,1997,69.7069042116021
Upper middle income,1998,70.0989828534701
Upper middle income,1999,70.3118579831748
Upper middle income,2000,70.6800121580116
Upper middle income,2001,71.1840130801317
Upper middle income,2002,71.4895469280204
Upper middle income,2003,71.7264259023399
Upper middle income,2004,71.8875947203581
Upper middle income,2005,72.3576967819366
Upper middle income,2006,72.6889846182772
Upper middle income,2007,72.9375297679751
Upper middle income,2008,73.1073976799868
Upper middle income,2009,73.5143852009001
Upper middle income,2010,73.7831372181611
Upper middle income,2011,74.0731622588221
Upper middle income,2012,74.3760662423102
Upper middle income,2013,74.6541047095152
Upper middle income,2014,74.9249750593452
Upper middle income,2015,75.1317872757628
Upper middle income,2016,75.3116055717548
Upper middle income,2017,75.456150928902
Upper middle income,2018,75.8232157454878
Upper middle income,2019,76.0251024511298
Upper middle income,2020,75.2368556059315
Upper middle income,2021,74.8743403012636
Upper middle income,2022,75.6652990948112
Uruguay,1960,67.772
Uruguay,1961,67.895
Uruguay,1962,67.994
Uruguay,1963,68.084
Uruguay,1964,68.179
Uruguay,1965,68.294
Uruguay,1966,68.427
Uruguay,1967,68.558
Uruguay,1968,68.698
Uruguay,1969,68.815
Uruguay,1970,68.904
Uruguay,1971,68.969
Uruguay,1972,68.933
Uruguay,1973,69.096
Uruguay,1974,69.193
Uruguay,1975,69.335
Uruguay,1976,69.523
Uruguay,1977,69.746
Uruguay,1978,69.999
Uruguay,1979,70.279
Uruguay,1980,70.582
Uruguay,1981,70.901
Uruguay,1982,71.223
Uruguay,1983,71.539
Uruguay,1984,71.841
Uruguay,1985,72.123
Uruguay,1986,72.381
Uruguay,1987,72.613
Uruguay,1988,72.82
Uruguay,1989,73.002
Uruguay,1990,73.162
Uruguay,1991,73.305
Uruguay,1992,73.441
Uruguay,1993,73.579
Uruguay,1994,73.728
Uruguay,1995,73.896
Uruguay,1996,74.088
Uruguay,1997,74.298
Uruguay,1998,74.527
Uruguay,1999,74.769
Uruguay,2000,75.025
Uruguay,2001,75.285
Uruguay,2002,75.54
Uruguay,2003,75.785
Uruguay,2004,76.007
Uruguay,2005,76.194
Uruguay,2006,76.362
Uruguay,2007,76.498
Uruguay,2008,76.623
Uruguay,2009,76.738
Uruguay,2010,76.858
Uruguay,2011,76.983
Uruguay,2012,77.111
Uruguay,2013,77.24
Uruguay,2014,77.366
Uruguay,2015,77.483
Uruguay,2016,77.571
Uruguay,2017,77.625
Uruguay,2018,77.611
Uruguay,2019,77.508
Uruguay,2020,78.43
Uruguay,2021,75.436
Uruguay,2022,78
United States,1960,69.7707317073171
United States,1961,70.2707317073171
United States,1962,70.119512195122
United States,1963,69.9170731707317
United States,1964,70.1658536585366
United States,1965,70.2146341463415
United States,1966,70.2121951219512
United States,1967,70.5609756097561
United States,1968,69.9512195121951
United States,1969,70.5073170731708
United States,1970,70.8073170731707
United States,1971,71.1073170731707
United States,1972,71.1560975609756
United States,1973,71.3560975609756
United States,1974,71.9560975609756
United States,1975,72.6048780487805
United States,1976,72.8560975609756
United States,1977,73.2560975609756
United States,1978,73.3560975609756
United States,1979,73.8048780487805
United States,1980,73.609756097561
United States,1981,74.009756097561
United States,1982,74.3609756097561
United States,1983,74.4634146341463
United States,1984,74.5634146341464
United States,1985,74.5634146341464
United States,1986,74.6146341463415
United States,1987,74.7658536585366
United States,1988,74.7658536585366
United States,1989,75.0170731707317
United States,1990,75.2146341463415
United States,1991,75.3658536585366
United States,1992,75.6170731707317
United States,1993,75.419512195122
United States,1994,75.619512195122
United States,1995,75.6219512195122
United States,1996,76.0268292682927
United States,1997,76.4292682926829
United States,1998,76.5804878048781
United States,1999,76.5829268292683
United States,2000,76.6365853658537
United States,2001,76.8365853658537
United States,2002,76.9365853658537
United States,2003,77.0365853658537
United States,2004,77.4878048780488
United States,2005,77.4878048780488
United States,2006,77.6878048780488
United States,2007,77.9878048780488
United States,2008,78.0390243902439
United States,2009,78.390243902439
United States,2010,78.5414634146342
United States,2011,78.6414634146341
United States,2012,78.7414634146342
United States,2013,78.7414634146342
United States,2014,78.8414634146341
United States,2015,78.690243902439
United States,2016,78.5390243902439
United States,2017,78.5390243902439
United States,2018,78.6390243902439
United States,2019,78.7878048780488
United States,2020,76.9804878048781
United States,2021,76.3292682926829
United States,2022,77.4341463414634
Uzbekistan,1960,57.473
Uzbekistan,1961,57.795
Uzbekistan,1962,58.066
Uzbekistan,1963,58.44
Uzbekistan,1964,58.846
Uzbekistan,1965,59.203
Uzbekistan,1966,59.464
Uzbekistan,1967,59.803
Uzbekistan,1968,60.217
Uzbekistan,1969,60.716
Uzbekistan,1970,60.934
Uzbekistan,1971,61.325
Uzbekistan,1972,61.627
Uzbekistan,1973,61.676
Uzbekistan,1974,62.006
Uzbekistan,1975,62.181
Uzbekistan,1976,62.506
Uzbekistan,1977,62.329
Uzbekistan,1978,62.563
Uzbekistan,1979,62.688
Uzbekistan,1980,63.036
Uzbekistan,1981,63.304
Uzbekistan,1982,63.563
Uzbekistan,1983,63.805
Uzbekistan,1984,64.002
Uzbekistan,1985,64.287
Uzbekistan,1986,64.723
Uzbekistan,1987,64.984
Uzbekistan,1988,65.147
Uzbekistan,1989,65.281
Uzbekistan,1990,65.346
Uzbekistan,1991,65.131
Uzbekistan,1992,65.109
Uzbekistan,1993,64.829
Uzbekistan,1994,64.685
Uzbekistan,1995,64.646
Uzbekistan,1996,64.712
Uzbekistan,1997,64.764
Uzbekistan,1998,65.035
Uzbekistan,1999,65.383
Uzbekistan,2000,65.724
Uzbekistan,2001,66.087
Uzbekistan,2002,66.604
Uzbekistan,2003,67.04
Uzbekistan,2004,67.401
Uzbekistan,2005,67.49
Uzbekistan,2006,67.891
Uzbekistan,2007,68.292
Uzbekistan,2008,68.765
Uzbekistan,2009,68.871
Uzbekistan,2010,69.235
Uzbekistan,2011,69.649
Uzbekistan,2012,69.874
Uzbekistan,2013,69.99
Uzbekistan,2014,70.234
Uzbekistan,2015,70.475
Uzbekistan,2016,70.755
Uzbekistan,2017,71.01
Uzbekistan,2018,71.149
Uzbekistan,2019,71.344
Uzbekistan,2020,70.331
Uzbekistan,2021,70.862
Uzbekistan,2022,71.674
St. Vincent and the Grenadines,1960,56.443
St. Vincent and the Grenadines,1961,57.932
St. Vincent and the Grenadines,1962,59.482
St. Vincent and the Grenadines,1963,61.063
St. Vincent and the Grenadines,1964,62.667
St. Vincent and the Grenadines,1965,64.264
St. Vincent and the Grenadines,1966,65.651
St. Vincent and the Grenadines,1967,66.666
St. Vincent and the Grenadines,1968,67.527
St. Vincent and the Grenadines,1969,68.178
St. Vincent and the Grenadines,1970,68.57
St. Vincent and the Grenadines,1971,68.733
St. Vincent and the Grenadines,1972,68.499
St. Vincent and the Grenadines,1973,68.583
St. Vincent and the Grenadines,1974,69.079
St. Vincent and the Grenadines,1975,69.367
St. Vincent and the Grenadines,1976,69.391
St. Vincent and the Grenadines,1977,69.676
St. Vincent and the Grenadines,1978,69.586
St. Vincent and the Grenadines,1979,69.752
St. Vincent and the Grenadines,1980,70.184
St. Vincent and the Grenadines,1981,70.376
St. Vincent and the Grenadines,1982,70.433
St. Vincent and the Grenadines,1983,70.959
St. Vincent and the Grenadines,1984,71.188
St. Vincent and the Grenadines,1985,71.521
St. Vincent and the Grenadines,1986,71.639
St. Vincent and the Grenadines,1987,72.046
St. Vincent and the Grenadines,1988,72.35
St. Vincent and the Grenadines,1989,72.732
St. Vincent and the Grenadines,1990,72.38
St. Vincent and the Grenadines,1991,72.937
St. Vincent and the Grenadines,1992,72.624
St. Vincent and the Grenadines,1993,72.458
St. Vincent and the Grenadines,1994,71.922
St. Vincent and the Grenadines,1995,72.097
St. Vincent and the Grenadines,1996,71.266
St. Vincent and the Grenadines,1997,70.922
St. Vincent and the Grenadines,1998,71.097
St. Vincent and the Grenadines,1999,71.3
St. Vincent and the Grenadines,2000,71.377
St. Vincent and the Grenadines,2001,71.938
St. Vincent and the Grenadines,2002,72.168
St. Vincent and the Grenadines,2003,72.352
St. Vincent and the Grenadines,2004,73.035
St. Vincent and the Grenadines,2005,73.516
St. Vincent and the Grenadines,2006,74.017
St. Vincent and the Grenadines,2007,74.703
St. Vincent and the Grenadines,2008,75.053
St. Vincent and the Grenadines,2009,75.083
St. Vincent and the Grenadines,2010,74.718
St. Vincent and the Grenadines,2011,74.596
St. Vincent and the Grenadines,2012,74.146
St. Vincent and the Grenadines,2013,73.798
St. Vincent and the Grenadines,2014,74.473
St. Vincent and the Grenadines,2015,74.407
St. Vincent and the Grenadines,2016,74.28
St. Vincent and the Grenadines,2017,74.305
St. Vincent and the Grenadines,2018,74.128
St. Vincent and the Grenadines,2019,72.835
St. Vincent and the Grenadines,2020,72.126
St. Vincent and the Grenadines,2021,69.629
St. Vincent and the Grenadines,2022,68.972
"Venezuela, RB",1960,58.647
"Venezuela, RB",1961,59.407
"Venezuela, RB",1962,59.529
"Venezuela, RB",1963,60.152
"Venezuela, RB",1964,60.609
"Venezuela, RB",1965,61.248
"Venezuela, RB",1966,61.801
"Venezuela, RB",1967,62.348
"Venezuela, RB",1968,62.928
"Venezuela, RB",1969,63.224
"Venezuela, RB",1970,64.299
"Venezuela, RB",1971,64.933
"Venezuela, RB",1972,65.42
"Venezuela, RB",1973,65.936
"Venezuela, RB",1974,66.526
"Venezuela, RB",1975,67.075
"Venezuela, RB",1976,67.554
"Venezuela, RB",1977,67.957
"Venezuela, RB",1978,68.313
"Venezuela, RB",1979,68.587
"Venezuela, RB",1980,68.762
"Venezuela, RB",1981,69.442
"Venezuela, RB",1982,69.723
"Venezuela, RB",1983,70.197
"Venezuela, RB",1984,70.441
"Venezuela, RB",1985,70.596
"Venezuela, RB",1986,71.037
"Venezuela, RB",1987,71.047
"Venezuela, RB",1988,71.252
"Venezuela, RB",1989,71.348
"Venezuela, RB",1990,71.532
"Venezuela, RB",1991,71.832
"Venezuela, RB",1992,71.806
"Venezuela, RB",1993,71.925
"Venezuela, RB",1994,71.853
"Venezuela, RB",1995,72.143
"Venezuela, RB",1996,72.111
"Venezuela, RB",1997,72.703
"Venezuela, RB",1998,72.668
"Venezuela, RB",1999,72.254
"Venezuela, RB",2000,72.478
"Venezuela, RB",2001,71.201
"Venezuela, RB",2002,72.662
"Venezuela, RB",2003,71.94
"Venezuela, RB",2004,72.514
"Venezuela, RB",2005,72.782
"Venezuela, RB",2006,72.742
"Venezuela, RB",2007,73.058
"Venezuela, RB",2008,72.436
"Venezuela, RB",2009,72.579
"Venezuela, RB",2010,72.89
"Venezuela, RB",2011,72.913
"Venezuela, RB",2012,73.036
"Venezuela, RB",2013,73.196
"Venezuela, RB",2014,72.853
"Venezuela, RB",2015,73.006
"Venezuela, RB",2016,72.058
"Venezuela, RB",2017,71.943
"Venezuela, RB",2018,71.979
"Venezuela, RB",2019,72.161
"Venezuela, RB",2020,71.095
"Venezuela, RB",2021,70.554
"Venezuela, RB",2022,71.105
British Virgin Islands,1960,59.564
British Virgin Islands,1961,60.219
British Virgin Islands,1962,61.601
British Virgin Islands,1963,63.533
British Virgin Islands,1964,64.647
British Virgin Islands,1965,65.238
British Virgin Islands,1966,65.333
British Virgin Islands,1967,65.078
British Virgin Islands,1968,65.018
British Virgin Islands,1969,65.469
British Virgin Islands,1970,66.609
British Virgin Islands,1971,67.09
British Virgin Islands,1972,67.143
British Virgin Islands,1973,67.809
British Virgin Islands,1974,68.025
British Virgin Islands,1975,67.834
British Virgin Islands,1976,68.074
British Virgin Islands,1977,68.163
British Virgin Islands,1978,67.644
British Virgin Islands,1979,67.463
British Virgin Islands,1980,67.715
British Virgin Islands,1981,68.371
British Virgin Islands,1982,69.869
British Virgin Islands,1983,70.939
British Virgin Islands,1984,72.101
British Virgin Islands,1985,73.403
British Virgin Islands,1986,73.715
British Virgin Islands,1987,73.532
British Virgin Islands,1988,73.73
British Virgin Islands,1989,74.032
British Virgin Islands,1990,73.927
British Virgin Islands,1991,72.872
British Virgin Islands,1992,73.324
British Virgin Islands,1993,73.996
British Virgin Islands,1994,73.63
British Virgin Islands,1995,74.24
British Virgin Islands,1996,74.622
British Virgin Islands,1997,74.403
British Virgin Islands,1998,74.906
British Virgin Islands,1999,74.412
British Virgin Islands,2000,73.966
British Virgin Islands,2001,73.846
British Virgin Islands,2002,73.891
British Virgin Islands,2003,73.986
British Virgin Islands,2004,74.251
British Virgin Islands,2005,74.723
British Virgin Islands,2006,74.88
British Virgin Islands,2007,75.039
British Virgin Islands,2008,75.007
British Virgin Islands,2009,75.26
British Virgin Islands,2010,75.428
British Virgin Islands,2011,75.486
British Virgin Islands,2012,75.532
British Virgin Islands,2013,75.574
British Virgin Islands,2014,75.612
British Virgin Islands,2015,75.675
British Virgin Islands,2016,75.724
British Virgin Islands,2017,74.785
British Virgin Islands,2018,75.831
British Virgin Islands,2019,75.863
British Virgin Islands,2020,75.849
British Virgin Islands,2021,74.494
British Virgin Islands,2022,76.373
Virgin Islands (U.S.),1960,63.7459756097561
Virgin Islands (U.S.),1961,63.7845365853659
Virgin Islands (U.S.),1962,63.6580975609756
Virgin Islands (U.S.),1963,63.4234878048781
Virgin Islands (U.S.),1964,64.6180731707317
Virgin Islands (U.S.),1965,65.273
Virgin Islands (U.S.),1966,64.9280243902439
Virgin Islands (U.S.),1967,65.2239512195122
Virgin Islands (U.S.),1968,65.6371707317073
Virgin Islands (U.S.),1969,65.7591951219512
Virgin Islands (U.S.),1970,65.8386829268293
Virgin Islands (U.S.),1971,66.1832195121951
Virgin Islands (U.S.),1972,66.3898780487805
Virgin Islands (U.S.),1973,67.0704878048781
Virgin Islands (U.S.),1974,67.2836829268293
Virgin Islands (U.S.),1975,67.4678048780488
Virgin Islands (U.S.),1976,67.6617804878049
Virgin Islands (U.S.),1977,67.8813414634146
Virgin Islands (U.S.),1978,68.0486341463415
Virgin Islands (U.S.),1979,68.2202195121951
Virgin Islands (U.S.),1980,68.5291463414634
Virgin Islands (U.S.),1981,68.695512195122
Virgin Islands (U.S.),1982,69.1064146341463
Virgin Islands (U.S.),1983,69.3245609756098
Virgin Islands (U.S.),1984,69.5295365853659
Virgin Islands (U.S.),1985,69.7428048780488
Virgin Islands (U.S.),1986,70.0175609756098
Virgin Islands (U.S.),1987,70.3379024390244
Virgin Islands (U.S.),1988,70.7632682926829
Virgin Islands (U.S.),1989,71.0024634146341
Virgin Islands (U.S.),1990,71.2504634146341
Virgin Islands (U.S.),1991,71.4517804878049
Virgin Islands (U.S.),1992,71.652243902439
Virgin Islands (U.S.),1993,71.8177073170732
Virgin Islands (U.S.),1994,71.9951219512195
Virgin Islands (U.S.),1995,72.0099756097561
Virgin Islands (U.S.),1996,72.3873170731707
Virgin Islands (U.S.),1997,72.2032926829268
Virgin Islands (U.S.),1998,72.3258292682927
Virgin Islands (U.S.),1999,72.1968536585366
Virgin Islands (U.S.),2000,76.619512195122
Virgin Islands (U.S.),2001,77.6219512195122
Virgin Islands (U.S.),2002,77.5219512195122
Virgin Islands (U.S.),2003,77.5219512195122
Virgin Islands (U.S.),2004,77.7731707317073
Virgin Islands (U.S.),2005,77.4219512195122
Virgin Islands (U.S.),2006,78.3243902439024
Virgin Islands (U.S.),2007,76.8634146341463
Virgin Islands (U.S.),2008,77.1634146341463
Virgin Islands (U.S.),2009,77.5146341463415
Virgin Islands (U.S.),2010,77.8658536585366
Virgin Islands (U.S.),2011,78.3170731707317
Virgin Islands (U.S.),2012,78.5170731707317
Virgin Islands (U.S.),2013,78.7170731707317
Virgin Islands (U.S.),2014,78.8682926829268
Virgin Islands (U.S.),2015,79.0170731707317
Virgin Islands (U.S.),2016,79.1682926829268
Virgin Islands (U.S.),2017,79.3682926829268
Virgin Islands (U.S.),2018,79.5195121951219
Virgin Islands (U.S.),2019,79.6682926829268
Virgin Islands (U.S.),2020,79.819512195122
Virgin Islands (U.S.),2021,80.0682926829268
Virgin Islands (U.S.),2022,80.319512195122
Viet Nam,1960,59.657
Viet Nam,1961,60.261
Viet Nam,1962,60.131
Viet Nam,1963,58.701
Viet Nam,1964,59.323
Viet Nam,1965,58.692
Viet Nam,1966,58.467
Viet Nam,1967,58.161
Viet Nam,1968,54.07
Viet Nam,1969,56.151
Viet Nam,1970,56.222
Viet Nam,1971,56.749
Viet Nam,1972,53.103
Viet Nam,1973,56.786
Viet Nam,1974,55.83
Viet Nam,1975,62.882
Viet Nam,1976,64.775
Viet Nam,1977,65.049
Viet Nam,1978,65.529
Viet Nam,1979,66.001
Viet Nam,1980,66.195
Viet Nam,1981,66.645
Viet Nam,1982,67.106
Viet Nam,1983,67.148
Viet Nam,1984,67.305
Viet Nam,1985,67.601
Viet Nam,1986,68.013
Viet Nam,1987,68.392
Viet Nam,1988,68.469
Viet Nam,1989,69.076
Viet Nam,1990,69.213
Viet Nam,1991,69.849
Viet Nam,1992,69.958
Viet Nam,1993,70.621
Viet Nam,1994,70.759
Viet Nam,1995,71.384
Viet Nam,1996,71.51
Viet Nam,1997,71.802
Viet Nam,1998,72.107
Viet Nam,1999,72.317
Viet Nam,2000,72.462
Viet Nam,2001,72.647
Viet Nam,2002,72.801
Viet Nam,2003,72.98
Viet Nam,2004,73.135
Viet Nam,2005,73.271
Viet Nam,2006,73.319
Viet Nam,2007,73.436
Viet Nam,2008,73.411
Viet Nam,2009,73.498
Viet Nam,2010,73.513
Viet Nam,2011,73.692
Viet Nam,2012,73.704
Viet Nam,2013,73.775
Viet Nam,2014,73.855
Viet Nam,2015,73.876
Viet Nam,2016,73.938
Viet Nam,2017,73.963
Viet Nam,2018,73.976
Viet Nam,2019,74.093
Viet Nam,2020,75.378
Viet Nam,2021,73.618
Viet Nam,2022,74.58
Vanuatu,1960,49.63
Vanuatu,1961,50.15
Vanuatu,1962,50.676
Vanuatu,1963,51.228
Vanuatu,1964,51.706
Vanuatu,1965,52.294
Vanuatu,1966,52.862
Vanuatu,1967,53.444
Vanuatu,1968,54.038
Vanuatu,1969,54.591
Vanuatu,1970,55.186
Vanuatu,1971,55.766
Vanuatu,1972,56.271
Vanuatu,1973,56.95
Vanuatu,1974,57.515
Vanuatu,1975,58.087
Vanuatu,1976,58.659
Vanuatu,1977,59.223
Vanuatu,1978,59.847
Vanuatu,1979,60.446
Vanuatu,1980,61.083
Vanuatu,1981,61.824
Vanuatu,1982,62.536
Vanuatu,1983,63.239
Vanuatu,1984,63.912
Vanuatu,1985,64.231
Vanuatu,1986,65.053
Vanuatu,1987,64.578
Vanuatu,1988,66.04
Vanuatu,1989,66.134
Vanuatu,1990,66.675
Vanuatu,1991,67.203
Vanuatu,1992,67.353
Vanuatu,1993,67.528
Vanuatu,1994,67.739
Vanuatu,1995,67.885
Vanuatu,1996,68.63
Vanuatu,1997,68.708
Vanuatu,1998,68.763
Vanuatu,1999,68.237
Vanuatu,2000,68.966
Vanuatu,2001,69.037
Vanuatu,2002,69.196
Vanuatu,2003,69.276
Vanuatu,2004,69.313
Vanuatu,2005,69.39
Vanuatu,2006,69.462
Vanuatu,2007,69.544
Vanuatu,2008,69.602
Vanuatu,2009,69.653
Vanuatu,2010,69.617
Vanuatu,2011,69.551
Vanuatu,2012,69.497
Vanuatu,2013,69.534
Vanuatu,2014,69.465
Vanuatu,2015,69.513
Vanuatu,2016,69.65
Vanuatu,2017,69.71
Vanuatu,2018,69.795
Vanuatu,2019,69.877
Vanuatu,2020,70.299
Vanuatu,2021,70.449
Vanuatu,2022,70.492
World,1960,50.9148868922479
World,1961,52.8714850719755
World,1962,55.2392434243266
World,1963,55.5719793826384
World,1964,56.064843729864
World,1965,55.8919800911465
World,1966,56.4219676008458
World,1967,56.8256021776814
World,1968,57.2515895020951
World,1969,57.5617996589897
World,1970,57.863582606251
World,1971,57.9775758063667
World,1972,58.8167973052499
World,1973,59.3170505529991
World,1974,59.7327789394866
World,1975,60.1828302438903
World,1976,60.6411039131682
World,1977,61.1322119422809
World,1978,61.4905217846928
World,1979,61.9089811216904
World,1980,62.2365721080297
World,1981,62.6109005520037
World,1982,62.9683143245417
World,1983,63.2093791274017
World,1984,63.5112870720988
World,1985,63.80138854151
World,1986,64.1964473885643
World,1987,64.4971557484035
World,1988,64.6664923573661
World,1989,65.0059371979348
World,1990,65.1692072875163
World,1991,65.3113529242437
World,1992,65.5728147640139
World,1993,65.7550428358459
World,1994,65.9994799836412
World,1995,66.1868812372369
World,1996,66.4484447789813
World,1997,66.7892383456157
World,1998,67.0625050863967
World,1999,67.3552709668956
World,2000,67.6675221668595
World,2001,68.0182391397227
World,2002,68.2989189126951
World,2003,68.5717995705388
World,2004,68.8248736940467
World,2005,69.1602695656231
World,2006,69.5318031283345
World,2007,69.7935281224166
World,2008,69.9630282766688
World,2009,70.3563013851701
World,2010,70.6246512092393
World,2011,70.9611320617656
World,2012,71.2372630317077
World,2013,71.5297645319383
World,2014,71.8331454614497
World,2015,72.0470869141673
World,2016,72.2979064227925
World,2017,72.4954123911282
World,2018,72.7351157908109
World,2019,72.931033825644107
World,2020,72.1974597958651
World,2021,71.2806116781408
World,2022,71.9487167371408
Samoa,1960,54.688
Samoa,1961,55.315
Samoa,1962,55.89
Samoa,1963,56.46
Samoa,1964,53.601
Samoa,1965,57.54
Samoa,1966,57.922
Samoa,1967,58.553
Samoa,1968,59.076
Samoa,1969,59.64
Samoa,1970,60.18
Samoa,1971,60.704
Samoa,1972,61.23
Samoa,1973,61.747
Samoa,1974,62.25
Samoa,1975,62.764
Samoa,1976,63.214
Samoa,1977,63.642
Samoa,1978,63.999
Samoa,1979,64.39
Samoa,1980,64.748
Samoa,1981,65.095
Samoa,1982,65.419
Samoa,1983,65.736
Samoa,1984,66.048
Samoa,1985,66.347
Samoa,1986,66.623
Samoa,1987,66.883
Samoa,1988,67.188
Samoa,1989,67.471
Samoa,1990,67.658
Samoa,1991,67.881
Samoa,1992,68.385
Samoa,1993,68.701
Samoa,1994,68.98
Samoa,1995,69.298
Samoa,1996,69.588
Samoa,1997,69.875
Samoa,1998,70.171
Samoa,1999,70.456
Samoa,2000,70.746
Samoa,2001,71.019
Samoa,2002,71.276
Samoa,2003,71.496
Samoa,2004,71.696
Samoa,2005,71.754
Samoa,2006,72.021
Samoa,2007,72.1
Samoa,2008,72.155
Samoa,2009,70.066
Samoa,2010,72.249
Samoa,2011,72.26
Samoa,2012,72.167
Samoa,2013,72.391
Samoa,2014,72.463
Samoa,2015,72.515
Samoa,2016,72.54
Samoa,2017,72.59
Samoa,2018,72.636
Samoa,2019,72.157
Samoa,2020,72.768
Samoa,2021,72.767
Samoa,2022,72.598
Kosovo,1960,61.485
Kosovo,1961,61.836
Kosovo,1962,62.134
Kosovo,1963,62.44
Kosovo,1964,62.734
Kosovo,1965,63.041
Kosovo,1966,63.323
Kosovo,1967,63.653
Kosovo,1968,63.935
Kosovo,1969,64.273
Kosovo,1970,64.584
Kosovo,1971,64.874
Kosovo,1972,65.193
Kosovo,1973,65.522
Kosovo,1974,65.83
Kosovo,1975,66.134
Kosovo,1976,66.441
Kosovo,1977,66.74
Kosovo,1978,67.05
Kosovo,1979,67.389
Kosovo,1980,67.685
Kosovo,1981,67.989
Kosovo,1982,68.302
Kosovo,1983,68.641
Kosovo,1984,68.997
Kosovo,1985,69.274
Kosovo,1986,69.587
Kosovo,1987,69.929
Kosovo,1988,70.28
Kosovo,1989,70.602
Kosovo,1990,70.917
Kosovo,1991,71.246
Kosovo,1992,71.487
Kosovo,1993,71.817
Kosovo,1994,72.125
Kosovo,1995,72.441
Kosovo,1996,72.76
Kosovo,1997,73.066
Kosovo,1998,71.306
Kosovo,1999,69.418
Kosovo,2000,74.072
Kosovo,2001,74.394
Kosovo,2002,74.676
Kosovo,2003,74.968
Kosovo,2004,75.304
Kosovo,2005,75.616
Kosovo,2006,75.636
Kosovo,2007,76.516
Kosovo,2008,77.392
Kosovo,2009,77.665
Kosovo,2010,77.63
Kosovo,2011,77.74
Kosovo,2012,78.28
Kosovo,2013,78.587
Kosovo,2014,78.88
Kosovo,2015,78.922
Kosovo,2016,78.981
Kosovo,2017,78.783
Kosovo,2018,78.696
Kosovo,2019,79.022
Kosovo,2020,76.567
Kosovo,2021,76.806
Kosovo,2022,79.524
"Yemen, Rep.",1960,33.678
"Yemen, Rep.",1961,34.098
"Yemen, Rep.",1962,33.615
"Yemen, Rep.",1963,33.247
"Yemen, Rep.",1964,34.738
"Yemen, Rep.",1965,35.373
"Yemen, Rep.",1966,36.097
"Yemen, Rep.",1967,36.866
"Yemen, Rep.",1968,37.796
"Yemen, Rep.",1969,39.474
"Yemen, Rep.",1970,40.501
"Yemen, Rep.",1971,41.542
"Yemen, Rep.",1972,42.46
"Yemen, Rep.",1973,43.348
"Yemen, Rep.",1974,44.325
"Yemen, Rep.",1975,45.245
"Yemen, Rep.",1976,46.238
"Yemen, Rep.",1977,47.286
"Yemen, Rep.",1978,48.392
"Yemen, Rep.",1979,49.394
"Yemen, Rep.",1980,50.654
"Yemen, Rep.",1981,51.709
"Yemen, Rep.",1982,52.405
"Yemen, Rep.",1983,53.923
"Yemen, Rep.",1984,54.934
"Yemen, Rep.",1985,55.693
"Yemen, Rep.",1986,53.819
"Yemen, Rep.",1987,57.096
"Yemen, Rep.",1988,57.759
"Yemen, Rep.",1989,58.218
"Yemen, Rep.",1990,58.699
"Yemen, Rep.",1991,59.049
"Yemen, Rep.",1992,59.428
"Yemen, Rep.",1993,59.859
"Yemen, Rep.",1994,59.714
"Yemen, Rep.",1995,60.453
"Yemen, Rep.",1996,60.568
"Yemen, Rep.",1997,61.119
"Yemen, Rep.",1998,61.375
"Yemen, Rep.",1999,61.975
"Yemen, Rep.",2000,62.588
"Yemen, Rep.",2001,63.222
"Yemen, Rep.",2002,63.906
"Yemen, Rep.",2003,64.541
"Yemen, Rep.",2004,65.006
"Yemen, Rep.",2005,65.543
"Yemen, Rep.",2006,65.988
"Yemen, Rep.",2007,66.565
"Yemen, Rep.",2008,66.963
"Yemen, Rep.",2009,67.196
"Yemen, Rep.",2010,67.28
"Yemen, Rep.",2011,67.419
"Yemen, Rep.",2012,67.343
"Yemen, Rep.",2013,67.545
"Yemen, Rep.",2014,67.384
"Yemen, Rep.",2015,65.873
"Yemen, Rep.",2016,66.064
"Yemen, Rep.",2017,65.957
"Yemen, Rep.",2018,64.575
"Yemen, Rep.",2019,65.092
"Yemen, Rep.",2020,64.65
"Yemen, Rep.",2021,63.753
"Yemen, Rep.",2022,63.72
South Africa,1960,52.669
South Africa,1961,53.085
South Africa,1962,53.376
South Africa,1963,53.633
South Africa,1964,53.906
South Africa,1965,54.192
South Africa,1966,54.391
South Africa,1967,54.626
South Africa,1968,54.876
South Africa,1969,55.194
South Africa,1970,55.579
South Africa,1971,55.955
South Africa,1972,56.272
South Africa,1973,56.722
South Africa,1974,57.117
South Africa,1975,57.512
South Africa,1976,58.006
South Africa,1977,58.492
South Africa,1978,58.979
South Africa,1979,59.395
South Africa,1980,59.813
South Africa,1981,60.364
South Africa,1982,60.933
South Africa,1983,61.465
South Africa,1984,61.907
South Africa,1985,62.38
South Africa,1986,62.912
South Africa,1987,63.041
South Africa,1988,63.345
South Africa,1989,63.31
South Africa,1990,63.375
South Africa,1991,63.265
South Africa,1992,63.341
South Africa,1993,63.045
South Africa,1994,62.612
South Africa,1995,62.262
South Africa,1996,61.459
South Africa,1997,60.805
South Africa,1998,60.001
South Africa,1999,59.241
South Africa,2000,58.47
South Africa,2001,57.261
South Africa,2002,55.666
South Africa,2003,54.331
South Africa,2004,54.043
South Africa,2005,53.98
South Africa,2006,54.278
South Africa,2007,54.992
South Africa,2008,56.022
South Africa,2009,57.447
South Africa,2010,58.899
South Africa,2011,60.651
South Africa,2012,61.846
South Africa,2013,62.533
South Africa,2014,63.38
South Africa,2015,63.95
South Africa,2016,64.747
South Africa,2017,65.402
South Africa,2018,65.674
South Africa,2019,66.175
South Africa,2020,65.252
South Africa,2021,62.341
South Africa,2022,61.48
Zambia,1960,49.042
Zambia,1961,49.452
Zambia,1962,49.794
Zambia,1963,50.133
Zambia,1964,49.849
Zambia,1965,50.563
Zambia,1966,50.679
Zambia,1967,50.802
Zambia,1968,50.856
Zambia,1969,51.147
Zambia,1970,51.493
Zambia,1971,52.023
Zambia,1972,52.629
Zambia,1973,53.3
Zambia,1974,53.87
Zambia,1975,54.239
Zambia,1976,54.604
Zambia,1977,54.709
Zambia,1978,54.61
Zambia,1979,54.439
Zambia,1980,54.143
Zambia,1981,54.047
Zambia,1982,53.859
Zambia,1983,53.389
Zambia,1984,52.755
Zambia,1985,51.902
Zambia,1986,51.061
Zambia,1987,50.328
Zambia,1988,49.527
Zambia,1989,48.696
Zambia,1990,47.926
Zambia,1991,47.097
Zambia,1992,46.512
Zambia,1993,46.209
Zambia,1994,45.854
Zambia,1995,45.553
Zambia,1996,45.233
Zambia,1997,44.945
Zambia,1998,44.701
Zambia,1999,44.659
Zambia,2000,45.231
Zambia,2001,46.019
Zambia,2002,46.979
Zambia,2003,48.284
Zambia,2004,49.487
Zambia,2005,50.659
Zambia,2006,51.795
Zambia,2007,52.739
Zambia,2008,53.945
Zambia,2009,55.3
Zambia,2010,56.799
Zambia,2011,57.771
Zambia,2012,58.867
Zambia,2013,59.878
Zambia,2014,60.699
Zambia,2015,61.208
Zambia,2016,61.794
Zambia,2017,62.12
Zambia,2018,62.342
Zambia,2019,62.793
Zambia,2020,62.38
Zambia,2021,61.223
Zambia,2022,61.803
Zimbabwe,1960,53.235
Zimbabwe,1961,53.619
Zimbabwe,1962,54.071
Zimbabwe,1963,54.549
Zimbabwe,1964,54.994
Zimbabwe,1965,55.459
Zimbabwe,1966,55.889
Zimbabwe,1967,56.188
Zimbabwe,1968,56.455
Zimbabwe,1969,56.714
Zimbabwe,1970,57.032
Zimbabwe,1971,57.196
Zimbabwe,1972,57.401
Zimbabwe,1973,57.367
Zimbabwe,1974,57.494
Zimbabwe,1975,57.552
Zimbabwe,1976,56.936
Zimbabwe,1977,56.285
Zimbabwe,1978,54.593
Zimbabwe,1979,55.038
Zimbabwe,1980,58.674
Zimbabwe,1981,59.327
Zimbabwe,1982,59.875
Zimbabwe,1983,60.248
Zimbabwe,1984,61.051
Zimbabwe,1985,61.624
Zimbabwe,1986,62.023
Zimbabwe,1987,61.767
Zimbabwe,1988,61.323
Zimbabwe,1989,60.401
Zimbabwe,1990,59.426
Zimbabwe,1991,58.091
Zimbabwe,1992,56.435
Zimbabwe,1993,54.426
Zimbabwe,1994,52.588
Zimbabwe,1995,50.531
Zimbabwe,1996,48.955
Zimbabwe,1997,47.993
Zimbabwe,1998,46.819
Zimbabwe,1999,45.206
Zimbabwe,2000,44.686
Zimbabwe,2001,41.957
Zimbabwe,2002,44.565
Zimbabwe,2003,43.393
Zimbabwe,2004,44.502
Zimbabwe,2005,44.768
Zimbabwe,2006,45.364
Zimbabwe,2007,45.61
Zimbabwe,2008,46.723
Zimbabwe,2009,48.063
Zimbabwe,2010,50.652
Zimbabwe,2011,53.347
Zimbabwe,2012,55.626
Zimbabwe,2013,57.458
Zimbabwe,2014,58.846
Zimbabwe,2015,59.591
Zimbabwe,2016,60.306
Zimbabwe,2017,60.709
Zimbabwe,2018,61.414
Zimbabwe,2019,61.292
Zimbabwe,2020,61.124
Zimbabwe,2021,59.253
Zimbabwe,2022,59.391
