longitude,latitude,polygon_group,name_long
180,-16.067132663642447,1-1-1,Fiji
180,-16.555216566639196,1-1-1,Fiji
179.36414266196414,-16.801354076946883,1-1-1,Fiji
178.72505936299711,-17.01204167436804,1-1-1,Fiji
178.59683859511713,-16.639150000000004,1-1-1,Fiji
179.0966093629971,-16.433984277547403,1-1-1,Fiji
179.4135093629971,-16.379054277547404,1-1-1,Fiji
180,-16.067132663642447,1-1-1,Fiji
178.12557,-17.50481,1-2-1,Fiji
178.3736,-17.33992,1-2-1,Fiji
178.71806,-17.62846,1-2-1,Fiji
178.55271,-18.15059,1-2-1,Fiji
177.93266000000003,-18.28799,1-2-1,Fiji
177.38146,-18.16432,1-2-1,Fiji
177.28504,-17.72465,1-2-1,Fiji
177.67087,-17.381140000000002,1-2-1,Fiji
178.12557,-17.50481,1-2-1,Fiji
-179.79332010904864,-16.020882256741224,1-3-1,Fiji
-179.9173693847653,-16.501783135649397,1-3-1,Fiji
-180,-16.555216566639196,1-3-1,Fiji
-180,-16.067132663642447,1-3-1,Fiji
-179.79332010904864,-16.020882256741224,1-3-1,Fiji
33.90371119710453,-0.9500000000000001,2-1-1,Tanzania
34.07261999999997,-1.0598199999999451,2-1-1,Tanzania
37.69868999999994,-3.0969899999999484,2-1-1,Tanzania
37.7669,-3.6771200000000004,2-1-1,Tanzania
39.20222,-4.67677,2-1-1,Tanzania
38.74053999999995,-5.9089499999999475,2-1-1,Tanzania
38.79977000000008,-6.475660000000005,2-1-1,Tanzania
39.44,-6.839999999999861,2-1-1,Tanzania
39.47000000000014,-7.099999999999966,2-1-1,Tanzania
39.19468999999998,-7.703899999999976,2-1-1,Tanzania
39.25203000000005,-8.00780999999995,2-1-1,Tanzania
39.18652000000009,-8.48550999999992,2-1-1,Tanzania
39.53574000000009,-9.112369999999885,2-1-1,Tanzania
39.94960000000003,-10.098400000000026,2-1-1,Tanzania
40.316586229110854,-10.317097752817492,2-1-1,Tanzania
40.31659000000002,-10.317099999999868,2-1-1,Tanzania
39.52099999999996,-10.89688000000001,2-1-1,Tanzania
38.42755659358775,-11.285202325081656,2-1-1,Tanzania
37.827639999999974,-11.26878999999991,2-1-1,Tanzania
37.471289999999954,-11.568759999999997,2-1-1,Tanzania
36.775150994622805,-11.594537448780805,2-1-1,Tanzania
36.51408165868426,-11.720938002166735,2-1-1,Tanzania
35.31239790216904,-11.439146416879147,2-1-1,Tanzania
34.55998904799935,-11.520020033415925,2-1-1,Tanzania
34.27999999999997,-10.160000000000025,2-1-1,Tanzania
33.940837724096525,-9.693673841980285,2-1-1,Tanzania
33.73972000000009,-9.417149999999992,2-1-1,Tanzania
32.75937544122132,-9.23059905358906,2-1-1,Tanzania
32.19186486179194,-8.930358981973257,2-1-1,Tanzania
31.556348097466497,-8.762048841998642,2-1-1,Tanzania
31.15775133695005,-8.594578747317366,2-1-1,Tanzania
30.740009731422095,-8.34000593035372,2-1-1,Tanzania
30.74001549655179,-8.340007419470915,2-1-1,Tanzania
30.199996779101696,-7.079980970898163,2-1-1,Tanzania
29.620032179490014,-6.520015150583426,2-1-1,Tanzania
29.419992710088167,-5.939998874539434,2-1-1,Tanzania
29.519986606572928,-5.419978936386315,2-1-1,Tanzania
29.339997592900346,-4.4999834122940925,2-1-1,Tanzania
29.753512404099865,-4.452389418153302,2-1-1,Tanzania
30.11632000000003,-4.090120000000013,2-1-1,Tanzania
30.505539999999996,-3.5685799999999404,2-1-1,Tanzania
30.752240000000086,-3.3593099999999936,2-1-1,Tanzania
30.743010000000027,-3.034309999999948,2-1-1,Tanzania
30.527660000000026,-2.807619999999986,2-1-1,Tanzania
30.469673645761223,-2.41385475710134,2-1-1,Tanzania
30.469670000000008,-2.4138299999999617,2-1-1,Tanzania
30.75830895358311,-2.2872502579883687,2-1-1,Tanzania
30.816134881317712,-1.6989140763453887,2-1-1,Tanzania
30.419104852019245,-1.1346591121504161,2-1-1,Tanzania
30.769860000000108,-1.0145499999999856,2-1-1,Tanzania
31.866170000000068,-1.0273599999999306,2-1-1,Tanzania
33.90371119710453,-0.9500000000000001,2-1-1,Tanzania
-8.665589565454809,27.656425889592356,3-1-1,Western Sahara
-8.665124477564191,27.589479071558227,3-1-1,Western Sahara
-8.684399786809053,27.395744126896005,3-1-1,Western Sahara
-8.6872936670174,25.881056219988906,3-1-1,Western Sahara
-11.96941891117116,25.933352769468268,3-1-1,Western Sahara
-11.937224493853321,23.374594224536168,3-1-1,Western Sahara
-12.874221564169575,23.284832261645178,3-1-1,Western Sahara
-13.118754441774712,22.771220201096256,3-1-1,Western Sahara
-12.929101935263532,21.327070624267563,3-1-1,Western Sahara
-16.845193650773993,21.33332347257488,3-1-1,Western Sahara
-17.06342322434257,20.999752102130827,3-1-1,Western Sahara
-17.02042843267577,21.422310288981578,3-1-1,Western Sahara
-17.00296179856109,21.420734157796577,3-1-1,Western Sahara
-14.750954555713534,21.500600083903663,3-1-1,Western Sahara
-14.630832688851072,21.860939846274903,3-1-1,Western Sahara
-14.221167771857253,22.31016307218816,3-1-1,Western Sahara
-13.891110398809047,23.691009019459305,3-1-1,Western Sahara
-12.50096269372537,24.7701162785782,3-1-1,Western Sahara
-12.03075883630163,26.030866197203068,3-1-1,Western Sahara
-11.718219773800357,26.104091701760623,3-1-1,Western Sahara
-11.392554897497007,26.883423977154393,3-1-1,Western Sahara
-10.551262579785273,26.990807603456886,3-1-1,Western Sahara
-10.189424200877582,26.860944729107405,3-1-1,Western Sahara
-9.735343390328879,26.860944729107405,3-1-1,Western Sahara
-9.41303748212448,27.088476060488574,3-1-1,Western Sahara
-8.794883999049077,27.120696316022507,3-1-1,Western Sahara
-8.817828334986672,27.656425889592356,3-1-1,Western Sahara
-8.665589565454809,27.656425889592356,3-1-1,Western Sahara
-122.84000000000003,49.000000000000114,4-1-1,Canada
-122.97421000000001,49.00253777777778,4-1-1,Canada
-124.91024,49.98456,4-1-1,Canada
-125.62461,50.416560000000004,4-1-1,Canada
-127.43561000000001,50.83061,4-1-1,Canada
-127.99276,51.71583,4-1-1,Canada
-127.85032,52.32961,4-1-1,Canada
-129.12979,52.75538,4-1-1,Canada
-129.30523,53.561589999999995,4-1-1,Canada
-130.51497,54.28757,4-1-1,Canada
-130.53610895273684,54.80275447679924,4-1-1,Canada
-130.53611,54.802780000000006,4-1-1,Canada
-129.98,55.285000000000004,4-1-1,Canada
-130.00778000000003,55.915830000000085,4-1-1,Canada
-131.70781,56.55212,4-1-1,Canada
-132.73042,57.692890000000006,4-1-1,Canada
-133.35556000000003,58.41028000000001,4-1-1,Canada
-134.27111000000002,58.86111000000005,4-1-1,Canada
-134.94500000000005,59.2705600000001,4-1-1,Canada
-135.47583,59.787780000000005,4-1-1,Canada
-136.47972000000004,59.46389000000005,4-1-1,Canada
-137.4525,58.905,4-1-1,Canada
-138.34089,59.562110000000004,4-1-1,Canada
-139.03900000000002,60,4-1-1,Canada
-140.013,60.27682000000001,4-1-1,Canada
-140.99778,60.30639000000001,4-1-1,Canada
-140.9925,66.00003000000001,4-1-1,Canada
-140.986,69.712,4-1-1,Canada
-140.98598761037601,69.71199839952635,4-1-1,Canada
-139.12052,69.47102,4-1-1,Canada
-137.54636000000002,68.99002,4-1-1,Canada
-136.50358,68.89804,4-1-1,Canada
-135.62576,69.31512000000001,4-1-1,Canada
-134.41464000000002,69.62743,4-1-1,Canada
-132.92925000000002,69.50534,4-1-1,Canada
-131.43135999999998,69.94451,4-1-1,Canada
-129.79471,70.19369,4-1-1,Canada
-129.10773,69.77927000000001,4-1-1,Canada
-128.36156,70.01286,4-1-1,Canada
-128.13817,70.48384,4-1-1,Canada
-127.44712000000001,70.37721,4-1-1,Canada
-125.75632000000002,69.48058,4-1-1,Canada
-124.42483,70.1584,4-1-1,Canada
-124.28968,69.39968999999999,4-1-1,Canada
-123.06108,69.56372,4-1-1,Canada
-122.6835,69.85553,4-1-1,Canada
-121.47226,69.79778,4-1-1,Canada
-119.94288,69.37786,4-1-1,Canada
-117.60268,69.01128,4-1-1,Canada
-116.22643,68.84151,4-1-1,Canada
-115.24690000000001,68.90591,4-1-1,Canada
-113.89793999999999,68.3989,4-1-1,Canada
-115.30489,67.90261000000001,4-1-1,Canada
-113.49727,67.68815000000001,4-1-1,Canada
-110.798,67.80611999999999,4-1-1,Canada
-109.94619,67.98104000000001,4-1-1,Canada
-108.8802,67.38144,4-1-1,Canada
-107.79239,67.88736,4-1-1,Canada
-108.81299,68.31164,4-1-1,Canada
-108.16721000000001,68.65392,4-1-1,Canada
-106.95,68.7,4-1-1,Canada
-106.15,68.8,4-1-1,Canada
-105.34282000000002,68.56122,4-1-1,Canada
-104.33791000000001,68.018,4-1-1,Canada
-103.22115000000001,68.09775,4-1-1,Canada
-101.45433,67.64689,4-1-1,Canada
-99.90195,67.80566,4-1-1,Canada
-98.4432,67.78165,4-1-1,Canada
-98.5586,68.40394,4-1-1,Canada
-97.66948000000001,68.57864000000001,4-1-1,Canada
-96.11991,68.23939,4-1-1,Canada
-96.12588,67.29338,4-1-1,Canada
-95.48943,68.0907,4-1-1,Canada
-94.685,68.06383,4-1-1,Canada
-94.23282000000002,69.06903000000001,4-1-1,Canada
-95.30408,69.68571,4-1-1,Canada
-96.47131,70.08976,4-1-1,Canada
-96.39115,71.194820000000007,4-1-1,Canada
-95.2088,71.92053,4-1-1,Canada
-93.88997,71.76015,4-1-1,Canada
-92.87818,71.31869,4-1-1,Canada
-91.51964000000001,70.19129000000001,4-1-1,Canada
-92.40692000000001,69.69997000000001,4-1-1,Canada
-90.5471,69.49766,4-1-1,Canada
-90.55151000000001,68.47499,4-1-1,Canada
-89.21515,69.25873,4-1-1,Canada
-88.01966,68.61508,4-1-1,Canada
-88.31748999999999,67.87338000000001,4-1-1,Canada
-87.35017,67.19872,4-1-1,Canada
-86.30606999999999,67.92146,4-1-1,Canada
-85.57664,68.78456,4-1-1,Canada
-85.52197,69.88211,4-1-1,Canada
-84.10081000000001,69.80539,4-1-1,Canada
-82.62258,69.65826,4-1-1,Canada
-81.28043000000001,69.16202000000001,4-1-1,Canada
-81.22019999999999,68.66567,4-1-1,Canada
-81.96436000000001,68.13253,4-1-1,Canada
-81.25928,67.59716,4-1-1,Canada
-81.38653000000001,67.11078,4-1-1,Canada
-83.34456,66.41154,4-1-1,Canada
-84.73542,66.2573,4-1-1,Canada
-85.76943,66.55833,4-1-1,Canada
-86.06760000000001,66.05625,4-1-1,Canada
-87.03143,65.21297,4-1-1,Canada
-87.32324,64.77563,4-1-1,Canada
-88.48296,64.09897000000001,4-1-1,Canada
-89.91444,64.03273,4-1-1,Canada
-90.70398,63.610170000000004,4-1-1,Canada
-90.77004000000001,62.960210000000004,4-1-1,Canada
-91.93342,62.83508,4-1-1,Canada
-93.15698,62.02469000000001,4-1-1,Canada
-94.24153,60.89865,4-1-1,Canada
-94.62930999999999,60.11021,4-1-1,Canada
-94.6846,58.94882,4-1-1,Canada
-93.21502000000001,58.78212,4-1-1,Canada
-92.76462000000001,57.84571,4-1-1,Canada
-92.29702999999999,57.08709,4-1-1,Canada
-90.89769,57.28468,4-1-1,Canada
-89.03953,56.85172,4-1-1,Canada
-88.03978000000001,56.47162,4-1-1,Canada
-87.32421,55.999140000000004,4-1-1,Canada
-86.07121,55.72383,4-1-1,Canada
-85.01181000000001,55.302600000000005,4-1-1,Canada
-83.36055,55.24489,4-1-1,Canada
-82.27285,55.14832,4-1-1,Canada
-82.43620000000001,54.282270000000004,4-1-1,Canada
-82.12502,53.27703,4-1-1,Canada
-81.40075,52.157880000000006,4-1-1,Canada
-79.91289,51.208420000000004,4-1-1,Canada
-79.14301,51.533930000000005,4-1-1,Canada
-78.60191,52.56208,4-1-1,Canada
-79.12421,54.14145,4-1-1,Canada
-79.829580000000007,54.66772,4-1-1,Canada
-78.22874,55.136449999999996,4-1-1,Canada
-77.0956,55.83741,4-1-1,Canada
-76.54137,56.53423000000001,4-1-1,Canada
-76.62319000000001,57.20263,4-1-1,Canada
-77.30226,58.05209,4-1-1,Canada
-78.51688,58.80458,4-1-1,Canada
-77.33676,59.852610000000006,4-1-1,Canada
-77.77272,60.75788000000001,4-1-1,Canada
-78.10687,62.31964000000001,4-1-1,Canada
-77.41067,62.55053,4-1-1,Canada
-75.69621000000001,62.2784,4-1-1,Canada
-74.6682,62.181110000000004,4-1-1,Canada
-73.83988000000001,62.4438,4-1-1,Canada
-72.90853,62.10507,4-1-1,Canada
-71.67708,61.52535,4-1-1,Canada
-71.37369000000001,61.137170000000005,4-1-1,Canada
-69.59042,61.06141,4-1-1,Canada
-69.62033,60.221250000000005,4-1-1,Canada
-69.28790000000001,58.95736,4-1-1,Canada
-68.37455,58.80106,4-1-1,Canada
-67.64976,58.21206,4-1-1,Canada
-66.20178,58.76731,4-1-1,Canada
-65.24517,59.87071,4-1-1,Canada
-64.58352000000001,60.33558,4-1-1,Canada
-63.804750000000006,59.442600000000006,4-1-1,Canada
-62.502359999999996,58.16708,4-1-1,Canada
-61.396550000000005,56.96745000000001,4-1-1,Canada
-61.798660000000005,56.33945,4-1-1,Canada
-60.46853,55.775479999999995,4-1-1,Canada
-59.56962,55.20407,4-1-1,Canada
-57.97508,54.94549000000001,4-1-1,Canada
-57.3332,54.6265,4-1-1,Canada
-56.93689,53.780319999999996,4-1-1,Canada
-56.15811,53.647490000000005,4-1-1,Canada
-55.75632,53.27036,4-1-1,Canada
-55.68338,52.146640000000005,4-1-1,Canada
-56.40916000000001,51.770700000000005,4-1-1,Canada
-57.12691,51.419720000000005,4-1-1,Canada
-58.77482,51.0643,4-1-1,Canada
-60.03309000000001,50.24277,4-1-1,Canada
-61.72366,50.08046,4-1-1,Canada
-63.86251,50.29099,4-1-1,Canada
-65.36331,50.2982,4-1-1,Canada
-66.39905,50.228970000000004,4-1-1,Canada
-67.23631,49.511559999999996,4-1-1,Canada
-68.51114,49.068360000000006,4-1-1,Canada
-69.95362,47.74488,4-1-1,Canada
-71.10458,46.82171,4-1-1,Canada
-70.25522,46.986059999999995,4-1-1,Canada
-68.65,48.3,4-1-1,Canada
-66.55243,49.1331,4-1-1,Canada
-65.05626,49.232780000000005,4-1-1,Canada
-64.17099,48.74248,4-1-1,Canada
-65.11545000000001,48.07085,4-1-1,Canada
-64.79854,46.99297,4-1-1,Canada
-64.47219,46.238490000000006,4-1-1,Canada
-63.17329000000001,45.73902,4-1-1,Canada
-61.520720000000004,45.883770000000005,4-1-1,Canada
-60.518150000000006,47.00793,4-1-1,Canada
-60.448600000000006,46.28264,4-1-1,Canada
-59.80287,45.9204,4-1-1,Canada
-61.03988,45.265249999999995,4-1-1,Canada
-63.254709999999996,44.67014,4-1-1,Canada
-64.24656,44.265530000000005,4-1-1,Canada
-65.36406000000001,43.54523,4-1-1,Canada
-66.1234,43.61867,4-1-1,Canada
-66.16173,44.46512,4-1-1,Canada
-64.42549,45.29204,4-1-1,Canada
-66.02605000000001,45.25931,4-1-1,Canada
-67.13741,45.13753,4-1-1,Canada
-67.79134,45.70281000000001,4-1-1,Canada
-67.79046000000001,47.066359999999996,4-1-1,Canada
-68.23444,47.354859999999974,4-1-1,Canada
-68.90500000000003,47.18500000000006,4-1-1,Canada
-69.237216,47.447781,4-1-1,Canada
-69.99997,46.69307,4-1-1,Canada
-70.305,45.915,4-1-1,Canada
-70.66,45.46,4-1-1,Canada
-71.08482000000004,45.30524000000014,4-1-1,Canada
-71.405,45.254999999999995,4-1-1,Canada
-71.50506,45.0082,4-1-1,Canada
-73.34783,45.00738,4-1-1,Canada
-74.86700000000002,45.000480000000096,4-1-1,Canada
-75.31821000000001,44.81645,4-1-1,Canada
-76.375,44.09631,4-1-1,Canada
-76.50000000000001,44.01845889375865,4-1-1,Canada
-76.82003414580558,43.628784288093755,4-1-1,Canada
-77.7378850979577,43.62905558936328,4-1-1,Canada
-78.72027991404235,43.62508942318493,4-1-1,Canada
-79.17167355011186,43.46633942318426,4-1-1,Canada
-79.01,43.27,4-1-1,Canada
-78.92,42.964999999999996,4-1-1,Canada
-78.93936214874375,42.86361135514798,4-1-1,Canada
-80.24744767934794,42.36619985612255,4-1-1,Canada
-81.27774654816716,42.209025987306816,4-1-1,Canada
-82.4392777167916,41.675105088867326,4-1-1,Canada
-82.69008928092023,41.675105088867326,4-1-1,Canada
-83.029810146807,41.83279572200598,4-1-1,Canada
-83.14199968131264,41.975681057292874,4-1-1,Canada
-83.12,42.08,4-1-1,Canada
-82.9,42.43,4-1-1,Canada
-82.42999999999999,42.980000000000004,4-1-1,Canada
-82.13764238150395,43.57108755143997,4-1-1,Canada
-82.33776312543114,44.440000000000055,4-1-1,Canada
-82.55092464875821,45.34751658790543,4-1-1,Canada
-83.59285071484311,45.81689362241252,4-1-1,Canada
-83.46955074739469,45.994686387712534,4-1-1,Canada
-83.61613094759059,46.116926988299014,4-1-1,Canada
-83.89076534700574,46.116926988299014,4-1-1,Canada
-84.0918512641615,46.27541860613826,4-1-1,Canada
-84.1421195136734,46.51222585711571,4-1-1,Canada
-84.33670000000001,46.408770000000004,4-1-1,Canada
-84.60490000000004,46.439599999999984,4-1-1,Canada
-84.54374874544584,46.538684190449146,4-1-1,Canada
-84.77923824739992,46.63710195574902,4-1-1,Canada
-84.8760798815149,46.90008331968238,4-1-1,Canada
-85.65236324740341,47.22021881773051,4-1-1,Canada
-86.46199083122826,47.553338019392,4-1-1,Canada
-87.43979262330028,47.94,4-1-1,Canada
-88.37811418328671,48.302917588893706,4-1-1,Canada
-89.27291744663665,48.01980825458281,4-1-1,Canada
-89.60000000000002,48.010000000000105,4-1-1,Canada
-90.83,48.27,4-1-1,Canada
-91.64,48.14,4-1-1,Canada
-92.61000000000001,48.44999999999993,4-1-1,Canada
-93.63087000000002,48.609260000000006,4-1-1,Canada
-94.32914000000001,48.67074,4-1-1,Canada
-94.64,48.84,4-1-1,Canada
-94.81758000000002,49.38905,4-1-1,Canada
-95.15609,49.38425000000001,4-1-1,Canada
-95.15906950917206,49,4-1-1,Canada
-97.2287200000048,49.0007,4-1-1,Canada
-100.65000000000003,49.000000000000114,4-1-1,Canada
-104.04826000000003,48.99986000000007,4-1-1,Canada
-107.05000000000001,49,4-1-1,Canada
-110.05000000000001,49,4-1-1,Canada
-113,49,4-1-1,Canada
-116.04818,49,4-1-1,Canada
-117.03121,49,4-1-1,Canada
-120,49.000000000000114,4-1-1,Canada
-122.84000000000003,49.000000000000114,4-1-1,Canada
-83.99367000000001,62.452799999999996,4-2-1,Canada
-83.25048,62.91409,4-2-1,Canada
-81.87699,62.90458,4-2-1,Canada
-81.89825,62.7108,4-2-1,Canada
-83.06857000000001,62.159220000000005,4-2-1,Canada
-83.77462000000001,62.18231,4-2-1,Canada
-83.99367000000001,62.452799999999996,4-2-1,Canada
-79.77583312988281,72.8029022216797,4-3-1,Canada
-80.87609863281251,73.33318328857422,4-3-1,Canada
-80.83388519287111,73.69318389892578,4-3-1,Canada
-80.353057861328125,73.75971984863281,4-3-1,Canada
-78.06443786621094,73.65193176269531,4-3-1,Canada
-76.34,73.10268498995305,4-3-1,Canada
-76.25140380859375,72.826385498046875,4-3-1,Canada
-77.31443786621094,72.85554504394531,4-3-1,Canada
-78.39167022705078,72.87665557861328,4-3-1,Canada
-79.4862518310547,72.74220275878906,4-3-1,Canada
-79.77583312988281,72.8029022216797,4-3-1,Canada
-80.315395,62.08556500000001,4-4-1,Canada
-79.92939,62.3856,4-4-1,Canada
-79.52002,62.363710000000005,4-4-1,Canada
-79.26582,62.158674999999995,4-4-1,Canada
-79.65752,61.63308,4-4-1,Canada
-80.09956000000001,61.71810000000001,4-4-1,Canada
-80.36215,62.016490000000005,4-4-1,Canada
-80.315395,62.08556500000001,4-4-1,Canada
-93.61275590694046,74.97999726022438,4-5-1,Canada
-94.15690873897391,74.59234650338688,4-5-1,Canada
-95.60868058956564,74.66686391875176,4-5-1,Canada
-96.82093217648455,74.92762319609658,4-5-1,Canada
-96.28858740922982,75.37782827422338,4-5-1,Canada
-94.85081987178917,75.64721751576089,4-5-1,Canada
-93.97774654821797,75.29648956979595,4-5-1,Canada
-93.61275590694046,74.97999726022438,4-5-1,Canada
-93.84000301794399,77.51999726023455,4-6-1,Canada
-94.29560828324529,77.49134267852868,4-6-1,Canada
-96.16965410031007,77.55511139597685,4-6-1,Canada
-96.43630449093614,77.83462921824362,4-6-1,Canada
-94.42257727738641,77.820004787905,4-6-1,Canada
-93.7206562975659,77.63433136668031,4-6-1,Canada
-93.84000301794399,77.51999726023455,4-6-1,Canada
-96.75439876990876,78.76581268992702,4-7-1,Canada
-95.5592779202946,78.41831452098033,4-7-1,Canada
-95.83029496944934,78.05694122996324,4-7-1,Canada
-97.30984290239799,77.85059723582181,4-7-1,Canada
-98.12428931353404,78.08285696075761,4-7-1,Canada
-98.55286780474668,78.45810537384507,4-7-1,Canada
-98.63198442258553,78.87193024363837,4-7-1,Canada
-97.33723141151266,78.83198436147676,4-7-1,Canada
-96.75439876990876,78.76581268992702,4-7-1,Canada
-88.15035030796028,74.39230703398503,4-8-1,Canada
-89.7647220527584,74.51555532500116,4-8-1,Canada
-92.42244096552946,74.83775788034099,4-8-1,Canada
-92.76828548864282,75.38681997344214,4-8-1,Canada
-92.88990597204175,75.88265534128267,4-8-1,Canada
-93.89382402217599,76.31924367950056,4-8-1,Canada
-95.9624574450358,76.4413809272224,4-8-1,Canada
-97.1213789538295,76.7510777859476,4-8-1,Canada
-96.74512285031237,77.16138865834507,4-8-1,Canada
-94.68408586299944,77.09787832305837,4-8-1,Canada
-93.57392106807313,76.77629588490605,4-8-1,Canada
-91.6050231595366,76.7785179714946,4-8-1,Canada
-90.7418458727493,76.44959747995681,4-8-1,Canada
-90.96966142450802,76.07401317005947,4-8-1,Canada
-89.82223792189926,75.84777374948565,4-8-1,Canada
-89.18708289259985,75.61016551380762,4-8-1,Canada
-87.83827633334965,75.56618886992725,4-8-1,Canada
-86.37919226758864,75.4824213731821,4-8-1,Canada
-84.78962521029058,75.69920400664653,4-8-1,Canada
-82.75344458691006,75.78431509063124,4-8-1,Canada
-81.12853084992436,75.71398346628199,4-8-1,Canada
-80.05751095245915,75.33684886341591,4-8-1,Canada
-79.83393286814837,74.92312734648716,4-8-1,Canada
-80.45777075877587,74.65730377877777,4-8-1,Canada
-81.94884253612557,74.44245901152432,4-8-1,Canada
-83.22889360221143,74.56402781849094,4-8-1,Canada
-86.09745235873332,74.41003205026117,4-8-1,Canada
-88.15035030796028,74.39230703398503,4-8-1,Canada
-111.26444332563088,78.15295604116154,4-9-1,Canada
-109.85445187054711,77.99632477488488,4-9-1,Canada
-110.18693803591302,77.69701487905034,4-9-1,Canada
-112.0511911690585,77.4092288276169,4-9-1,Canada
-113.53427893761912,77.73220652944111,4-9-1,Canada
-112.7245867582539,78.05105011668196,4-9-1,Canada
-111.26444332563088,78.15295604116154,4-9-1,Canada
-110.96366065147602,78.8044408230652,4-10-1,Canada
-109.6631457182026,78.60197256134565,4-10-1,Canada
-110.88131425661892,78.40691986765997,4-10-1,Canada
-112.54209143761516,78.4079017198735,4-10-1,Canada
-112.52589087609164,78.55055451121522,4-10-1,Canada
-111.5000103422334,78.8499935981305,4-10-1,Canada
-110.96366065147602,78.8044408230652,4-10-1,Canada
-55.600218268442056,51.31707469339794,4-11-1,Canada
-56.13403581401709,50.68700979267928,4-11-1,Canada
-56.795881720595276,49.81230866149089,4-11-1,Canada
-56.14310502788433,50.15011749938286,4-11-1,Canada
-55.471492275603,49.93581533466846,4-11-1,Canada
-55.82240108908096,49.58712860777905,4-11-1,Canada
-54.935142584845636,49.3130109726868,4-11-1,Canada
-54.473775397343786,49.556691189159125,4-11-1,Canada
-53.47654944519137,49.24913890237404,4-11-1,Canada
-53.786013759971254,48.516780503933624,4-11-1,Canada
-53.08613399922626,48.68780365660358,4-11-1,Canada
-52.958648240762216,48.15716421161447,4-11-1,Canada
-52.64809872090421,47.53554840757552,4-11-1,Canada
-53.069158291218386,46.65549876564492,4-11-1,Canada
-53.521456264853,46.61829173439477,4-11-1,Canada
-54.17893551290251,46.80706574155698,4-11-1,Canada
-53.9618686590605,47.62520701760193,4-11-1,Canada
-54.24048214376214,47.752279364607645,4-11-1,Canada
-55.40077307801157,46.884993801453135,4-11-1,Canada
-55.99748084168583,46.919720363953275,4-11-1,Canada
-55.29121904155279,47.38956248635099,4-11-1,Canada
-56.250798712780586,47.632545070987376,4-11-1,Canada
-57.32522925477708,47.57280711525797,4-11-1,Canada
-59.26601518414682,47.60334788674247,4-11-1,Canada
-59.419494188053676,47.899453843774886,4-11-1,Canada
-58.79658647320744,48.25152537697942,4-11-1,Canada
-59.23162451845657,48.52318838153781,4-11-1,Canada
-58.3918049790652,49.12558055276418,4-11-1,Canada
-57.35868974468606,50.71827403421587,4-11-1,Canada
-56.738650071832026,51.28743825947855,4-11-1,Canada
-55.87097693543532,51.63209422464921,4-11-1,Canada
-55.40697424988659,51.5882726100657,4-11-1,Canada
-55.600218268442056,51.31707469339794,4-11-1,Canada
-83.88262630891977,65.10961782496354,4-12-1,Canada
-82.78757687043883,64.76669302027467,4-12-1,Canada
-81.6420137193926,64.45513580998697,4-12-1,Canada
-81.55344031444432,63.97960928003714,4-12-1,Canada
-80.81736121287886,64.057485663501,4-12-1,Canada
-80.10345130076664,63.72598135034862,4-12-1,Canada
-80.99101986359572,63.41124603947496,4-12-1,Canada
-82.54717810741704,63.65172231714521,4-12-1,Canada
-83.10879757356511,64.10187571883971,4-12-1,Canada
-84.10041663281388,63.569711819098,4-12-1,Canada
-85.52340471061905,63.052379055424055,4-12-1,Canada
-85.8667687649824,63.63725291610349,4-12-1,Canada
-87.22198320183678,63.54123810490519,4-12-1,Canada
-86.35275977247133,64.0358332383707,4-12-1,Canada
-86.2248864407651,64.82291697860823,4-12-1,Canada
-85.88384782585486,65.7387783881171,4-12-1,Canada
-85.1613079495499,65.6572846543928,4-12-1,Canada
-84.97576371940592,65.21751821558898,4-12-1,Canada
-84.4640120104195,65.37177236598022,4-12-1,Canada
-83.88262630891977,65.10961782496354,4-12-1,Canada
-78.77063859731078,72.35217316353418,4-13-1,Canada
-77.8246239895596,72.74961660429098,4-13-1,Canada
-75.60584469267573,72.2436784939374,4-13-1,Canada
-74.228616095665,71.76714427355789,4-13-1,Canada
-74.09914079455771,71.33084015571758,4-13-1,Canada
-72.24222571479768,71.55692454699452,4-13-1,Canada
-71.20001542833518,70.92001251899718,4-13-1,Canada
-68.7860542466849,70.52502370877427,4-13-1,Canada
-67.91497046575694,70.12194753689765,4-13-1,Canada
-66.9690333726542,69.18608734809182,4-13-1,Canada
-68.8051228502006,68.72019847276444,4-13-1,Canada
-66.4498660956339,68.06716339789203,4-13-1,Canada
-64.86231441919524,67.84753856065159,4-13-1,Canada
-63.424934454996794,66.92847321234059,4-13-1,Canada
-61.851981370680605,66.86212067327783,4-13-1,Canada
-62.16317684594226,66.16025136988962,4-13-1,Canada
-63.918444383384184,64.9986685248329,4-13-1,Canada
-65.14886023625368,65.42603261988667,4-13-1,Canada
-66.72121904159852,66.38804108343219,4-13-1,Canada
-68.015016038674,66.26272573512439,4-13-1,Canada
-68.1412874009792,65.68978913030439,4-13-1,Canada
-67.08964616562342,65.10845510523696,4-13-1,Canada
-65.73208045109976,64.64840566675856,4-13-1,Canada
-65.32016760930125,64.38273712834605,4-13-1,Canada
-64.66940629744968,63.392926744227495,4-13-1,Canada
-65.01380388045888,62.67418508569598,4-13-1,Canada
-66.27504472519048,62.94509878198612,4-13-1,Canada
-68.7831862046927,63.74567007105183,4-13-1,Canada
-67.36968075221309,62.88396556258484,4-13-1,Canada
-66.32829728866726,62.28007477482201,4-13-1,Canada
-66.16556820338015,61.93089712182582,4-13-1,Canada
-68.87736650254465,62.330149237712824,4-13-1,Canada
-71.02343705919385,62.91070811629588,4-13-1,Canada
-72.23537858751902,63.39783600529522,4-13-1,Canada
-71.88627844917127,63.67998932560887,4-13-1,Canada
-73.37830624051838,64.19396312118384,4-13-1,Canada
-74.83441891142263,64.6790756293238,4-13-1,Canada
-74.81850257027673,64.38909332951793,4-13-1,Canada
-77.70997982452008,64.22954234481678,4-13-1,Canada
-78.5559488593542,64.57290639918013,4-13-1,Canada
-77.89728105336198,65.30919220647475,4-13-1,Canada
-76.01827429879717,65.32696889918314,4-13-1,Canada
-73.95979529488268,65.45476471624094,4-13-1,Canada
-74.29388342964964,65.81177134872938,4-13-1,Canada
-73.94491248238262,66.31057811142666,4-13-1,Canada
-72.65116716173942,67.28457550726391,4-13-1,Canada
-72.92605994331605,67.72692576768235,4-13-1,Canada
-73.31161780464572,68.06943716091287,4-13-1,Canada
-74.84330725777684,68.55462718370127,4-13-1,Canada
-76.86910091826672,68.89473562283025,4-13-1,Canada
-76.22864905465738,69.14776927354741,4-13-1,Canada
-77.28736996123715,69.76954010688321,4-13-1,Canada
-78.1686339993266,69.82648753526887,4-13-1,Canada
-78.95724219431673,70.16688019477543,4-13-1,Canada
-79.49245500356366,69.87180776638884,4-13-1,Canada
-81.30547095409176,69.74318512641436,4-13-1,Canada
-84.94470618359851,69.96663401964442,4-13-1,Canada
-87.060003424817893,70.26000112576538,4-13-1,Canada
-88.68171322300148,70.4107412787608,4-13-1,Canada
-89.51341956252303,70.76203766548095,4-13-1,Canada
-88.46772111688082,71.21818553332132,4-13-1,Canada
-89.88815121128755,71.22255219184997,4-13-1,Canada
-90.20516028518205,72.23507436796079,4-13-1,Canada
-89.436576707705,73.12946421985238,4-13-1,Canada
-88.40824154331287,73.53788890247121,4-13-1,Canada
-85.82615108920098,73.80381582304518,4-13-1,Canada
-86.56217851433412,73.15744700793844,4-13-1,Canada
-85.77437130404454,72.53412588163387,4-13-1,Canada
-84.85011247428822,73.34027822538708,4-13-1,Canada
-82.31559017610101,73.7509508328106,4-13-1,Canada
-80.60008765330768,72.71654368762417,4-13-1,Canada
-80.74894161652443,72.06190664335072,4-13-1,Canada
-78.77063859731078,72.35217316353418,4-13-1,Canada
-94.50365759965237,74.13490672473922,4-14-1,Canada
-92.42001217321173,74.1000251329422,4-14-1,Canada
-90.50979285354263,73.85673248971206,4-14-1,Canada
-92.00396521682987,72.96624420845852,4-14-1,Canada
-93.19629553910026,72.77199249947334,4-14-1,Canada
-94.26904659704726,72.02459625923599,4-14-1,Canada
-95.40985551632266,72.06188080513458,4-14-1,Canada
-96.03374508338244,72.94027680123183,4-14-1,Canada
-96.01826799191102,73.43742991809582,4-14-1,Canada
-95.49579342322404,73.86241689726417,4-14-1,Canada
-94.50365759965237,74.13490672473922,4-14-1,Canada
-122.85492448615902,76.11654287383568,4-15-1,Canada
-122.85492529360326,76.11654287383568,4-15-1,Canada
-121.15753536032824,76.86450755482828,4-15-1,Canada
-119.1039389718211,77.51221995717462,4-15-1,Canada
-117.570130784966,77.4983189968881,4-15-1,Canada
-116.19858659550738,77.6452867703262,4-15-1,Canada
-116.33581336145845,76.87696157501061,4-15-1,Canada
-117.10605058476882,76.53003184681911,4-15-1,Canada
-118.04041215703819,76.48117178008714,4-15-1,Canada
-119.89931758688572,76.053213406062,4-15-1,Canada
-121.49999507712648,75.90001862253276,4-15-1,Canada
-122.85492448615902,76.11654287383568,4-15-1,Canada
-132.71000788443126,54.04000931542356,4-16-1,Canada
-131.74998958400334,54.12000438090922,4-16-1,Canada
-132.049480347351,52.98462148702447,4-16-1,Canada
-131.1790425218266,52.180432847698285,4-16-1,Canada
-131.57782954982298,52.18237071390928,4-16-1,Canada
-132.18042842677852,52.639707139692405,4-16-1,Canada
-132.54999243231384,53.100014960332146,4-16-1,Canada
-133.05461117875552,53.411468817755406,4-16-1,Canada
-133.2396644827927,53.851080227262344,4-16-1,Canada
-133.1800040417117,54.169975490935315,4-16-1,Canada
-132.71000788443126,54.04000931542356,4-16-1,Canada
-105.4922891914932,79.30159393992916,4-17-1,Canada
-103.52928239623795,79.16534902619163,4-17-1,Canada
-100.8251580472688,78.80046173777872,4-17-1,Canada
-100.0601918200522,78.32475434031589,4-17-1,Canada
-99.67093909381364,77.90754466420744,4-17-1,Canada
-101.30394019245301,78.01898489044486,4-17-1,Canada
-102.94980872273302,78.34322866486023,4-17-1,Canada
-105.17613277873151,78.3803323432458,4-17-1,Canada
-104.21042945027713,78.67742015249176,4-17-1,Canada
-105.41958045125853,78.91833567983649,4-17-1,Canada
-105.4922891914932,79.30159393992916,4-17-1,Canada
-123.51000158755119,48.51001089130341,4-18-1,Canada
-124.01289078839955,48.37084625914139,4-18-1,Canada
-125.65501277733838,48.8250045843385,4-18-1,Canada
-125.95499446679275,49.17999583596759,4-18-1,Canada
-126.85000443587185,49.53000031188043,4-18-1,Canada
-127.02999344954443,49.81499583597008,4-18-1,Canada
-128.0593363043662,49.9949590114266,4-18-1,Canada
-128.44458410710214,50.539137681676095,4-18-1,Canada
-128.35841365625546,50.77064809834371,4-18-1,Canada
-127.30858109602994,50.552573554071955,4-18-1,Canada
-126.69500097721235,50.400903225295394,4-18-1,Canada
-125.7550066738232,50.29501821552935,4-18-1,Canada
-125.4150015875588,49.95000051533259,4-18-1,Canada
-124.92076818911934,49.475274970083376,4-18-1,Canada
-123.92250870832106,49.06248362893581,4-18-1,Canada
-123.51000158755119,48.51001089130341,4-18-1,Canada
-121.53787999999997,74.44893000000002,4-19-1,Canada
-120.10978,74.24135000000001,4-19-1,Canada
-117.55563999999993,74.18576999999993,4-19-1,Canada
-116.58442000000002,73.89607000000007,4-19-1,Canada
-115.51080999999999,73.47519,4-19-1,Canada
-116.76793999999995,73.22291999999999,4-19-1,Canada
-119.22000000000003,72.51999999999998,4-19-1,Canada
-120.45999999999998,71.82000000000005,4-19-1,Canada
-120.45999999999998,71.38360179308756,4-19-1,Canada
-123.09218999999996,70.90164000000004,4-19-1,Canada
-123.62,71.34000000000009,4-19-1,Canada
-125.92894873747338,71.86868846301138,4-19-1,Canada
-125.49999999999994,72.29226081179502,4-19-1,Canada
-124.80729000000002,73.02255999999994,4-19-1,Canada
-123.93999999999994,73.68000000000012,4-19-1,Canada
-124.91774999999996,74.29275000000013,4-19-1,Canada
-121.53787999999997,74.44893000000002,4-19-1,Canada
-107.81943000000001,75.84552000000001,4-20-1,Canada
-106.92893000000001,76.01282,4-20-1,Canada
-105.881,75.96940000000001,4-20-1,Canada
-105.70498,75.47951,4-20-1,Canada
-106.31347000000001,75.00527,4-20-1,Canada
-109.70000000000002,74.85000000000001,4-20-1,Canada
-112.22306999999999,74.41696,4-20-1,Canada
-113.74381,74.39427,4-20-1,Canada
-113.87135,74.72029,4-20-1,Canada
-111.79420999999999,75.16250000000001,4-20-1,Canada
-116.31221,75.04343,4-20-1,Canada
-117.7104,75.2222,4-20-1,Canada
-116.34602000000001,76.19903000000001,4-20-1,Canada
-115.40487,76.47887,4-20-1,Canada
-112.59056000000001,76.14134,4-20-1,Canada
-110.81422,75.54919,4-20-1,Canada
-109.06710000000001,75.47321000000001,4-20-1,Canada
-110.49726000000001,76.42982,4-20-1,Canada
-109.58109999999999,76.79417,4-20-1,Canada
-108.54858999999999,76.67832000000001,4-20-1,Canada
-108.21141,76.20168000000001,4-20-1,Canada
-107.81943000000001,75.84552000000001,4-20-1,Canada
-106.52258999999992,73.07601,4-21-1,Canada
-105.40245999999996,72.67259000000007,4-21-1,Canada
-104.77484000000004,71.6984000000001,4-21-1,Canada
-104.4647599999999,70.99297000000007,4-21-1,Canada
-102.78537,70.49776000000003,4-21-1,Canada
-100.98077999999992,70.02431999999999,4-21-1,Canada
-101.08928999999995,69.58447000000012,4-21-1,Canada
-102.73115999999993,69.50402000000003,4-21-1,Canada
-102.09329000000002,69.11962000000011,4-21-1,Canada
-102.43024000000003,68.75281999999999,4-21-1,Canada
-104.24000000000001,68.91000000000008,4-21-1,Canada
-105.96000000000004,69.18000000000012,4-21-1,Canada
-107.12254000000001,69.11922000000004,4-21-1,Canada
-108.99999999999994,68.78000000000003,4-21-1,Canada
-111.53414887520017,68.63005915681794,4-21-1,Canada
-113.31320000000005,68.53553999999997,4-21-1,Canada
-113.85495999999989,69.00744000000009,4-21-1,Canada
-115.22000000000003,69.28000000000009,4-21-1,Canada
-116.10793999999999,69.16821000000004,4-21-1,Canada
-117.34000000000003,69.9600000000001,4-21-1,Canada
-116.67472999999995,70.06655,4-21-1,Canada
-115.13112000000001,70.23730000000006,4-21-1,Canada
-113.72140999999999,70.1923700000001,4-21-1,Canada
-112.41610000000003,70.36637999999999,4-21-1,Canada
-114.35000000000002,70.60000000000002,4-21-1,Canada
-116.48684000000003,70.52044999999998,4-21-1,Canada
-117.90480000000002,70.54056000000014,4-21-1,Canada
-118.43238000000002,70.90920000000006,4-21-1,Canada
-116.11311,71.30917999999997,4-21-1,Canada
-117.65567999999996,71.29520000000002,4-21-1,Canada
-119.40199000000001,71.55858999999998,4-21-1,Canada
-118.56266999999997,72.30785000000003,4-21-1,Canada
-117.86641999999995,72.70594000000006,4-21-1,Canada
-115.18909000000002,73.31459000000012,4-21-1,Canada
-114.16716999999994,73.1214500000001,4-21-1,Canada
-114.66633999999999,72.65277000000009,4-21-1,Canada
-112.44101999999992,72.95540000000011,4-21-1,Canada
-111.05039,72.45040000000006,4-21-1,Canada
-109.92034999999993,72.96113000000008,4-21-1,Canada
-109.00653999999997,72.63335000000001,4-21-1,Canada
-108.18834999999996,71.65089,4-21-1,Canada
-107.68599,72.0654800000001,4-21-1,Canada
-108.39639,73.08953000000008,4-21-1,Canada
-107.51645000000002,73.23597999999998,4-21-1,Canada
-106.52258999999992,73.07601,4-21-1,Canada
-100.43836,72.70588000000001,4-22-1,Canada
-101.54,73.36,4-22-1,Canada
-100.35642000000001,73.84389,4-22-1,Canada
-99.16387,73.63339,4-22-1,Canada
-97.38,73.76,4-22-1,Canada
-97.12,73.47,4-22-1,Canada
-98.05359,72.99052,4-22-1,Canada
-96.54,72.56,4-22-1,Canada
-96.72000000000001,71.66,4-22-1,Canada
-98.35966,71.27284999999999,4-22-1,Canada
-99.32286,71.35639,4-22-1,Canada
-100.01482,71.73827,4-22-1,Canada
-102.5,72.51,4-22-1,Canada
-102.48000000000002,72.83000000000001,4-22-1,Canada
-100.43836,72.70588000000001,4-22-1,Canada
-106.6,73.60000000000001,4-23-1,Canada
-105.26,73.64,4-23-1,Canada
-104.5,73.42,4-23-1,Canada
-105.38000000000001,72.76,4-23-1,Canada
-106.94,73.46000000000001,4-23-1,Canada
-106.6,73.60000000000001,4-23-1,Canada
-98.50000000000001,76.72,4-24-1,Canada
-97.735585,76.25656000000001,4-24-1,Canada
-97.70441500000001,75.74344,4-24-1,Canada
-98.16000000000001,75,4-24-1,Canada
-99.80874,74.89744,4-24-1,Canada
-100.88365999999999,75.05736,4-24-1,Canada
-100.86292000000002,75.64075,4-24-1,Canada
-102.50209,75.5638,4-24-1,Canada
-102.56552,76.3366,4-24-1,Canada
-101.48973,76.30537,4-24-1,Canada
-99.98349,76.64634,4-24-1,Canada
-98.57699,76.58859,4-24-1,Canada
-98.50000000000001,76.72,4-24-1,Canada
-96.01644,80.60233000000001,4-25-1,Canada
-95.32345000000001,80.90729,4-25-1,Canada
-94.29843,80.97727,4-25-1,Canada
-94.73542,81.20646000000002,4-25-1,Canada
-92.40983999999999,81.25739000000003,4-25-1,Canada
-91.13288999999999,80.72345000000003,4-25-1,Canada
-89.45000000000002,80.50932203389831,4-25-1,Canada
-87.81,80.32000000000001,4-25-1,Canada
-87.02000000000001,79.66000000000001,4-25-1,Canada
-85.81435,79.3369,4-25-1,Canada
-87.18755999999999,79.0393,4-25-1,Canada
-89.03535000000001,78.28723,4-25-1,Canada
-90.80436,78.21533000000001,4-25-1,Canada
-92.87669000000001,78.34333000000001,4-25-1,Canada
-93.95116000000002,78.75099,4-25-1,Canada
-93.93574,79.11373,4-25-1,Canada
-93.14524,79.3801,4-25-1,Canada
-94.974,79.37248,4-25-1,Canada
-96.07614000000001,79.70502,4-25-1,Canada
-96.70972,80.15777,4-25-1,Canada
-96.01644,80.60233000000001,4-25-1,Canada
-91.58702000000001,81.89429000000001,4-26-1,Canada
-90.10000000000001,82.08500000000004,4-26-1,Canada
-88.93227,82.11751000000001,4-26-1,Canada
-86.97024,82.27961,4-26-1,Canada
-85.5,82.65227345805702,4-26-1,Canada
-84.260005,82.60000000000001,4-26-1,Canada
-83.18,82.32,4-26-1,Canada
-82.42,82.86000000000001,4-26-1,Canada
-81.1,83.02,4-26-1,Canada
-79.30664,83.13056,4-26-1,Canada
-76.25,83.17205882352941,4-26-1,Canada
-75.71878000000001,83.06404000000002,4-26-1,Canada
-72.83153,83.23324000000001,4-26-1,Canada
-70.66576500000001,83.16978075838284,4-26-1,Canada
-68.50000000000001,83.10632151676572,4-26-1,Canada
-65.82735,83.02801000000001,4-26-1,Canada
-63.68,82.9,4-26-1,Canada
-61.85,82.62860000000002,4-26-1,Canada
-61.89388,82.36165000000001,4-26-1,Canada
-64.334,81.92775000000002,4-26-1,Canada
-66.75342,81.72527000000001,4-26-1,Canada
-67.65755,81.50141,4-26-1,Canada
-65.48031,81.50657000000002,4-26-1,Canada
-67.84,80.90000000000003,4-26-1,Canada
-69.4697,80.61683000000001,4-26-1,Canada
-71.18,79.8,4-26-1,Canada
-73.2428,79.63415,4-26-1,Canada
-73.88000000000001,79.43016220480206,4-26-1,Canada
-76.90773,79.32309000000001,4-26-1,Canada
-75.52924,79.19766000000001,4-26-1,Canada
-76.22046,79.01907,4-26-1,Canada
-75.39345,78.52581,4-26-1,Canada
-76.34354,78.18296000000001,4-26-1,Canada
-77.88851000000001,77.89991,4-26-1,Canada
-78.36269,77.50859000000001,4-26-1,Canada
-79.75951,77.20967999999999,4-26-1,Canada
-79.61965000000001,76.98336,4-26-1,Canada
-77.91089000000001,77.022045,4-26-1,Canada
-77.88911,76.777955,4-26-1,Canada
-80.56125,76.17812,4-26-1,Canada
-83.17439,76.45403,4-26-1,Canada
-86.11184,76.29901000000001,4-26-1,Canada
-87.60000000000001,76.42,4-26-1,Canada
-89.49068,76.47239,4-26-1,Canada
-89.6161,76.95213000000001,4-26-1,Canada
-87.76739,77.17833,4-26-1,Canada
-88.26,77.9,4-26-1,Canada
-87.65,77.97022222222223,4-26-1,Canada
-84.97634,77.53873,4-26-1,Canada
-86.34,78.18,4-26-1,Canada
-87.96191999999999,78.37181,4-26-1,Canada
-87.15198000000001,78.75867,4-26-1,Canada
-85.37868,78.99690000000001,4-26-1,Canada
-85.09495,79.34543000000001,4-26-1,Canada
-86.50734,79.73624,4-26-1,Canada
-86.93179,80.25145,4-26-1,Canada
-84.19844,80.20836,4-26-1,Canada
-83.40869565217389,80.10000000000001,4-26-1,Canada
-81.84823,80.46442,4-26-1,Canada
-84.1,80.58,4-26-1,Canada
-87.59895,80.51627,4-26-1,Canada
-89.36663,80.85569000000001,4-26-1,Canada
-90.2,81.26,4-26-1,Canada
-91.36786000000001,81.5531,4-26-1,Canada
-91.58702000000001,81.89429000000001,4-26-1,Canada
-75.21597,67.44425,4-27-1,Canada
-75.86588,67.14886,4-27-1,Canada
-76.98687,67.09873,4-27-1,Canada
-77.2364,67.58809000000001,4-27-1,Canada
-76.81166,68.14856,4-27-1,Canada
-75.89521,68.28721,4-27-1,Canada
-75.11449999999999,68.01035999999999,4-27-1,Canada
-75.10333,67.58202,4-27-1,Canada
-75.21597,67.44425,4-27-1,Canada
-96.25740120380055,69.49003035832177,4-28-1,Canada
-95.64768120380054,69.10769035832178,4-28-1,Canada
-96.26952120380055,68.75704035832177,4-28-1,Canada
-97.61740120380055,69.06003035832177,4-28-1,Canada
-98.43180120380055,68.95070035832177,4-28-1,Canada
-99.79740120380055,69.40003035832177,4-28-1,Canada
-98.91740120380055,69.71003035832177,4-28-1,Canada
-98.21826120380055,70.14354035832177,4-28-1,Canada
-97.15740120380055,69.86003035832177,4-28-1,Canada
-96.55740120380055,69.68003035832177,4-28-1,Canada
-96.25740120380055,69.49003035832177,4-28-1,Canada
-64.51912,49.87304,4-29-1,Canada
-64.17322,49.95718,4-29-1,Canada
-62.858290000000004,49.70641,4-29-1,Canada
-61.835584999999995,49.28855,4-29-1,Canada
-61.806304999999995,49.10506000000001,4-29-1,Canada
-62.29318,49.08717,4-29-1,Canada
-63.589259999999996,49.400690000000004,4-29-1,Canada
-64.51912,49.87304,4-29-1,Canada
-64.01486,47.03601,4-30-1,Canada
-63.6645,46.55001,4-30-1,Canada
-62.9393,46.41587,4-30-1,Canada
-62.012080000000005,46.44314,4-30-1,Canada
-62.503910000000005,46.033390000000004,4-30-1,Canada
-62.87433,45.968180000000004,4-30-1,Canada
-64.14280000000001,46.39265,4-30-1,Canada
-64.39261,46.72747,4-30-1,Canada
-64.01486,47.03601,4-30-1,Canada
-122.84000000000003,49.000000000000114,5-1-1,United States
-120,49.000000000000114,5-1-1,United States
-117.03121,49,5-1-1,United States
-116.04818,49,5-1-1,United States
-113,49,5-1-1,United States
-110.05000000000001,49,5-1-1,United States
-107.05000000000001,49,5-1-1,United States
-104.04826000000003,48.99986000000007,5-1-1,United States
-100.65000000000003,49.000000000000114,5-1-1,United States
-97.2287200000048,49.0007,5-1-1,United States
-95.15906950917206,49,5-1-1,United States
-95.15609,49.38425000000001,5-1-1,United States
-94.81758000000002,49.38905,5-1-1,United States
-94.64,48.84,5-1-1,United States
-94.32914000000001,48.67074,5-1-1,United States
-93.63087000000002,48.609260000000006,5-1-1,United States
-92.61000000000001,48.44999999999993,5-1-1,United States
-91.64,48.14,5-1-1,United States
-90.83,48.27,5-1-1,United States
-89.60000000000002,48.010000000000105,5-1-1,United States
-89.27291744663665,48.01980825458281,5-1-1,United States
-88.37811418328671,48.302917588893706,5-1-1,United States
-87.43979262330028,47.94,5-1-1,United States
-86.46199083122826,47.553338019392,5-1-1,United States
-85.65236324740341,47.22021881773051,5-1-1,United States
-84.8760798815149,46.90008331968238,5-1-1,United States
-84.77923824739992,46.63710195574902,5-1-1,United States
-84.54374874544584,46.538684190449146,5-1-1,United States
-84.60490000000004,46.439599999999984,5-1-1,United States
-84.33670000000001,46.408770000000004,5-1-1,United States
-84.1421195136734,46.51222585711571,5-1-1,United States
-84.0918512641615,46.27541860613826,5-1-1,United States
-83.89076534700574,46.116926988299014,5-1-1,United States
-83.61613094759059,46.116926988299014,5-1-1,United States
-83.46955074739469,45.994686387712534,5-1-1,United States
-83.59285071484311,45.81689362241252,5-1-1,United States
-82.55092464875821,45.34751658790543,5-1-1,United States
-82.33776312543114,44.440000000000055,5-1-1,United States
-82.13764238150395,43.57108755143997,5-1-1,United States
-82.42999999999999,42.980000000000004,5-1-1,United States
-82.9,42.43,5-1-1,United States
-83.12,42.08,5-1-1,United States
-83.14199968131264,41.975681057292874,5-1-1,United States
-83.029810146807,41.83279572200598,5-1-1,United States
-82.69008928092023,41.675105088867326,5-1-1,United States
-82.4392777167916,41.675105088867326,5-1-1,United States
-81.27774654816716,42.209025987306816,5-1-1,United States
-80.24744767934794,42.36619985612255,5-1-1,United States
-78.93936214874375,42.86361135514798,5-1-1,United States
-78.92,42.964999999999996,5-1-1,United States
-79.01,43.27,5-1-1,United States
-79.17167355011186,43.46633942318426,5-1-1,United States
-78.72027991404235,43.62508942318493,5-1-1,United States
-77.7378850979577,43.62905558936328,5-1-1,United States
-76.82003414580558,43.628784288093755,5-1-1,United States
-76.50000000000001,44.01845889375865,5-1-1,United States
-76.375,44.09631,5-1-1,United States
-75.31821000000001,44.81645,5-1-1,United States
-74.86700000000002,45.000480000000096,5-1-1,United States
-73.34783,45.00738,5-1-1,United States
-71.50506,45.0082,5-1-1,United States
-71.405,45.254999999999995,5-1-1,United States
-71.08482000000004,45.30524000000014,5-1-1,United States
-70.66,45.46,5-1-1,United States
-70.305,45.915,5-1-1,United States
-69.99997,46.69307,5-1-1,United States
-69.237216,47.447781,5-1-1,United States
-68.90500000000003,47.18500000000006,5-1-1,United States
-68.23444,47.354859999999974,5-1-1,United States
-67.79046000000001,47.066359999999996,5-1-1,United States
-67.79134,45.70281000000001,5-1-1,United States
-67.13741,45.13753,5-1-1,United States
-66.96465999999998,44.809700000000134,5-1-1,United States
-68.03251999999998,44.325199999999995,5-1-1,United States
-69.05999999999995,43.980000000000075,5-1-1,United States
-70.11616999999995,43.68405000000013,5-1-1,United States
-70.64547563341102,43.09023834896402,5-1-1,United States
-70.81488999999999,42.865299999999934,5-1-1,United States
-70.82499999999999,42.33499999999998,5-1-1,United States
-70.49499999999995,41.80500000000001,5-1-1,United States
-70.07999999999998,41.78000000000003,5-1-1,United States
-70.185,42.145000000000095,5-1-1,United States
-69.88496999999995,41.92283000000009,5-1-1,United States
-69.96502999999996,41.63717000000014,5-1-1,United States
-70.63999999999999,41.47500000000002,5-1-1,United States
-71.12039000000004,41.49445000000014,5-1-1,United States
-71.8599999999999,41.32000000000005,5-1-1,United States
-72.29500000000002,41.26999999999998,5-1-1,United States
-72.87643000000003,41.220650000000035,5-1-1,United States
-73.71000000000004,40.93110235165449,5-1-1,United States
-72.24125999999995,41.119480000000124,5-1-1,United States
-71.94499999999988,40.930000000000064,5-1-1,United States
-73.34499999999997,40.63000000000005,5-1-1,United States
-73.98200000000003,40.62799999999993,5-1-1,United States
-73.95232499999997,40.75075000000004,5-1-1,United States
-74.25671,40.47351000000003,5-1-1,United States
-73.96243999999996,40.42763000000002,5-1-1,United States
-74.17838,39.70925999999997,5-1-1,United States
-74.90603999999996,38.93954000000002,5-1-1,United States
-74.98041,39.19640000000004,5-1-1,United States
-75.20002,39.248450000000105,5-1-1,United States
-75.52805000000001,39.49850000000009,5-1-1,United States
-75.32,38.960000000000036,5-1-1,United States
-75.07183476478986,38.782032230179254,5-1-1,United States
-75.05672999999996,38.40412000000009,5-1-1,United States
-75.37746999999996,38.015510000000006,5-1-1,United States
-75.94022999999999,37.21689000000009,5-1-1,United States
-76.03126999999995,37.25659999999999,5-1-1,United States
-75.72204999999985,37.93705000000011,5-1-1,United States
-76.23286999999999,38.319214999999986,5-1-1,United States
-76.35000000000002,39.14999999999998,5-1-1,United States
-76.54272499999996,38.71761500000008,5-1-1,United States
-76.32933000000003,38.08326000000005,5-1-1,United States
-76.98999793161352,38.23999176691336,5-1-1,United States
-76.30161999999996,37.91794499999992,5-1-1,United States
-76.25873999999999,36.96640000000008,5-1-1,United States
-75.97179999999997,36.89726000000002,5-1-1,United States
-75.8680399999999,36.55125000000004,5-1-1,United States
-75.72748999999999,35.55074000000013,5-1-1,United States
-76.36318,34.80854000000011,5-1-1,United States
-77.39763499999992,34.512009999999975,5-1-1,United States
-78.05496,33.92547000000002,5-1-1,United States
-78.55434999999989,33.86133000000012,5-1-1,United States
-79.06067000000002,33.493949999999984,5-1-1,United States
-79.20357000000001,33.158390000000054,5-1-1,United States
-80.30132499999996,32.509355000000085,5-1-1,United States
-80.86498,32.033300000000054,5-1-1,United States
-81.33629000000002,31.44049000000001,5-1-1,United States
-81.49041999999997,30.7299900000001,5-1-1,United States
-81.31371000000001,30.035520000000076,5-1-1,United States
-80.97999999999996,29.18000000000012,5-1-1,United States
-80.53558499999991,28.472129999999993,5-1-1,United States
-80.52999999999986,28.040000000000077,5-1-1,United States
-80.05653928497759,26.88000000000011,5-1-1,United States
-80.08801499999998,26.205764999999985,5-1-1,United States
-80.13155999999992,25.816775000000064,5-1-1,United States
-80.38103000000001,25.20616000000001,5-1-1,United States
-80.67999999999995,25.08000000000004,5-1-1,United States
-81.17212999999998,25.201260000000104,5-1-1,United States
-81.33000000000004,25.639999999999986,5-1-1,United States
-81.70999999999987,25.870000000000005,5-1-1,United States
-82.23999999999995,26.730000000000132,5-1-1,United States
-82.70515,27.495040000000074,5-1-1,United States
-82.85525999999999,27.886240000000043,5-1-1,United States
-82.64999999999998,28.550000000000125,5-1-1,United States
-82.92999999999995,29.10000000000008,5-1-1,United States
-83.70958999999999,29.936560000000043,5-1-1,United States
-84.09999999999997,30.09000000000009,5-1-1,United States
-85.10881999999998,29.636150000000043,5-1-1,United States
-85.28784000000002,29.68612000000013,5-1-1,United States
-85.7731,30.152610000000095,5-1-1,United States
-86.39999999999992,30.40000000000009,5-1-1,United States
-87.53035999999992,30.27433000000002,5-1-1,United States
-88.41781999999995,30.384900000000016,5-1-1,United States
-89.1804899999999,30.315980000000025,5-1-1,United States
-89.5938311784198,30.159994004836847,5-1-1,United States
-89.41373499999997,29.89418999999998,5-1-1,United States
-89.43,29.488639999999975,5-1-1,United States
-89.21767,29.291080000000022,5-1-1,United States
-89.40822999999995,29.159610000000043,5-1-1,United States
-89.77927999999997,29.307140000000118,5-1-1,United States
-90.15463,29.11743000000007,5-1-1,United States
-90.88022499999994,29.148535000000095,5-1-1,United States
-91.62678499999993,29.677000000000135,5-1-1,United States
-92.49905999999999,29.552300000000002,5-1-1,United States
-93.22636999999997,29.783750000000055,5-1-1,United States
-93.84841999999998,29.71363000000008,5-1-1,United States
-94.69,29.480000000000132,5-1-1,United States
-95.60025999999999,28.738630000000057,5-1-1,United States
-96.59403999999995,28.307480000000055,5-1-1,United States
-97.13999999999987,27.83000000000004,5-1-1,United States
-97.36999999999995,27.380000000000052,5-1-1,United States
-97.37999999999994,26.690000000000055,5-1-1,United States
-97.32999999999998,26.210000000000093,5-1-1,United States
-97.13999999999987,25.870000000000005,5-1-1,United States
-97.52999999999992,25.84000000000009,5-1-1,United States
-98.23999999999995,26.06000000000006,5-1-1,United States
-99.01999999999992,26.37000000000006,5-1-1,United States
-99.30000000000001,26.840000000000032,5-1-1,United States
-99.51999999999992,27.54000000000002,5-1-1,United States
-100.10999999999996,28.110000000000127,5-1-1,United States
-100.45584000000002,28.69612000000012,5-1-1,United States
-100.95759999999996,29.380710000000136,5-1-1,United States
-101.66239999999999,29.77930000000009,5-1-1,United States
-102.48000000000002,29.75999999999999,5-1-1,United States
-103.11000000000001,28.970000000000027,5-1-1,United States
-103.94,29.27000000000004,5-1-1,United States
-104.4569699999999,29.571960000000047,5-1-1,United States
-104.70574999999997,30.121730000000014,5-1-1,United States
-105.03737000000001,30.644019999999955,5-1-1,United States
-105.63159000000002,31.08383000000009,5-1-1,United States
-106.1429,31.399950000000047,5-1-1,United States
-106.50758999999988,31.754520000000014,5-1-1,United States
-108.24000000000001,31.754853718166373,5-1-1,United States
-108.24193999999994,31.342220000000054,5-1-1,United States
-109.03500000000003,31.341940000000136,5-1-1,United States
-111.02361000000002,31.334719999999948,5-1-1,United States
-113.30498,32.03914000000009,5-1-1,United States
-114.815,32.52528000000001,5-1-1,United States
-114.72138999999993,32.72082999999992,5-1-1,United States
-115.99134999999995,32.61239000000012,5-1-1,United States
-117.12775999999985,32.53533999999996,5-1-1,United States
-117.29593769127393,33.04622461520387,5-1-1,United States
-117.94400000000002,33.621236431201396,5-1-1,United States
-118.41060227589753,33.74090922312445,5-1-1,United States
-118.51989482279976,34.02778157757575,5-1-1,United States
-119.08100000000002,34.07799999999992,5-1-1,United States
-119.43884064201671,34.34847717828427,5-1-1,United States
-120.36777999999998,34.447110000000066,5-1-1,United States
-120.62286,34.60854999999998,5-1-1,United States
-120.74432999999999,35.15686000000011,5-1-1,United States
-121.71456999999992,36.161529999999914,5-1-1,United States
-122.54746999999998,37.551760000000115,5-1-1,United States
-122.51201000000003,37.78339000000011,5-1-1,United States
-122.95319,38.11371000000008,5-1-1,United States
-123.72720000000004,38.95166000000012,5-1-1,United States
-123.86516999999998,39.76699000000008,5-1-1,United States
-124.39807000000002,40.313199999999995,5-1-1,United States
-124.17885999999999,41.142020000000116,5-1-1,United States
-124.21370000000002,41.99964000000011,5-1-1,United States
-124.53283999999996,42.7659900000001,5-1-1,United States
-124.14213999999998,43.708380000000034,5-1-1,United States
-124.020535,44.615894999999966,5-1-1,United States
-123.89892999999995,45.52341000000007,5-1-1,United States
-124.079635,46.864750000000015,5-1-1,United States
-124.39566999999994,47.72017000000011,5-1-1,United States
-124.68721008300781,48.18443298339855,5-1-1,United States
-124.56610107421875,48.37971496582037,5-1-1,United States
-123.12,48.04000000000002,5-1-1,United States
-122.58735999999993,47.09600000000006,5-1-1,United States
-122.34000000000003,47.360000000000014,5-1-1,United States
-122.5,48.180000000000064,5-1-1,United States
-122.84000000000003,49.000000000000114,5-1-1,United States
-155.40214,20.07975,5-2-1,United States
-155.22452,19.99302,5-2-1,United States
-155.06226,19.8591,5-2-1,United States
-154.80741,19.50871,5-2-1,United States
-154.83147,19.453280000000003,5-2-1,United States
-155.22217,19.23972,5-2-1,United States
-155.54211,19.08348,5-2-1,United States
-155.68817,18.91619,5-2-1,United States
-155.93665,19.05939,5-2-1,United States
-155.90806,19.33888,5-2-1,United States
-156.07347000000001,19.70294,5-2-1,United States
-156.02368,19.81422,5-2-1,United States
-155.85008000000002,19.97729,5-2-1,United States
-155.91907,20.17395,5-2-1,United States
-155.86108000000002,20.267210000000002,5-2-1,United States
-155.78505,20.2487,5-2-1,United States
-155.40214,20.07975,5-2-1,United States
-155.99566000000002,20.76404,5-3-1,United States
-156.07926,20.643970000000003,5-3-1,United States
-156.41445,20.57241,5-3-1,United States
-156.58673,20.783,5-3-1,United States
-156.70167,20.8643,5-3-1,United States
-156.71054999999998,20.92676,5-3-1,United States
-156.61258,21.01249,5-3-1,United States
-156.25711,20.917450000000002,5-3-1,United States
-155.99566000000002,20.76404,5-3-1,United States
-156.75824,21.176840000000002,5-4-1,United States
-156.78933,21.068730000000002,5-4-1,United States
-157.32521,21.097770000000004,5-4-1,United States
-157.25027,21.219579999999997,5-4-1,United States
-156.75824,21.176840000000002,5-4-1,United States
-158.0252,21.71696,5-5-1,United States
-157.94161,21.65272,5-5-1,United States
-157.65283000000002,21.322170000000003,5-5-1,United States
-157.70703,21.26442,5-5-1,United States
-157.7786,21.27729,5-5-1,United States
-158.12667000000002,21.31244,5-5-1,United States
-158.2538,21.53919,5-5-1,United States
-158.29265,21.57912,5-5-1,United States
-158.0252,21.71696,5-5-1,United States
-159.36569,22.21494,5-6-1,United States
-159.34512,21.982000000000003,5-6-1,United States
-159.46372,21.88299,5-6-1,United States
-159.80051,22.065330000000003,5-6-1,United States
-159.74877,22.1382,5-6-1,United States
-159.5962,22.236179999999997,5-6-1,United States
-159.36569,22.21494,5-6-1,United States
-166.46779212142462,60.384169826897754,5-7-1,United States
-165.67442969466364,60.29360687930625,5-7-1,United States
-165.57916419173358,59.90998688418753,5-7-1,United States
-166.19277014876727,59.75444082298899,5-7-1,United States
-166.84833736882197,59.941406155020985,5-7-1,United States
-167.45527706609008,60.21306915957936,5-7-1,United States
-166.46779212142462,60.384169826897754,5-7-1,United States
-153.22872941792113,57.96896841087248,5-8-1,United States
-152.56479061583514,57.901427313866996,5-8-1,United States
-152.1411472239064,57.591058661522,5-8-1,United States
-153.00631405333692,57.11584219016593,5-8-1,United States
-154.0050902984581,56.734676825581076,5-8-1,United States
-154.51640275777004,56.99274892844669,5-8-1,United States
-154.67099280497118,57.46119578717253,5-8-1,United States
-153.7627795074415,57.81657461204373,5-8-1,United States
-153.22872941792113,57.96896841087248,5-8-1,United States
-140.98598761037601,69.71199839952635,5-9-1,United States
-140.986,69.712,5-9-1,United States
-140.9925,66.00003000000001,5-9-1,United States
-140.99778,60.30639000000001,5-9-1,United States
-140.013,60.27682000000001,5-9-1,United States
-139.03900000000002,60,5-9-1,United States
-138.34089,59.562110000000004,5-9-1,United States
-137.4525,58.905,5-9-1,United States
-136.47972000000004,59.46389000000005,5-9-1,United States
-135.47583,59.787780000000005,5-9-1,United States
-134.94500000000005,59.2705600000001,5-9-1,United States
-134.27111000000002,58.86111000000005,5-9-1,United States
-133.35556000000003,58.41028000000001,5-9-1,United States
-132.73042,57.692890000000006,5-9-1,United States
-131.70781,56.55212,5-9-1,United States
-130.00778000000003,55.915830000000085,5-9-1,United States
-129.98,55.285000000000004,5-9-1,United States
-130.53611,54.802780000000006,5-9-1,United States
-130.53610895273684,54.80275447679924,5-9-1,United States
-130.5361101894673,54.8027534043494,5-9-1,United States
-131.08581823797215,55.17890615500204,5-9-1,United States
-131.9672114671423,55.497775580459006,5-9-1,United States
-132.2500107428595,56.3699962428974,5-9-1,United States
-133.53918108435641,57.17888743756214,5-9-1,United States
-134.07806292029608,58.12306753196691,5-9-1,United States
-135.0382110322791,58.18771474876394,5-9-1,United States
-136.62806230995471,58.21220937767043,5-9-1,United States
-137.800006279686,58.49999542910376,5-9-1,United States
-139.867787041413,59.53776154238915,5-9-1,United States
-140.825273817133,59.727517401765056,5-9-1,United States
-142.57444353556446,60.08444651960497,5-9-1,United States
-143.9588809948799,59.999180406323376,5-9-1,United States
-145.92555681682788,60.45860972761426,5-9-1,United States
-147.11437394914665,60.884656073644635,5-9-1,United States
-148.22430620012761,60.67298940697714,5-9-1,United States
-148.01806555885082,59.97832896589364,5-9-1,United States
-148.57082251686086,59.914172675203304,5-9-1,United States
-149.72785783587585,59.70565827090553,5-9-1,United States
-150.60824337461642,59.368211168039466,5-9-1,United States
-151.7163927886833,59.15582103131993,5-9-1,United States
-151.85943315326722,59.744984035879554,5-9-1,United States
-151.40971900124717,60.72580272077937,5-9-1,United States
-150.3469414947325,61.03358755150987,5-9-1,United States
-150.62111080625704,61.2844249538544,5-9-1,United States
-151.89583919981683,60.727197984451266,5-9-1,United States
-152.57832984109558,60.061657212964235,5-9-1,United States
-154.01917212625764,59.35027944603428,5-9-1,United States
-153.28751135965317,58.86472768821977,5-9-1,United States
-154.23249243875847,58.14637360293051,5-9-1,United States
-155.3074914215102,57.727794501366304,5-9-1,United States
-156.30833472392305,57.422774359763594,5-9-1,United States
-156.55609737854638,56.97998484967064,5-9-1,United States
-158.11721655986779,56.46360809999419,5-9-1,United States
-158.43332129619714,55.99415355083852,5-9-1,United States
-159.60332739971741,55.56668610292013,5-9-1,United States
-160.28971961163427,55.643580634170576,5-9-1,United States
-161.22304765525777,55.364734605523495,5-9-1,United States
-162.23776607974105,55.02418691672011,5-9-1,United States
-163.06944658104638,54.68973704692712,5-9-1,United States
-164.78556922102717,54.40417308208214,5-9-1,United States
-164.94222632552007,54.57222483989534,5-9-1,United States
-163.84833960676565,55.03943146424609,5-9-1,United States
-162.87000139061595,55.34804311789321,5-9-1,United States
-161.80417497459607,55.89498647727038,5-9-1,United States
-160.5636047027812,56.00805451112501,5-9-1,United States
-160.07055986228448,56.41805532492873,5-9-1,United States
-158.6844429189195,57.01667511659787,5-9-1,United States
-158.46109737855403,57.21692129172885,5-9-1,United States
-157.72277035218391,57.57000051536306,5-9-1,United States
-157.55027442119362,58.328326321030204,5-9-1,United States
-157.04167497457698,58.91888458926172,5-9-1,United States
-158.19473120830554,58.61580231386978,5-9-1,United States
-158.51721798402303,58.78778148053732,5-9-1,United States
-159.0586061269288,58.42418610293163,5-9-1,United States
-159.71166704001737,58.93139028587632,5-9-1,United States
-159.98128882550017,58.572549140041644,5-9-1,United States
-160.3552711659965,59.07112335879361,5-9-1,United States
-161.3550034251151,58.670837714260756,5-9-1,United States
-161.96889360252632,58.67166453717738,5-9-1,United States
-162.05498653872465,59.26692536074745,5-9-1,United States
-161.8741707021354,59.63362132429057,5-9-1,United States
-162.51805904849212,59.98972361921386,5-9-1,United States
-163.8183414378202,59.79805573184336,5-9-1,United States
-164.66221757714652,60.26748444278263,5-9-1,United States
-165.3463877024748,60.50749563256238,5-9-1,United States
-165.3508318756519,61.073895168697504,5-9-1,United States
-166.12137915755602,61.50001902937623,5-9-1,United States
-165.73445187077058,62.074996853271784,5-9-1,United States
-164.9191786367179,62.63307648380794,5-9-1,United States
-164.56250790103934,63.14637848576302,5-9-1,United States
-163.75333248599708,63.21944896102377,5-9-1,United States
-163.06722449445786,63.05945872664802,5-9-1,United States
-162.26055538638175,63.54193573674115,5-9-1,United States
-161.53444983624863,63.455816962326764,5-9-1,United States
-160.7725066803211,63.766108100023246,5-9-1,United States
-160.9583351308426,64.22279857040274,5-9-1,United States
-161.51806840721218,64.40278758407527,5-9-1,United States
-160.77777767641481,64.78860382756642,5-9-1,United States
-161.39192623598765,64.77723501246231,5-9-1,United States
-162.4530500966689,64.55944468856819,5-9-1,United States
-162.75778601789415,64.33860545516876,5-9-1,United States
-163.54639421288428,64.5591604681905,5-9-1,United States
-164.96082984114514,64.44694509546883,5-9-1,United States
-166.42528825586447,64.68667206487066,5-9-1,United States
-166.8450042389391,65.08889557561452,5-9-1,United States
-168.11056006576715,65.66999705673675,5-9-1,United States
-166.70527116602193,66.08831777613938,5-9-1,United States
-164.47470964257548,66.5766600612975,5-9-1,United States
-163.65251176659564,66.5766600612975,5-9-1,United States
-163.78860165103623,66.07720734319668,5-9-1,United States
-161.67777442121013,66.11611969671242,5-9-1,United States
-162.48971452538004,66.73556509059512,5-9-1,United States
-163.71971696679117,67.11639455837008,5-9-1,United States
-164.4309913808565,67.61633820257777,5-9-1,United States
-165.39028683170673,68.04277212185025,5-9-1,United States
-166.76444068099605,68.35887685817966,5-9-1,United States
-166.20470740462667,68.88303091091615,5-9-1,United States
-164.43081051334346,68.91553538682774,5-9-1,United States
-163.1686136546145,69.37111481391287,5-9-1,United States
-162.930566169262,69.85806183539927,5-9-1,United States
-161.90889726463556,70.33332998318764,5-9-1,United States
-160.93479651593367,70.44768992784958,5-9-1,United States
-159.03917578838713,70.89164215766891,5-9-1,United States
-158.11972286683394,70.82472117785102,5-9-1,United States
-156.58082455139808,71.35776357694175,5-9-1,United States
-155.06779029032427,71.14777639432367,5-9-1,United States
-154.3441652089412,70.69640859647018,5-9-1,United States
-153.9000062733926,70.88998851183567,5-9-1,United States
-152.21000606993528,70.82999217394485,5-9-1,United States
-152.27000240782613,70.60000621202983,5-9-1,United States
-150.73999243874448,70.43001658800569,5-9-1,United States
-149.7200030181675,70.53001048449045,5-9-1,United States
-147.61336157935705,70.2140349392418,5-9-1,United States
-145.68998980022533,70.12000967068673,5-9-1,United States
-144.9200109590764,69.98999176704046,5-9-1,United States
-143.58944618042523,70.15251414659832,5-9-1,United States
-142.07251034871348,69.85193817817265,5-9-1,United States
-140.98598752156073,69.71199839952635,5-9-1,United States
-140.98598761037601,69.71199839952635,5-9-1,United States
-171.73165686753944,63.782515367275934,5-10-1,United States
-171.1144335602453,63.59219106714495,5-10-1,United States
-170.4911124339407,63.694975490973505,5-10-1,United States
-169.6825054596536,63.43111562769119,5-10-1,United States
-168.6894394603007,63.297506212000556,5-10-1,United States
-168.77194088445466,63.18859813094544,5-10-1,United States
-169.5294398672051,62.97693146427792,5-10-1,United States
-170.29055620021595,63.194437567794424,5-10-1,United States
-170.67138566799093,63.3758218451389,5-10-1,United States
-171.55306311753873,63.317789211675105,5-10-1,United States
-171.79111060289122,63.40584585230046,5-10-1,United States
-171.73165686753944,63.782515367275934,5-10-1,United States
87.35997033076265,49.21498078062912,6-1-1,Kazakhstan
86.59877648310336,48.549181626980626,6-1-1,Kazakhstan
85.7682328633083,48.45575063739699,6-1-1,Kazakhstan
85.72048383987067,47.452969468773105,6-1-1,Kazakhstan
85.16429039911324,47.0009557155161,6-1-1,Kazakhstan
83.18048383986047,47.33003123635086,6-1-1,Kazakhstan
82.45892581576906,45.539649563166506,6-1-1,Kazakhstan
81.9470707539181,45.31702749285312,6-1-1,Kazakhstan
79.96610639844141,44.91751699480463,6-1-1,Kazakhstan
80.86620649610126,43.18036204688101,6-1-1,Kazakhstan
80.1801501809943,42.92006785742694,6-1-1,Kazakhstan
80.2599902688853,42.34999929459906,6-1-1,Kazakhstan
79.64364546094012,42.49668284765953,6-1-1,Kazakhstan
79.14217736197978,42.85609243424952,6-1-1,Kazakhstan
77.65839196158322,42.96068553320826,6-1-1,Kazakhstan
76.00035363149846,42.98802236589067,6-1-1,Kazakhstan
75.63696495962202,42.87789988867668,6-1-1,Kazakhstan
74.21286583852256,43.29833934180337,6-1-1,Kazakhstan
73.64530358266092,43.09127187760987,6-1-1,Kazakhstan
73.48975752146237,42.50089447689132,6-1-1,Kazakhstan
71.8446382994506,42.8453954127651,6-1-1,Kazakhstan
71.18628055205212,42.70429291439214,6-1-1,Kazakhstan
70.96231489449914,42.266154283205495,6-1-1,Kazakhstan
70.3889648782208,42.08130768489745,6-1-1,Kazakhstan
69.07002729683524,41.38424428971234,6-1-1,Kazakhstan
68.63248294462002,40.66868073176681,6-1-1,Kazakhstan
68.25989586779562,40.6623245305949,6-1-1,Kazakhstan
67.98585574735182,41.13599070898222,6-1-1,Kazakhstan
66.71404707221652,41.1684435084615,6-1-1,Kazakhstan
66.51064863471572,41.987644151368556,6-1-1,Kazakhstan
66.02339155463562,41.99464630794404,6-1-1,Kazakhstan
66.09801232286509,42.997660020513095,6-1-1,Kazakhstan
64.90082441595928,43.72808055274258,6-1-1,Kazakhstan
63.18578698105657,43.650074978198006,6-1-1,Kazakhstan
62.01330040878625,43.50447663021565,6-1-1,Kazakhstan
61.05831994003245,44.40581696225051,6-1-1,Kazakhstan
60.23997195825834,44.78403677019473,6-1-1,Kazakhstan
58.68998904809581,45.50001373959873,6-1-1,Kazakhstan
58.50312706892845,45.586804307632974,6-1-1,Kazakhstan
55.928917270741096,44.99585846615911,6-1-1,Kazakhstan
55.96819135928291,41.30864166926936,6-1-1,Kazakhstan
55.45525109235377,41.25985911718584,6-1-1,Kazakhstan
54.75534549339264,42.043971462566574,6-1-1,Kazakhstan
54.07941775901495,42.32410940202083,6-1-1,Kazakhstan
52.944293247291654,42.11603424739759,6-1-1,Kazakhstan
52.50245975119615,41.78331553808637,6-1-1,Kazakhstan
52.44633914572722,42.027150783855575,6-1-1,Kazakhstan
52.692112257707265,42.44389537207337,6-1-1,Kazakhstan
52.50142622255032,42.7922978785852,6-1-1,Kazakhstan
51.342427199108215,43.132974758469345,6-1-1,Kazakhstan
50.89129194520024,44.03103363705378,6-1-1,Kazakhstan
50.339129266161365,44.284015611338475,6-1-1,Kazakhstan
50.30564293803627,44.609835516938915,6-1-1,Kazakhstan
51.278503452363225,44.51485423438646,6-1-1,Kazakhstan
51.31689904155604,45.2459982366679,6-1-1,Kazakhstan
52.16738976421573,45.40839142514511,6-1-1,Kazakhstan
53.0408764992452,45.25904653582177,6-1-1,Kazakhstan
53.220865512917726,46.234645901059935,6-1-1,Kazakhstan
53.042736850807785,46.85300608986449,6-1-1,Kazakhstan
52.04202273947561,46.80463694923924,6-1-1,Kazakhstan
51.191945428274266,47.048704738953916,6-1-1,Kazakhstan
50.03408328634248,46.60898997658222,6-1-1,Kazakhstan
49.10116000000011,46.399330000000134,6-1-1,Kazakhstan
48.59325000000018,46.56104000000005,6-1-1,Kazakhstan
48.694733514201744,47.07562816017793,6-1-1,Kazakhstan
48.05725000000001,47.74377000000004,6-1-1,Kazakhstan
47.31524000000013,47.7158500000001,6-1-1,Kazakhstan
46.46644575377627,48.39415233010493,6-1-1,Kazakhstan
47.04367150247651,49.152038886097614,6-1-1,Kazakhstan
46.75159630716274,49.35600576435377,6-1-1,Kazakhstan
47.54948042174931,50.454698391311126,6-1-1,Kazakhstan
48.57784142435753,49.87475962991567,6-1-1,Kazakhstan
48.70238162618102,50.60512848571284,6-1-1,Kazakhstan
50.76664839051216,51.6927623561599,6-1-1,Kazakhstan
52.32872358583097,51.718652248738124,6-1-1,Kazakhstan
54.532878452376224,51.02623973245932,6-1-1,Kazakhstan
55.71694000000002,50.62171000000018,6-1-1,Kazakhstan
56.77798000000013,51.043550000000096,6-1-1,Kazakhstan
58.363320000000044,51.06364000000002,6-1-1,Kazakhstan
59.642282342370606,50.545442206415714,6-1-1,Kazakhstan
59.93280724471549,50.842194118851864,6-1-1,Kazakhstan
61.337424350840934,50.79907013610426,6-1-1,Kazakhstan
61.58800337102417,51.272658799843214,6-1-1,Kazakhstan
59.967533807215545,51.9604204372157,6-1-1,Kazakhstan
60.92726850774028,52.44754832621504,6-1-1,Kazakhstan
60.73999311711458,52.71998647725775,6-1-1,Kazakhstan
61.699986199800605,52.97999644633427,6-1-1,Kazakhstan
60.978066440683165,53.66499339457914,6-1-1,Kazakhstan
61.43660000000017,54.00625000000002,6-1-1,Kazakhstan
65.17853356309593,54.35422781027211,6-1-1,Kazakhstan
65.66687000000002,54.60125000000011,6-1-1,Kazakhstan
68.16910037625883,54.97039175070432,6-1-1,Kazakhstan
69.06816694527288,55.38525014914353,6-1-1,Kazakhstan
70.86526655465514,55.169733588270105,6-1-1,Kazakhstan
71.18013105660941,54.13328522400826,6-1-1,Kazakhstan
72.22415001820218,54.376655381886735,6-1-1,Kazakhstan
73.5085160663844,54.0356167669766,6-1-1,Kazakhstan
73.42567874542044,53.489810289109755,6-1-1,Kazakhstan
74.38482000000016,53.54685000000012,6-1-1,Kazakhstan
76.89110029491343,54.49052440044193,6-1-1,Kazakhstan
76.52517947785475,54.17700348572714,6-1-1,Kazakhstan
77.80091556184425,53.404414984747575,6-1-1,Kazakhstan
80.03555952344169,50.86475088154725,6-1-1,Kazakhstan
80.56844689323549,51.38833649352847,6-1-1,Kazakhstan
81.94598554883993,50.81219594990637,6-1-1,Kazakhstan
83.38300377801238,51.069182847693924,6-1-1,Kazakhstan
83.93511478061885,50.88924551045358,6-1-1,Kazakhstan
84.41637739455308,50.311399644565824,6-1-1,Kazakhstan
85.11555952346203,50.11730296487764,6-1-1,Kazakhstan
85.54126997268247,49.69285858824816,6-1-1,Kazakhstan
86.82935672398963,49.82667470966817,6-1-1,Kazakhstan
87.35997033076265,49.21498078062912,6-1-1,Kazakhstan
55.96819135928291,41.30864166926936,7-1-1,Uzbekistan
55.928917270741096,44.99585846615911,7-1-1,Uzbekistan
58.50312706892845,45.586804307632974,7-1-1,Uzbekistan
58.68998904809581,45.50001373959873,7-1-1,Uzbekistan
60.23997195825834,44.78403677019473,7-1-1,Uzbekistan
61.05831994003245,44.40581696225051,7-1-1,Uzbekistan
62.01330040878625,43.50447663021565,7-1-1,Uzbekistan
63.18578698105657,43.650074978198006,7-1-1,Uzbekistan
64.90082441595928,43.72808055274258,7-1-1,Uzbekistan
66.09801232286509,42.997660020513095,7-1-1,Uzbekistan
66.02339155463562,41.99464630794404,7-1-1,Uzbekistan
66.51064863471572,41.987644151368556,7-1-1,Uzbekistan
66.71404707221652,41.1684435084615,7-1-1,Uzbekistan
67.98585574735182,41.13599070898222,7-1-1,Uzbekistan
68.25989586779562,40.6623245305949,7-1-1,Uzbekistan
68.63248294462002,40.66868073176681,7-1-1,Uzbekistan
69.07002729683524,41.38424428971234,7-1-1,Uzbekistan
70.3889648782208,42.08130768489745,7-1-1,Uzbekistan
70.96231489449914,42.266154283205495,7-1-1,Uzbekistan
71.25924767444823,42.16771067968946,7-1-1,Uzbekistan
70.42002241402821,41.51999827734314,7-1-1,Uzbekistan
71.1578585142916,41.14358714452912,7-1-1,Uzbekistan
71.87011478057047,41.392900092121266,7-1-1,Uzbekistan
73.05541710804917,40.866033026689465,7-1-1,Uzbekistan
71.77487511585656,40.14584442805378,7-1-1,Uzbekistan
71.01419803252017,40.24436554621823,7-1-1,Uzbekistan
70.60140669137269,40.21852733007229,7-1-1,Uzbekistan
70.45815962105962,40.49649485937029,7-1-1,Uzbekistan
70.66662234892505,40.960213324541414,7-1-1,Uzbekistan
69.32949466337283,40.72782440852485,7-1-1,Uzbekistan
69.0116329283455,40.08615814875667,7-1-1,Uzbekistan
68.53641645698943,39.53345286717894,7-1-1,Uzbekistan
67.70142866401736,39.58047842056453,7-1-1,Uzbekistan
67.44221967964131,39.140143541005486,7-1-1,Uzbekistan
68.17602501818592,38.901553453113905,7-1-1,Uzbekistan
68.39203250516596,38.15702525486874,7-1-1,Uzbekistan
67.82999962755952,37.144994004864685,7-1-1,Uzbekistan
67.07578209825962,37.35614390720929,7-1-1,Uzbekistan
66.51860680528867,37.36278432875879,7-1-1,Uzbekistan
66.54615034370022,37.97468496352687,7-1-1,Uzbekistan
65.2159989765074,38.4026950139843,7-1-1,Uzbekistan
64.17022301621677,38.892406724598246,7-1-1,Uzbekistan
63.51801476426103,39.36325653742564,7-1-1,Uzbekistan
62.374260288345006,40.05388621679039,7-1-1,Uzbekistan
61.88271406438469,41.084856879229406,7-1-1,Uzbekistan
61.54717898951356,41.266370347654615,7-1-1,Uzbekistan
60.465952996670694,41.22032664648255,7-1-1,Uzbekistan
60.083340691981675,41.425146185871405,7-1-1,Uzbekistan
59.976422153569786,42.22308197689021,7-1-1,Uzbekistan
58.62901085799146,42.75155101172305,7-1-1,Uzbekistan
57.78652998233708,42.17055288346552,7-1-1,Uzbekistan
56.932215203687804,41.826026109375604,7-1-1,Uzbekistan
57.0963912290791,41.32231008561057,7-1-1,Uzbekistan
55.96819135928291,41.30864166926936,7-1-1,Uzbekistan
141.00021040259185,-2.60015105551566,8-1-1,Papua New Guinea
142.73524661679147,-3.28915292726321,8-1-1,Papua New Guinea
144.58397098203324,-3.861417738463416,8-1-1,Papua New Guinea
145.27317955950997,-4.373737888205049,8-1-1,Papua New Guinea
145.8297864117257,-4.876497897972683,8-1-1,Papua New Guinea
145.981921828393,-5.465609226100043,8-1-1,Papua New Guinea
147.64807335834757,-6.0836593563108465,8-1-1,Papua New Guinea
147.89110761941623,-6.614014580922343,8-1-1,Papua New Guinea
146.97090538959486,-6.721656589386313,8-1-1,Papua New Guinea
147.19187381407494,-7.388024183790023,8-1-1,Papua New Guinea
148.08463585834932,-8.044108168167647,8-1-1,Papua New Guinea
148.73410525939357,-9.104663588093764,8-1-1,Papua New Guinea
149.30683515848443,-9.07143564213009,8-1-1,Papua New Guinea
149.26663089416132,-9.514406019736029,8-1-1,Papua New Guinea
150.03872846903425,-9.684318129111709,8-1-1,Papua New Guinea
149.7387984560122,-9.872937106977048,8-1-1,Papua New Guinea
150.80162763895913,-10.293686618697478,8-1-1,Papua New Guinea
150.6905749859639,-10.582712904505925,8-1-1,Papua New Guinea
150.02839318257583,-10.652476088099952,8-1-1,Papua New Guinea
149.78231001200197,-10.393267103723923,8-1-1,Papua New Guinea
148.92313764871727,-10.280922539921384,8-1-1,Papua New Guinea
147.913018426708,-10.13044076908745,8-1-1,Papua New Guinea
147.13544315001218,-9.492443536011983,8-1-1,Papua New Guinea
146.56788089415056,-8.942554619994155,8-1-1,Papua New Guinea
146.04848107318492,-8.067414239131281,8-1-1,Papua New Guinea
144.74416792213805,-7.630128269077446,8-1-1,Papua New Guinea
143.89708784400966,-7.915330498896296,8-1-1,Papua New Guinea
143.28637576718432,-8.24549122480908,8-1-1,Papua New Guinea
143.41391320208066,-8.983068942910982,8-1-1,Papua New Guinea
142.62843143124417,-9.326820570516524,8-1-1,Papua New Guinea
142.06825890520025,-9.159595635620022,8-1-1,Papua New Guinea
141.03385176001382,-9.117892754760483,8-1-1,Papua New Guinea
141.01705691951895,-5.859021905138071,8-1-1,Papua New Guinea
141.00021040259185,-2.60015105551566,8-1-1,Papua New Guinea
152.64001671774253,-3.659983005389691,8-2-1,Papua New Guinea
153.0199935243847,-3.9800151505732653,8-2-1,Papua New Guinea
153.14003787659874,-4.4999834122940925,8-2-1,Papua New Guinea
152.82729210836828,-4.7664270971909914,8-2-1,Papua New Guinea
152.63867313050298,-4.176127211120921,8-2-1,Papua New Guinea
152.40602583232493,-3.7897425268745835,8-2-1,Papua New Guinea
151.95323693258354,-3.4620622697118155,8-2-1,Papua New Guinea
151.38427941305002,-3.0354216447101123,8-2-1,Papua New Guinea
150.66204959533883,-2.741486097833935,8-2-1,Papua New Guinea
150.93996544820448,-2.500002129734007,8-2-1,Papua New Guinea
151.47998416565457,-2.779985039891379,8-2-1,Papua New Guinea
151.8200150901351,-2.9999716121578857,8-2-1,Papua New Guinea
152.23998945537113,-3.24000864015364,8-2-1,Papua New Guinea
152.64001671774253,-3.659983005389691,8-2-1,Papua New Guinea
151.30139041565388,-5.840728448106752,8-3-1,Papua New Guinea
150.75444705627666,-6.083762709175431,8-3-1,Papua New Guinea
150.2411967307538,-6.317753594593028,8-3-1,Papua New Guinea
149.70996300679332,-6.316513360218025,8-3-1,Papua New Guinea
148.89006473205046,-6.026040134305404,8-3-1,Papua New Guinea
148.31893680236067,-5.747142429226166,8-3-1,Papua New Guinea
148.40182579975686,-5.437755629094717,8-3-1,Papua New Guinea
149.29841190002082,-5.58374155031926,8-3-1,Papua New Guinea
149.84556196512722,-5.505503431829368,8-3-1,Papua New Guinea
149.99625044169028,-5.026101169457654,8-3-1,Papua New Guinea
150.13975589416486,-5.0013481583898525,8-3-1,Papua New Guinea
150.23690758687354,-5.532220147324267,8-3-1,Papua New Guinea
150.80746707580812,-5.455842380396874,8-3-1,Papua New Guinea
151.08967207255404,-5.113692722192383,8-3-1,Papua New Guinea
151.6478808941709,-4.757073662946162,8-3-1,Papua New Guinea
151.53786176982146,-4.167807305521933,8-3-1,Papua New Guinea
152.1367916200843,-4.14879037843852,8-3-1,Papua New Guinea
152.33874311748093,-4.312966403829805,8-3-1,Papua New Guinea
152.3186926617517,-4.867661228050771,8-3-1,Papua New Guinea
151.98279585185452,-5.478063246282382,8-3-1,Papua New Guinea
151.45910688700866,-5.560280450058754,8-3-1,Papua New Guinea
151.30139041565388,-5.840728448106752,8-3-1,Papua New Guinea
154.75999067608439,-5.339983819198495,8-4-1,Papua New Guinea
155.06291792217934,-5.56679168052753,8-4-1,Papua New Guinea
155.5477462099417,-6.200654799019645,8-4-1,Papua New Guinea
156.0199654482248,-6.540013929880381,8-4-1,Papua New Guinea
155.8800256695784,-6.819996840037753,8-4-1,Papua New Guinea
155.59999108298877,-6.9199907365225215,8-4-1,Papua New Guinea
155.16699425681514,-6.535931491729322,8-4-1,Papua New Guinea
154.72919152243838,-5.900828138862195,8-4-1,Papua New Guinea
154.51411421123964,-5.139117526879986,8-4-1,Papua New Guinea
154.65250369691728,-5.04243092206189,8-4-1,Papua New Guinea
154.75999067608439,-5.339983819198495,8-4-1,Papua New Guinea
141.00021040259185,-2.60015105551566,9-1-1,Indonesia
141.01705691951895,-5.859021905138071,9-1-1,Indonesia
141.03385176001382,-9.117892754760483,9-1-1,Indonesia
140.14341515519254,-8.29716765710095,9-1-1,Indonesia
139.1277665549281,-8.096042982620979,9-1-1,Indonesia
138.881476678625,-8.380935153846075,9-1-1,Indonesia
137.61447391169287,-8.41168263105974,9-1-1,Indonesia
138.03909915583517,-7.597882175327321,9-1-1,Indonesia
138.66862145401478,-7.320224704623087,9-1-1,Indonesia
138.4079138531023,-6.232849216337485,9-1-1,Indonesia
137.92783979711078,-5.393365573756,9-1-1,Indonesia
135.98925011611345,-4.54654387778907,9-1-1,Indonesia
135.16459760959975,-4.462931410340822,9-1-1,Indonesia
133.66288048719787,-3.538853448097541,9-1-1,Indonesia
133.36770470594672,-4.024818617370315,9-1-1,Indonesia
132.98395551974727,-4.112978610860253,9-1-1,Indonesia
132.75694095268904,-3.7462826473171233,9-1-1,Indonesia
132.75378869031925,-3.3117872046070502,9-1-1,Indonesia
131.98980431531618,-2.820551039240499,9-1-1,Indonesia
133.0668445171434,-2.460417982598436,9-1-1,Indonesia
133.78003095920354,-2.4798483211401816,9-1-1,Indonesia
133.69621178602614,-2.214541517753702,9-1-1,Indonesia
132.23237348849426,-2.2125261368943185,9-1-1,Indonesia
131.83622195854474,-1.6171619604596472,9-1-1,Indonesia
130.94283979708285,-1.4325220678807826,9-1-1,Indonesia
130.5195581401801,-0.9377202286860893,9-1-1,Indonesia
131.8675378765136,-0.6954611141017892,9-1-1,Indonesia
132.3801164084167,-0.36953785563694913,9-1-1,Indonesia
133.98554813042836,-0.7802104630604559,9-1-1,Indonesia
134.14336795464772,-1.151867364103623,9-1-1,Indonesia
134.42262739475302,-2.769184665542376,9-1-1,Indonesia
135.45760298069467,-3.367752780779149,9-1-1,Indonesia
136.29331424371884,-2.307042331556154,9-1-1,Indonesia
137.44073774632756,-1.7035132788193648,9-1-1,Indonesia
138.3297274110447,-1.7026864559026933,9-1-1,Indonesia
139.18492068904288,-2.0512956681436734,9-1-1,Indonesia
139.92668419816044,-2.409051608900313,9-1-1,Indonesia
141.00021040259185,-2.60015105551566,9-1-1,Indonesia
124.96868248911623,-8.892790215697083,9-2-1,Indonesia
125.07001997284061,-9.089987481322872,9-2-1,Indonesia
125.08852013560109,-9.393173109579294,9-2-1,Indonesia
124.43595014861933,-10.140000909061449,9-2-1,Indonesia
123.57998172413669,-10.359987481327956,9-2-1,Indonesia
123.459989048355,-10.239994805546223,9-2-1,Indonesia
123.55000939340744,-9.900015557497987,9-2-1,Indonesia
123.9800089865081,-9.290026950724716,9-2-1,Indonesia
124.96868248911623,-8.892790215697083,9-2-1,Indonesia
134.21013390516885,-6.89523772545472,9-3-1,Indonesia
134.11277550673094,-6.142467136259,9-3-1,Indonesia
134.29033572808584,-5.783057549669017,9-3-1,Indonesia
134.49962527886788,-5.445042006047871,9-3-1,Indonesia
134.72700158095216,-5.737582289252167,9-3-1,Indonesia
134.7246244650667,-6.214400730009288,9-3-1,Indonesia
134.21013390516885,-6.89523772545472,9-3-1,Indonesia
117.88203494677018,4.137551377779516,9-4-1,Indonesia
117.3132324565335,3.234428208830593,9-4-1,Indonesia
118.0483297058854,2.2876901310273325,9-4-1,Indonesia
117.87562706916597,1.8276406925489255,9-4-1,Indonesia
118.99674726773816,0.9022191430660627,9-4-1,Indonesia
117.8118583517178,0.7842418481437078,9-4-1,Indonesia
117.47833865770603,0.10247467691702639,9-4-1,Indonesia
117.52164350796664,-0.8037232397532676,9-4-1,Indonesia
116.56004845587947,-1.4876608211362097,9-4-1,Indonesia
116.5337968282752,-2.483517347832901,9-4-1,Indonesia
116.14808393764866,-4.012726332214022,9-4-1,Indonesia
116.00085778204911,-3.6570374487490582,9-4-1,Indonesia
114.86480309454456,-4.106984144714396,9-4-1,Indonesia
114.46865156459506,-3.495703627133828,9-4-1,Indonesia
113.75567182826407,-3.4391696102065197,9-4-1,Indonesia
113.25699425664752,-3.118775729996905,9-4-1,Indonesia
112.06812625534067,-3.4783920223160507,9-4-1,Indonesia
111.70329064336005,-2.9944422339026535,9-4-1,Indonesia
111.04824018762824,-3.0494259578612106,9-4-1,Indonesia
110.223846063276,-2.9340324845534553,9-4-1,Indonesia
110.07093550012434,-1.5928740372824635,9-4-1,Indonesia
109.571947869914,-1.3149065079844746,9-4-1,Indonesia
109.0918738139225,-0.45950652425709393,9-4-1,Indonesia
108.9526575053282,0.41537547444431766,9-4-1,Indonesia
109.06913618371408,1.3419339054376138,9-4-1,Indonesia
109.66326012577375,2.0064669864949565,9-4-1,Indonesia
109.83022667850881,1.3381356876641632,9-4-1,Indonesia
110.51406090702716,0.7731314152009645,9-4-1,Indonesia
111.15913781132662,0.976478176269481,9-4-1,Indonesia
111.79754845586041,0.9044412296546085,9-4-1,Indonesia
112.38025190638359,1.4101209578467433,9-4-1,Indonesia
112.85980919805218,1.4977900252299037,9-4-1,Indonesia
113.8058496440195,1.2175487329110695,9-4-1,Indonesia
114.62135542201753,1.4306881778989011,9-4-1,Indonesia
115.13403730678522,2.8214818383862337,9-4-1,Indonesia
115.51907840379198,3.169238389494396,9-4-1,Indonesia
115.8655172058767,4.3065591495901,9-4-1,Indonesia
117.01521447150628,4.3060940616994685,9-4-1,Indonesia
117.88203494677018,4.137551377779516,9-4-1,Indonesia
129.37099775606094,-2.8021542293445947,9-5-1,Indonesia
130.47134402885177,-3.093764336767634,9-5-1,Indonesia
130.83483605359282,-3.8584721818227763,9-5-1,Indonesia
129.99054650280817,-3.446300957862796,9-5-1,Indonesia
129.15524865124235,-3.3626368139822485,9-5-1,Indonesia
128.59068362845363,-3.428679294451264,9-5-1,Indonesia
127.89889122936235,-3.393435967628207,9-5-1,Indonesia
128.13587934785284,-2.843650404474971,9-5-1,Indonesia
129.37099775606094,-2.8021542293445947,9-5-1,Indonesia
126.87492272349886,-3.7909827612495874,9-6-1,Indonesia
126.18380211802736,-3.607376397316564,9-6-1,Indonesia
125.98903364471926,-3.177273451351305,9-6-1,Indonesia
127.00065148326497,-3.129317722184446,9-6-1,Indonesia
127.24921512258891,-3.45906503663889,9-6-1,Indonesia
126.87492272349886,-3.7909827612495874,9-6-1,Indonesia
127.93237755748748,2.1745962589565693,9-7-1,Indonesia
128.00415612194087,1.6285313989283452,9-7-1,Indonesia
128.5945593608755,1.5408106551128782,9-7-1,Indonesia
128.6882487326207,1.1323859724940633,9-7-1,Indonesia
128.63595218314134,0.2584858260061935,9-7-1,Indonesia
128.1201697124361,0.3564126651992865,9-7-1,Indonesia
127.96803429576886,-0.25207732503751856,9-7-1,Indonesia
128.3799988139997,-0.7800037573313005,9-7-1,Indonesia
128.1000159038423,-0.8999964331130315,9-7-1,Indonesia
127.69647464407507,-0.26659840251153355,9-7-1,Indonesia
127.39949018769369,1.011721503092545,9-7-1,Indonesia
127.60051150930906,1.810690822757195,9-7-1,Indonesia
127.93237755748748,2.1745962589565693,9-7-1,Indonesia
122.9275667664518,0.8751923689774088,9-8-1,Indonesia
124.07752241424288,0.9171019555661245,9-8-1,Indonesia
125.0659892111218,1.6432591821315297,9-8-1,Indonesia
125.2405005229715,1.4198361271176054,9-8-1,Indonesia
124.4370353536974,0.4278811710589565,9-8-1,Indonesia
123.6855049988767,0.235593166500891,9-8-1,Indonesia
122.72308312387287,0.4311367862933366,9-8-1,Indonesia
121.05672488818911,0.3812173526993945,9-8-1,Indonesia
120.18308312386272,0.2372468123342344,9-8-1,Indonesia
120.04086958219548,-0.5196578914448367,9-8-1,Indonesia
120.93590538949073,-1.408905938323393,9-8-1,Indonesia
121.4758207540762,-0.9559620092851304,9-8-1,Indonesia
123.34056481332846,-0.6156727026431383,9-8-1,Indonesia
123.25839928598441,-1.0762130672283092,9-8-1,Indonesia
122.82271528533161,-0.9309506160558526,9-8-1,Indonesia
122.38852990121529,-1.516858005381117,9-8-1,Indonesia
121.50827355355551,-1.9044829240024581,9-8-1,Indonesia
122.4545723816843,-3.1860584448409237,9-8-1,Indonesia
122.2718961935325,-3.5295000138527115,9-8-1,Indonesia
123.17096276254655,-4.683693129091701,9-8-1,Indonesia
123.1623327983538,-5.340603936385996,9-8-1,Indonesia
122.62851525277875,-5.634591159694466,9-8-1,Indonesia
122.23639448454801,-5.2829330379482675,9-8-1,Indonesia
122.71956912647701,-4.464171644715826,9-8-1,Indonesia
121.73823367725436,-4.851331475446543,9-8-1,Indonesia
121.48946333220127,-4.574552504091265,9-8-1,Indonesia
121.61917117725386,-4.1884778784386825,9-8-1,Indonesia
120.89818159391766,-3.602105401222794,9-8-1,Indonesia
120.97238895068878,-2.627642917494939,9-8-1,Indonesia
120.30545291552986,-2.9316036922357327,9-8-1,Indonesia
120.39004723519167,-4.097579034037274,9-8-1,Indonesia
120.43071658740537,-5.528241062037793,9-8-1,Indonesia
119.79654341031949,-5.673400160345665,9-8-1,Indonesia
119.36690555224489,-5.3798780249278195,9-8-1,Indonesia
119.65360639860017,-4.459417412944973,9-8-1,Indonesia
119.49883548388601,-3.4944117163265322,9-8-1,Indonesia
119.07834435432704,-3.487021986508793,9-8-1,Indonesia
118.76776899625287,-2.801999200047718,9-8-1,Indonesia
119.18097374885869,-2.1471037736128054,9-8-1,Indonesia
119.3233939962551,-1.3531470678804638,9-8-1,Indonesia
119.82599897672587,0.1542544620734816,9-8-1,Indonesia
120.0357019389663,0.5664773624657613,9-8-1,Indonesia
120.88577925016762,1.3092227237968501,9-8-1,Indonesia
121.66681684782696,1.0139435896810909,9-8-1,Indonesia
122.9275667664518,0.8751923689774088,9-8-1,Indonesia
120.29501427620689,-10.258649997603591,9-9-1,Indonesia
118.96780846565471,-9.557969252158074,9-9-1,Indonesia
119.90030968636157,-9.361340427287502,9-9-1,Indonesia
120.42575564990534,-9.665921319215798,9-9-1,Indonesia
120.77550174365675,-9.96967538822743,9-9-1,Indonesia
120.71560875863045,-10.239581394087885,9-9-1,Indonesia
120.29501427620689,-10.258649997603591,9-9-1,Indonesia
121.34166873584651,-8.536739597206072,9-10-1,Indonesia
122.00736453663043,-8.460620212440148,9-10-1,Indonesia
122.90353722543607,-8.094234307490765,9-10-1,Indonesia
122.75698286345632,-8.649807631060696,9-10-1,Indonesia
121.2544905945701,-8.933666273639957,9-10-1,Indonesia
119.92439090380958,-8.81041798262384,9-10-1,Indonesia
119.92092858284605,-8.444858900591122,9-10-1,Indonesia
120.71509199430757,-8.236964613480914,9-10-1,Indonesia
121.34166873584651,-8.536739597206072,9-10-1,Indonesia
118.26061648974044,-8.362383314653293,9-11-1,Indonesia
118.87845991422208,-8.280682875199844,9-11-1,Indonesia
119.12650678922307,-8.705824883665088,9-11-1,Indonesia
117.97040164598928,-8.906639499551304,9-11-1,Indonesia
117.27773074754901,-9.040894870645594,9-11-1,Indonesia
116.74014082241665,-9.032936700072646,9-11-1,Indonesia
117.0837374207253,-8.45715789147659,9-11-1,Indonesia
117.6320243673421,-8.449303073768228,9-11-1,Indonesia
117.90001834520776,-8.09568124759494,9-11-1,Indonesia
118.26061648974044,-8.362383314653293,9-11-1,Indonesia
108.48684614464926,-6.42198495852574,9-12-1,Indonesia
108.62347863162896,-6.777673841990705,9-12-1,Indonesia
110.53922732955328,-6.877357679881726,9-12-1,Indonesia
110.75957563684585,-6.465186455921747,9-12-1,Indonesia
112.6148112325564,-6.946035658397626,9-12-1,Indonesia
112.97876834518806,-7.594213148634594,9-12-1,Indonesia
114.47893517462114,-7.7765276017603275,9-12-1,Indonesia
115.70552697150106,-8.370806573116873,9-12-1,Indonesia
114.56451134649649,-8.751816908404855,9-12-1,Indonesia
113.46473351446085,-8.348947442257405,9-12-1,Indonesia
112.55967247930097,-8.376180922075221,9-12-1,Indonesia
111.52206139531245,-8.302128594600973,9-12-1,Indonesia
110.58614953007432,-8.122604668819001,9-12-1,Indonesia
109.42766727095511,-7.740664157749762,9-12-1,Indonesia
108.69365522668133,-7.641600437046243,9-12-1,Indonesia
108.27776329959633,-7.766657403192576,9-12-1,Indonesia
106.45410200401612,-7.354899590690934,9-12-1,Indonesia
106.28062422081231,-6.924899997590252,9-12-1,Indonesia
105.36548628135552,-6.851416110871206,9-12-1,Indonesia
106.05164594932702,-5.895918877794472,9-12-1,Indonesia
107.2650085795402,-5.954985039904081,9-12-1,Indonesia
108.07209109907467,-6.3457622208952245,9-12-1,Indonesia
108.48684614464926,-6.42198495852574,9-12-1,Indonesia
104.36999148968489,-1.0848430314210589,9-13-1,Indonesia
104.53949018760221,-1.7823715144967662,9-13-1,Indonesia
104.88789269411402,-2.340425306816705,9-13-1,Indonesia
105.62211144411697,-2.4288436824680986,9-13-1,Indonesia
106.10859337771265,-3.0617766251789647,9-13-1,Indonesia
105.85744591677414,-4.305524997579774,9-13-1,Indonesia
105.8176550639094,-5.85235564537242,9-13-1,Indonesia
104.71038414919144,-5.873284600450632,9-13-1,Indonesia
103.86821333213078,-5.037314955264996,9-13-1,Indonesia
102.5842606954069,-4.2202588842981825,9-13-1,Indonesia
102.156173130301,-3.6141460099468006,9-13-1,Indonesia
101.39911339722507,-2.7997771134591645,9-13-1,Indonesia
100.90250288290015,-2.050262139497832,9-13-1,Indonesia
100.14198082886065,-0.6503475887109857,9-13-1,Indonesia
99.26373986206028,0.1831415877246343,9-13-1,Indonesia
98.97001102091326,1.042882391764536,9-13-1,Indonesia
98.60135135294306,1.8235065779655741,9-13-1,Indonesia
97.69959760944985,2.45318390544206,9-13-1,Indonesia
97.17694217324984,3.3087905948985963,9-13-1,Indonesia
96.42401655475726,3.868859768077925,9-13-1,Indonesia
95.3808760925135,4.970782172053688,9-13-1,Indonesia
95.29302615761729,5.479820868344788,9-13-1,Indonesia
95.936862827541745,5.439513251157123,9-13-1,Indonesia
97.4848820332771,5.246320909033955,9-13-1,Indonesia
98.36916914265566,4.2683702661263965,9-13-1,Indonesia
99.1425586283358,3.590349636240873,9-13-1,Indonesia
99.69399783732241,3.174328518075143,9-13-1,Indonesia
100.64143354696162,2.099381211755741,9-13-1,Indonesia
101.65801232300734,2.0836974145551608,9-13-1,Indonesia
102.49827111207323,1.3987004663102311,9-13-1,Indonesia
103.07684044801303,0.5613613956688681,9-13-1,Indonesia
103.83839603069836,0.10454173420869493,9-13-1,Indonesia
103.4376452982749,-0.7119458960029021,9-13-1,Indonesia
104.01078860882404,-1.0592115210042863,9-13-1,Indonesia
104.36999148968489,-1.0848430314210589,9-13-1,Indonesia
-68.63401022758323,-52.63637045887449,10-1-1,Argentina
-68.25,-53.1,10-1-1,Argentina
-67.75,-53.85,10-1-1,Argentina
-66.45,-54.45,10-1-1,Argentina
-65.05,-54.699999999999996,10-1-1,Argentina
-65.5,-55.2,10-1-1,Argentina
-66.45,-55.25,10-1-1,Argentina
-66.95992000000001,-54.896810000000016,10-1-1,Argentina
-67.56244,-54.87001,10-1-1,Argentina
-68.63335000000001,-54.869499999999995,10-1-1,Argentina
-68.63401022758323,-52.63637045887449,10-1-1,Argentina
-57.62513342958296,-30.21629485445426,10-2-1,Argentina
-57.87493730328188,-31.016556084926208,10-2-1,Argentina
-58.14244035504076,-32.044503676076154,10-2-1,Argentina
-58.13264767112145,-33.040566908502015,10-2-1,Argentina
-58.349611172098875,-33.26318897881541,10-2-1,Argentina
-58.42707414410439,-33.909454441057576,10-2-1,Argentina
-58.49544206402655,-34.43148976007008,10-2-1,Argentina
-57.22582963726366,-35.28802662530788,10-2-1,Argentina
-57.36235877137878,-35.977390232081476,10-2-1,Argentina
-56.73748735210545,-36.41312590916655,10-2-1,Argentina
-56.78828528504836,-36.901571547189334,10-2-1,Argentina
-57.74915686708346,-38.18387053807989,10-2-1,Argentina
-59.23185706240189,-38.720220228837235,10-2-1,Argentina
-61.23744523786564,-38.9284245745412,10-2-1,Argentina
-62.33595699731013,-38.827707208004334,10-2-1,Argentina
-62.125763108962936,-39.42410491308485,10-2-1,Argentina
-62.330530971919494,-40.17258635840034,10-2-1,Argentina
-62.145994432205214,-40.67689666113672,10-2-1,Argentina
-62.745802781816984,-41.0287614886121,10-2-1,Argentina
-63.77049475773255,-41.16678923926369,10-2-1,Argentina
-64.73208980981973,-40.80267709733515,10-2-1,Argentina
-65.11803524439158,-41.06431487402891,10-2-1,Argentina
-64.97856055363582,-42.05800099056934,10-2-1,Argentina
-64.3034079657425,-42.35901620866951,10-2-1,Argentina
-63.75594784204239,-42.043686618824495,10-2-1,Argentina
-63.458059048095876,-42.563138116222405,10-2-1,Argentina
-64.37880388045633,-42.87355844499969,10-2-1,Argentina
-65.18180396183975,-43.495380954767796,10-2-1,Argentina
-65.32882341171013,-44.501366062193696,10-2-1,Argentina
-65.5652689276616,-45.036785577169795,10-2-1,Argentina
-66.50996578638934,-45.03962778094586,10-2-1,Argentina
-67.29379391139247,-45.55189625425519,10-2-1,Argentina
-67.58054643418008,-46.30177296324257,10-2-1,Argentina
-66.59706641301729,-47.033924655953825,10-2-1,Argentina
-65.64102657740149,-47.23613453551193,10-2-1,Argentina
-65.98508826360079,-48.133289076531135,10-2-1,Argentina
-67.16617896184769,-48.697337334996945,10-2-1,Argentina
-67.81608761256643,-49.86966887797038,10-2-1,Argentina
-68.72874508327321,-50.26421843851883,10-2-1,Argentina
-69.13853919134777,-50.732510267947795,10-2-1,Argentina
-68.81556148952356,-51.771104011594126,10-2-1,Argentina
-68.14999487982038,-52.34998340612768,10-2-1,Argentina
-68.57154537624133,-52.299443855346226,10-2-1,Argentina
-69.49836218939609,-52.14276091263727,10-2-1,Argentina
-71.91480383979638,-52.0090223058659,10-2-1,Argentina
-72.32940385607407,-51.42595631287243,10-2-1,Argentina
-72.30997351753234,-50.67700977966632,10-2-1,Argentina
-72.97574683296469,-50.741450290734285,10-2-1,Argentina
-73.32805091011453,-50.378785088909915,10-2-1,Argentina
-73.4154357571201,-49.31843637471297,10-2-1,Argentina
-72.64824744331494,-48.87861825947683,10-2-1,Argentina
-72.33116085477201,-48.2442383766618,10-2-1,Argentina
-72.44735531278027,-47.73853281025352,10-2-1,Argentina
-71.91725847033024,-46.88483814879177,10-2-1,Argentina
-71.55200944689128,-45.5607329241771,10-2-1,Argentina
-71.65931555854536,-44.973688653341426,10-2-1,Argentina
-71.22277889675976,-44.784242852559416,10-2-1,Argentina
-71.32980078803622,-44.407521661151655,10-2-1,Argentina
-71.79362260607193,-44.207172133156064,10-2-1,Argentina
-71.46405615913051,-43.787611179378345,10-2-1,Argentina
-71.91542395698389,-43.40856454851745,10-2-1,Argentina
-72.14889807807856,-42.254888197601375,10-2-1,Argentina
-71.7468037584155,-42.05138640723598,10-2-1,Argentina
-71.91573401557763,-40.83233936947069,10-2-1,Argentina
-71.68076127794649,-39.808164157878046,10-2-1,Argentina
-71.41351660834906,-38.91602223079114,10-2-1,Argentina
-70.81466427273469,-38.55299529394074,10-2-1,Argentina
-71.11862504747549,-37.57682748794724,10-2-1,Argentina
-71.12188066270987,-36.65812387466232,10-2-1,Argentina
-70.36476925320164,-36.00508879978992,10-2-1,Argentina
-70.38804948594913,-35.16968759535949,10-2-1,Argentina
-69.81730912950152,-34.1935714657983,10-2-1,Argentina
-69.81477698431922,-33.273886000299825,10-2-1,Argentina
-70.0743993801536,-33.09120981214805,10-2-1,Argentina
-70.53506893581951,-31.36501026787031,10-2-1,Argentina
-69.91900834825194,-30.33633920666828,10-2-1,Argentina
-70.01355038112992,-29.367922865518572,10-2-1,Argentina
-69.65613033718317,-28.459141127233686,10-2-1,Argentina
-69.00123491074825,-27.52121388113618,10-2-1,Argentina
-68.29554155137043,-26.89933969493578,10-2-1,Argentina
-68.59479977077268,-26.506908868111296,10-2-1,Argentina
-68.38600114609736,-26.185016371365215,10-2-1,Argentina
-68.41765296087614,-24.51855478281688,10-2-1,Argentina
-67.32844295924417,-24.02530323659095,10-2-1,Argentina
-66.9852339341777,-22.98634856536284,10-2-1,Argentina
-67.1066735500636,-22.735924574476417,10-2-1,Argentina
-66.27333940292485,-21.83231047942072,10-2-1,Argentina
-64.96489213729461,-22.075861504812327,10-2-1,Argentina
-64.37702104354226,-22.79809132252354,10-2-1,Argentina
-63.986838141522476,-21.99364430103595,10-2-1,Argentina
-62.84646847192156,-22.03498544686945,10-2-1,Argentina
-62.685057135657885,-22.249029229422387,10-2-1,Argentina
-60.846564704009914,-23.880712579038292,10-2-1,Argentina
-60.02896603050403,-24.032796319273274,10-2-1,Argentina
-58.80712846539498,-24.77145924245331,10-2-1,Argentina
-57.77721716981794,-25.16233977630904,10-2-1,Argentina
-57.63366004091113,-25.60365650808164,10-2-1,Argentina
-58.61817359071975,-27.123718763947096,10-2-1,Argentina
-57.60975969097614,-27.395898532828387,10-2-1,Argentina
-56.486701626192996,-27.548499037386293,10-2-1,Argentina
-55.69584550639816,-27.387837009390864,10-2-1,Argentina
-54.78879492859505,-26.621785577096134,10-2-1,Argentina
-54.625290696823576,-25.739255466415514,10-2-1,Argentina
-54.13004960795439,-25.547639255477254,10-2-1,Argentina
-53.628348965048744,-26.124865004177472,10-2-1,Argentina
-53.64873531758789,-26.92347258881609,10-2-1,Argentina
-54.490725267135524,-27.47475676850579,10-2-1,Argentina
-55.16228634298457,-27.881915378533463,10-2-1,Argentina
-56.29089962423908,-28.852760512000895,10-2-1,Argentina
-57.62513342958296,-30.21629485445426,10-2-1,Argentina
-68.63401022758323,-52.63637045887449,11-1-1,Chile
-68.63335000000001,-54.869499999999995,11-1-1,Chile
-67.56244,-54.87001,11-1-1,Chile
-66.95992000000001,-54.896810000000016,11-1-1,Chile
-67.29102999999992,-55.30123999999995,11-1-1,Chile
-68.14862999999991,-55.61183,11-1-1,Chile
-68.63999081081187,-55.58001799908692,11-1-1,Chile
-69.2321,-55.49905999999993,11-1-1,Chile
-69.95808999999997,-55.19843000000003,11-1-1,Chile
-71.00567999999998,-55.053830000000005,11-1-1,Chile
-72.26390000000004,-54.49513999999999,11-1-1,Chile
-73.28519999999997,-53.95751999999993,11-1-1,Chile
-74.66253,-52.837489999999946,11-1-1,Chile
-73.8381,-53.04743000000002,11-1-1,Chile
-72.43417999999997,-53.71539999999999,11-1-1,Chile
-71.10773,-54.07432999999992,11-1-1,Chile
-70.59177999999986,-53.61582999999996,11-1-1,Chile
-70.26747999999998,-52.93123000000003,11-1-1,Chile
-69.34564999999992,-52.518299999999954,11-1-1,Chile
-68.63401022758323,-52.63637045887449,11-1-1,Chile
-69.59042375352405,-17.580011895419332,11-2-1,Chile
-69.10024695501949,-18.260125420812678,11-2-1,Chile
-68.96681840684187,-18.981683444904107,11-2-1,Chile
-68.44222510443092,-19.40506845467143,11-2-1,Chile
-68.75716712103375,-20.372657972904463,11-2-1,Chile
-68.21991309271128,-21.494346612231865,11-2-1,Chile
-67.82817989772273,-22.872918796482175,11-2-1,Chile
-67.1066735500636,-22.735924574476417,11-2-1,Chile
-66.9852339341777,-22.98634856536284,11-2-1,Chile
-67.32844295924417,-24.02530323659095,11-2-1,Chile
-68.41765296087614,-24.51855478281688,11-2-1,Chile
-68.38600114609736,-26.185016371365215,11-2-1,Chile
-68.59479977077268,-26.506908868111296,11-2-1,Chile
-68.29554155137043,-26.89933969493578,11-2-1,Chile
-69.00123491074825,-27.52121388113618,11-2-1,Chile
-69.65613033718317,-28.459141127233686,11-2-1,Chile
-70.01355038112992,-29.367922865518572,11-2-1,Chile
-69.91900834825194,-30.33633920666828,11-2-1,Chile
-70.53506893581951,-31.36501026787031,11-2-1,Chile
-70.0743993801536,-33.09120981214805,11-2-1,Chile
-69.81477698431922,-33.273886000299825,11-2-1,Chile
-69.81730912950152,-34.1935714657983,11-2-1,Chile
-70.38804948594913,-35.16968759535949,11-2-1,Chile
-70.36476925320164,-36.00508879978992,11-2-1,Chile
-71.12188066270987,-36.65812387466232,11-2-1,Chile
-71.11862504747549,-37.57682748794724,11-2-1,Chile
-70.81466427273469,-38.55299529394074,11-2-1,Chile
-71.41351660834906,-38.91602223079114,11-2-1,Chile
-71.68076127794649,-39.808164157878046,11-2-1,Chile
-71.91573401557763,-40.83233936947069,11-2-1,Chile
-71.7468037584155,-42.05138640723598,11-2-1,Chile
-72.14889807807856,-42.254888197601375,11-2-1,Chile
-71.91542395698389,-43.40856454851745,11-2-1,Chile
-71.46405615913051,-43.787611179378345,11-2-1,Chile
-71.79362260607193,-44.207172133156064,11-2-1,Chile
-71.32980078803622,-44.407521661151655,11-2-1,Chile
-71.22277889675976,-44.784242852559416,11-2-1,Chile
-71.65931555854536,-44.973688653341426,11-2-1,Chile
-71.55200944689128,-45.5607329241771,11-2-1,Chile
-71.91725847033024,-46.88483814879177,11-2-1,Chile
-72.44735531278027,-47.73853281025352,11-2-1,Chile
-72.33116085477201,-48.2442383766618,11-2-1,Chile
-72.64824744331494,-48.87861825947683,11-2-1,Chile
-73.4154357571201,-49.31843637471297,11-2-1,Chile
-73.32805091011453,-50.378785088909915,11-2-1,Chile
-72.97574683296469,-50.741450290734285,11-2-1,Chile
-72.30997351753234,-50.67700977966632,11-2-1,Chile
-72.32940385607407,-51.42595631287243,11-2-1,Chile
-71.91480383979638,-52.0090223058659,11-2-1,Chile
-69.49836218939609,-52.14276091263727,11-2-1,Chile
-68.57154537624133,-52.299443855346226,11-2-1,Chile
-69.46128434922667,-52.29195077266391,11-2-1,Chile
-69.9427795071062,-52.53793059037322,11-2-1,Chile
-70.8451016913546,-52.89920052852571,11-2-1,Chile
-71.00633216010525,-53.83325204220132,11-2-1,Chile
-71.429794684521,-53.85645476030037,11-2-1,Chile
-72.55794287788488,-53.53141000118449,11-2-1,Chile
-73.7027567206629,-52.835069268607235,11-2-1,Chile
-73.7027567206629,-52.835070076051494,11-2-1,Chile
-74.94676347522517,-52.262753588419,11-2-1,Chile
-75.2600260077785,-51.62935475037325,11-2-1,Chile
-74.97663245308988,-51.0433956846157,11-2-1,Chile
-75.47975419788355,-50.37837167745158,11-2-1,Chile
-75.60801510283198,-48.67377288187184,11-2-1,Chile
-75.18276974150216,-47.7119194476232,11-2-1,Chile
-74.1265809801047,-46.93925343199511,11-2-1,Chile
-75.64439531116545,-46.64764332457207,11-2-1,Chile
-74.69215369332312,-45.76397633238103,11-2-1,Chile
-74.35170935738425,-44.10304412208794,11-2-1,Chile
-73.24035600451522,-44.454960625995604,11-2-1,Chile
-72.7178039211798,-42.38335580827898,11-2-1,Chile
-73.38889990913822,-42.117532240569574,11-2-1,Chile
-73.70133561877488,-43.365776462579774,11-2-1,Chile
-74.33194312203261,-43.22495818458442,11-2-1,Chile
-74.0179571194272,-41.79481292090683,11-2-1,Chile
-73.67709937202999,-39.94221282324317,11-2-1,Chile
-73.21759253609065,-39.25868865331856,11-2-1,Chile
-73.50555945503712,-38.282882582351114,11-2-1,Chile
-73.58806087919109,-37.15628468195598,11-2-1,Chile
-73.1667170884993,-37.12378020604439,11-2-1,Chile
-72.55313696968174,-35.50884002049106,11-2-1,Chile
-71.86173214383263,-33.90909270603153,11-2-1,Chile
-71.4384504869299,-32.41889942803078,11-2-1,Chile
-71.66872066922247,-30.920644626592495,11-2-1,Chile
-71.37008256700773,-30.09568206148503,11-2-1,Chile
-71.48989437527645,-28.861442152625923,11-2-1,Chile
-70.90512386746161,-27.640379734001247,11-2-1,Chile
-70.72495398627599,-25.705924167587256,11-2-1,Chile
-70.40396582709502,-23.628996677344574,11-2-1,Chile
-70.09124589708074,-21.39331918710126,11-2-1,Chile
-70.16441972520605,-19.756468194256165,11-2-1,Chile
-70.37257239447771,-18.34797535570887,11-2-1,Chile
-69.85844356960587,-18.092693780187012,11-2-1,Chile
-69.59042375352405,-17.580011895419332,11-2-1,Chile
29.339997592900346,-4.4999834122940925,12-1-1,Democratic Republic of the Congo
29.519986606572928,-5.419978936386315,12-1-1,Democratic Republic of the Congo
29.419992710088167,-5.939998874539434,12-1-1,Democratic Republic of the Congo
29.620032179490014,-6.520015150583426,12-1-1,Democratic Republic of the Congo
30.199996779101696,-7.079980970898163,12-1-1,Democratic Republic of the Congo
30.74001549655179,-8.340007419470915,12-1-1,Democratic Republic of the Congo
30.740009731422095,-8.34000593035372,12-1-1,Democratic Republic of the Congo
30.346086053190817,-8.238256524288218,12-1-1,Democratic Republic of the Congo
29.00291222506047,-8.407031752153472,12-1-1,Democratic Republic of the Congo
28.734866570762502,-8.526559340044578,12-1-1,Democratic Republic of the Congo
28.449871046672826,-9.164918308146085,12-1-1,Democratic Republic of the Congo
28.67368167492893,-9.605924981324932,12-1-1,Democratic Republic of the Congo
28.49606977714177,-10.789883721564046,12-1-1,Democratic Republic of the Congo
28.372253045370428,-11.793646742401393,12-1-1,Democratic Republic of the Congo
28.642417433392353,-11.971568698782315,12-1-1,Democratic Republic of the Congo
29.34154788586909,-12.360743910372413,12-1-1,Democratic Republic of the Congo
29.61600141777123,-12.178894545137311,12-1-1,Democratic Republic of the Congo
29.69961388521949,-13.257226657771831,12-1-1,Democratic Republic of the Congo
28.934285922976837,-13.248958428605135,12-1-1,Democratic Republic of the Congo
28.523561639121027,-12.698604424696683,12-1-1,Democratic Republic of the Congo
28.155108676879987,-12.272480564017897,12-1-1,Democratic Republic of the Congo
27.388798862423783,-12.132747491100666,12-1-1,Democratic Republic of the Congo
27.164419793412463,-11.608748467661075,12-1-1,Democratic Republic of the Congo
26.553087599399618,-11.924439792532127,12-1-1,Democratic Republic of the Congo
25.752309604604733,-11.784965101776358,12-1-1,Democratic Republic of the Congo
25.418118116973204,-11.330935967659961,12-1-1,Democratic Republic of the Congo
24.78316979340295,-11.238693536018964,12-1-1,Democratic Republic of the Congo
24.31451622894795,-11.26282642989927,12-1-1,Democratic Republic of the Congo
24.25715538910399,-10.951992689663657,12-1-1,Democratic Republic of the Congo
23.912215203555718,-10.926826267137514,12-1-1,Democratic Republic of the Congo
23.45679080576744,-10.867863457892483,12-1-1,Democratic Republic of the Congo
22.83734541188474,-11.01762175867433,12-1-1,Democratic Republic of the Congo
22.402798292742375,-10.993075453335692,12-1-1,Democratic Republic of the Congo
22.155268182064308,-11.084801120653772,12-1-1,Democratic Republic of the Congo
22.208753289486395,-9.894796237836509,12-1-1,Democratic Republic of the Congo
21.875181919042348,-9.523707777548566,12-1-1,Democratic Republic of the Congo
21.8018013851879,-8.90870655684298,12-1-1,Democratic Republic of the Congo
21.949130893652043,-8.305900974158277,12-1-1,Democratic Republic of the Congo
21.74645592620331,-7.920084730667149,12-1-1,Democratic Republic of the Congo
21.7281107927397,-7.290872491081302,12-1-1,Democratic Republic of the Congo
20.5147481625265,-7.2996058081386295,12-1-1,Democratic Republic of the Congo
20.6018229509383,-6.939317722199682,12-1-1,Democratic Republic of the Congo
20.091621534920648,-6.943090101756994,12-1-1,Democratic Republic of the Congo
20.037723016040218,-7.116361179231646,12-1-1,Democratic Republic of the Congo
19.41750247567316,-7.155428562044299,12-1-1,Democratic Republic of the Congo
19.16661339689611,-7.738183688999754,12-1-1,Democratic Republic of the Congo
19.01675174324967,-7.988245944860132,12-1-1,Democratic Republic of the Congo
18.464175652752687,-7.847014255406443,12-1-1,Democratic Republic of the Congo
18.13422163256905,-7.987677504104923,12-1-1,Democratic Republic of the Congo
17.472970004962235,-8.0685511206417,12-1-1,Democratic Republic of the Congo
17.08999596524717,-7.545688978712526,12-1-1,Democratic Republic of the Congo
16.8601908708452,-7.2222978654299865,12-1-1,Democratic Republic of the Congo
16.573179965896145,-6.6226445451150875,12-1-1,Democratic Republic of the Congo
16.326528354567046,-5.877470391466268,12-1-1,Democratic Republic of the Congo
13.375597364971895,-5.8642412247995495,12-1-1,Democratic Republic of the Congo
13.024869419006961,-5.984388929878158,12-1-1,Democratic Republic of the Congo
12.735171339578699,-5.965682061388499,12-1-1,Democratic Republic of the Congo
12.32243167486351,-6.10009246177966,12-1-1,Democratic Republic of the Congo
12.182336866920252,-5.789930515163839,12-1-1,Democratic Republic of the Congo
12.436688266660868,-5.6843038875592455,12-1-1,Democratic Republic of the Congo
12.468004184629736,-5.248361504745005,12-1-1,Democratic Republic of the Congo
12.63161176926579,-4.991271254092936,12-1-1,Democratic Republic of the Congo
12.995517205465177,-4.781103203961884,12-1-1,Democratic Republic of the Congo
13.258240187237048,-4.882957452009165,12-1-1,Democratic Republic of the Congo
13.600234816144678,-4.50013844159097,12-1-1,Democratic Republic of the Congo
14.144956088933299,-4.510008640158716,12-1-1,Democratic Republic of the Congo
14.209034864975223,-4.793092136253598,12-1-1,Democratic Republic of the Congo
14.582603794013181,-4.97023894615014,12-1-1,Democratic Republic of the Congo
15.170991652088444,-4.343507175314301,12-1-1,Democratic Republic of the Congo
15.753540073314753,-3.8551648901560966,12-1-1,Democratic Republic of the Congo
16.0062895036543,-3.535132744972529,12-1-1,Democratic Republic of the Congo
15.972803175529151,-2.7123922664536124,12-1-1,Democratic Republic of the Congo
16.407091912510054,-1.7409270157986825,12-1-1,Democratic Republic of the Congo
16.865306837642123,-1.2258163387132868,12-1-1,Democratic Republic of the Congo
17.523716261472856,-0.743830254726987,12-1-1,Democratic Republic of the Congo
17.638644646889986,-0.4248316381892465,12-1-1,Democratic Republic of the Congo
17.66355268725468,-0.05808399821381727,12-1-1,Democratic Republic of the Congo
17.826540154703252,0.28892324462610475,12-1-1,Democratic Republic of the Congo
17.774191928791566,0.8556586775710854,12-1-1,Democratic Republic of the Congo
17.898835483479587,1.7418319767282782,12-1-1,Democratic Republic of the Congo
18.094275750407434,2.365721543788055,12-1-1,Democratic Republic of the Congo
18.393792351971143,2.90044342692822,12-1-1,Democratic Republic of the Congo
18.45306521980993,3.5043858911233485,12-1-1,Democratic Republic of the Congo
18.54298221199778,4.201785183118318,12-1-1,Democratic Republic of the Congo
18.93231245288476,4.709506130385975,12-1-1,Democratic Republic of the Congo
19.46778364429315,5.03152781821278,12-1-1,Democratic Republic of the Congo
20.290679152108936,4.691677761245288,12-1-1,Democratic Republic of the Congo
20.927591180106276,4.322785549329737,12-1-1,Democratic Republic of the Congo
21.659122755630023,4.22434194581372,12-1-1,Democratic Republic of the Congo
22.405123732195538,4.029160061047321,12-1-1,Democratic Republic of the Congo
22.70412356943629,4.633050848810157,12-1-1,Democratic Republic of the Congo
22.841479526468106,4.710126247573484,12-1-1,Democratic Republic of the Congo
23.29721398285014,4.609693101414223,12-1-1,Democratic Republic of the Congo
24.410531040146253,5.10878408448913,12-1-1,Democratic Republic of the Congo
24.805028924262416,4.89724660890235,12-1-1,Democratic Republic of the Congo
25.12883344900328,4.92724477784779,12-1-1,Democratic Republic of the Congo
25.278798455514305,5.170408229997192,12-1-1,Democratic Republic of the Congo
25.650455356557472,5.256087754737123,12-1-1,Democratic Republic of the Congo
26.402760857862543,5.1508745385908705,12-1-1,Democratic Republic of the Congo
27.04406538260471,5.127852688004836,12-1-1,Democratic Republic of the Congo
27.37422610851749,5.233944403500061,12-1-1,Democratic Republic of the Congo
27.97997724784281,4.408413397637375,12-1-1,Democratic Republic of the Congo
28.428993768026913,4.287154649264494,12-1-1,Democratic Republic of the Congo
28.696677687298802,4.455077215996937,12-1-1,Democratic Republic of the Congo
29.1590784034465,4.389267279473231,12-1-1,Democratic Republic of the Congo
29.71599531425602,4.600804755060153,12-1-1,Democratic Republic of the Congo
29.953500197069474,4.173699042167684,12-1-1,Democratic Republic of the Congo
30.833852421715427,3.5091716042224625,12-1-1,Democratic Republic of the Congo
30.83385989759381,3.509165961110341,12-1-1,Democratic Republic of the Congo
30.77334679538004,2.339883327642127,12-1-1,Democratic Republic of the Congo
31.174149204235817,2.204465236821264,12-1-1,Democratic Republic of the Congo
30.85267011894806,1.8493964705438088,12-1-1,Democratic Republic of the Congo
30.46850752129029,1.5838054467797065,12-1-1,Democratic Republic of the Congo
30.086153598762706,1.0623127303062887,12-1-1,Democratic Republic of the Congo
29.875778842902434,0.5973798689763612,12-1-1,Democratic Republic of the Congo
29.819503208136638,-0.2053101538133717,12-1-1,Democratic Republic of the Congo
29.58783776217217,-0.587405694179381,12-1-1,Democratic Republic of the Congo
29.579466180140884,-1.3413131648856265,12-1-1,Democratic Republic of the Congo
29.291886834436614,-1.6200558406679872,12-1-1,Democratic Republic of the Congo
29.254834832483343,-2.2151099585089113,12-1-1,Democratic Republic of the Congo
29.117478875451553,-2.2922111954883846,12-1-1,Democratic Republic of the Congo
29.024926385216787,-2.8392579077301576,12-1-1,Democratic Republic of the Congo
29.276383904749053,-3.293907159034063,12-1-1,Democratic Republic of the Congo
29.339997592900346,-4.4999834122940925,12-1-1,Democratic Republic of the Congo
41.58513,-1.6832500000000001,13-1-1,Somalia
40.993,-0.85829,13-1-1,Somalia
40.98105,2.7845199999999997,13-1-1,Somalia
41.85508309264397,3.918911920483727,13-1-1,Somalia
42.128609999999995,4.23413,13-1-1,Somalia
42.76967,4.25259,13-1-1,Somalia
43.66086999999999,4.957550000000083,13-1-1,Somalia
44.96360000000001,5.00162,13-1-1,Somalia
47.78942,8.003,13-1-1,Somalia
48.48673587422695,8.837626247589995,13-1-1,Somalia
48.93812951029645,9.451748968946617,13-1-1,Somalia
48.93823286316103,9.973500067581512,13-1-1,Somalia
48.938491245322496,10.982327378783467,13-1-1,Somalia
48.94200524271835,11.394266058798138,13-1-1,Somalia
48.94820475850974,11.410617281697963,13-1-1,Somalia
48.94820475850985,11.41061728169797,13-1-1,Somalia
49.26776,11.43033,13-1-1,Somalia
49.72862,11.5789,13-1-1,Somalia
50.25878000000001,11.67957,13-1-1,Somalia
50.73202,12.021900000000002,13-1-1,Somalia
51.1112,12.024640000000002,13-1-1,Somalia
51.13387,11.74815,13-1-1,Somalia
51.04153,11.16651,13-1-1,Somalia
51.04531,10.6409,13-1-1,Somalia
50.834179999999996,10.279720000000001,13-1-1,Somalia
50.55239,9.19874,13-1-1,Somalia
50.07092,8.08173,13-1-1,Somalia
49.45270000000001,6.80466,13-1-1,Somalia
48.594550000000005,5.339110000000001,13-1-1,Somalia
47.740790000000004,4.2194,13-1-1,Somalia
46.56476,2.85529,13-1-1,Somalia
45.563990000000004,2.04576,13-1-1,Somalia
44.068149999999996,1.0528300000000002,13-1-1,Somalia
43.13597,0.2922,13-1-1,Somalia
42.04157000000001,-0.9191600000000001,13-1-1,Somalia
41.81095,-1.4464700000000001,13-1-1,Somalia
41.58513,-1.6832500000000001,13-1-1,Somalia
39.20222,-4.67677,14-1-1,Kenya
37.7669,-3.6771200000000004,14-1-1,Kenya
37.69868999999994,-3.0969899999999484,14-1-1,Kenya
34.07261999999997,-1.0598199999999451,14-1-1,Kenya
33.90371119710453,-0.9500000000000001,14-1-1,Kenya
33.893568969666944,0.1098135378618963,14-1-1,Kenya
34.18,0.515,14-1-1,Kenya
34.6721,1.1769399999999999,14-1-1,Kenya
35.03599,1.90584,14-1-1,Kenya
34.59607,3.0537400000001185,14-1-1,Kenya
34.47913,3.5556000000000836,14-1-1,Kenya
34.005,4.249884947362048,14-1-1,Kenya
34.62019626785388,4.8471227420819885,14-1-1,Kenya
35.29800711823298,5.506,14-1-1,Kenya
35.817447662353516,5.338232082790797,14-1-1,Kenya
35.817447662353516,4.7769656634618896,14-1-1,Kenya
36.159078632855646,4.447864127672769,14-1-1,Kenya
36.85509323800812,4.447864127672769,14-1-1,Kenya
38.120915,3.598605,14-1-1,Kenya
38.43697,3.58851,14-1-1,Kenya
38.67114,3.6160700000000006,14-1-1,Kenya
38.89251,3.5007400000000004,14-1-1,Kenya
39.55938425876585,3.42206,14-1-1,Kenya
39.85494,3.83879,14-1-1,Kenya
40.76848,4.257020000000001,14-1-1,Kenya
41.1718,3.9190899999999997,14-1-1,Kenya
41.85508309264397,3.918911920483727,14-1-1,Kenya
40.98105,2.7845199999999997,14-1-1,Kenya
40.993,-0.85829,14-1-1,Kenya
41.58513,-1.6832500000000001,14-1-1,Kenya
40.88477,-2.08255,14-1-1,Kenya
40.63785000000001,-2.49979,14-1-1,Kenya
40.26304000000001,-2.57309,14-1-1,Kenya
40.12119,-3.27768,14-1-1,Kenya
39.80006,-3.68116,14-1-1,Kenya
39.604890000000005,-4.3465300000000004,14-1-1,Kenya
39.20222,-4.67677,14-1-1,Kenya
24.567369012152085,8.229187933785468,15-1-1,Sudan
23.805813429466752,8.666318874542526,15-1-1,Sudan
23.459012892355986,8.954285793488893,15-1-1,Sudan
23.394779087017184,9.265067857292223,15-1-1,Sudan
23.55724979014283,9.6812181665386845,15-1-1,Sudan
23.554304233502194,10.089255275915308,15-1-1,Sudan
22.97754357269261,10.71446259199854,15-1-1,Sudan
22.864165480244225,11.142395127807546,15-1-1,Sudan
22.876219999999932,11.384610000000123,15-1-1,Sudan
22.50869,11.679360000000031,15-1-1,Sudan
22.497619999999984,12.260240000000067,15-1-1,Sudan
22.288010000000043,12.646049999999946,15-1-1,Sudan
21.93680999999998,12.588180000000136,15-1-1,Sudan
22.037589999999966,12.95545999999996,15-1-1,Sudan
22.296580000000006,13.372319999999945,15-1-1,Sudan
22.18329,13.78648000000004,15-1-1,Sudan
22.512020000000007,14.093179999999961,15-1-1,Sudan
22.30350999999996,14.326820000000055,15-1-1,Sudan
22.56795000000011,14.944290000000137,15-1-1,Sudan
23.024590000000103,15.680720000000065,15-1-1,Sudan
23.886890000000108,15.610839999999996,15-1-1,Sudan
23.83766000000014,19.580470000000105,15-1-1,Sudan
23.850000000000136,20.000000000000057,15-1-1,Sudan
25.000000000000114,20.003040000000055,15-1-1,Sudan
25,22,15-1-1,Sudan
29.019999999999982,22,15-1-1,Sudan
32.89999999999998,22,15-1-1,Sudan
36.86622999999997,22,15-1-1,Sudan
37.1887200000001,21.018850000000043,15-1-1,Sudan
36.969409999999925,20.83744000000013,15-1-1,Sudan
37.11470000000014,19.807960000000094,15-1-1,Sudan
37.4817900000001,18.61409000000009,15-1-1,Sudan
37.862760000000094,18.36785999999995,15-1-1,Sudan
38.410089959473225,17.998307399970315,15-1-1,Sudan
37.90400000000011,17.427540000000022,15-1-1,Sudan
37.167470000000094,17.263140000000135,15-1-1,Sudan
36.852530000000115,16.956549999999993,15-1-1,Sudan
36.75389000000007,16.291860000000042,15-1-1,Sudan
36.32321999999999,14.822490000000016,15-1-1,Sudan
36.42951000000005,14.422110000000032,15-1-1,Sudan
36.27022000000005,13.563330000000121,15-1-1,Sudan
35.86363,12.578280000000063,15-1-1,Sudan
35.26049000000006,12.08286000000004,15-1-1,Sudan
34.83163000000013,11.318960000000118,15-1-1,Sudan
34.73115000000013,10.910170000000107,15-1-1,Sudan
34.25745000000006,10.630089999999996,15-1-1,Sudan
33.961620000000096,9.583580000000097,15-1-1,Sudan
33.97498000000007,8.68455999999992,15-1-1,Sudan
33.963392794971185,9.464285229420625,15-1-1,Sudan
33.82496348090751,9.484060845715362,15-1-1,Sudan
33.84213085302815,9.981914637215993,15-1-1,Sudan
33.72195924818311,10.325262079630193,15-1-1,Sudan
33.206938084561784,10.720111638406593,15-1-1,Sudan
33.086766479716744,11.441141267476496,15-1-1,Sudan
33.206938084561784,12.179338268667095,15-1-1,Sudan
32.743419037302544,12.248007757149992,15-1-1,Sudan
32.67474954881965,12.02483191958072,15-1-1,Sudan
32.073891524594785,11.973329803218519,15-1-1,Sudan
32.31423473428475,11.68148447716652,15-1-1,Sudan
32.400071594888345,11.080626452941488,15-1-1,Sudan
31.850715687025513,10.531270545078826,15-1-1,Sudan
31.35286189552488,9.810240916008695,15-1-1,Sudan
30.837840731903384,9.70723668328452,15-1-1,Sudan
29.996639497988554,10.290927335388687,15-1-1,Sudan
29.61895731133285,10.084918869940225,15-1-1,Sudan
29.515953078608618,9.793073543888056,15-1-1,Sudan
29.000931914987177,9.60423245056029,15-1-1,Sudan
28.966597170745786,9.398223985111656,15-1-1,Sudan
27.970889587744352,9.398223985111656,15-1-1,Sudan
27.833550610778786,9.60423245056029,15-1-1,Sudan
27.112520981708883,9.638567194801624,15-1-1,Sudan
26.752006167173818,9.466893473594496,15-1-1,Sudan
26.477328213242515,9.552730334198088,15-1-1,Sudan
25.962307049621018,10.136420986302426,15-1-1,Sudan
25.790633328413946,10.411098940233728,15-1-1,Sudan
25.069603699343986,10.273759963267992,15-1-1,Sudan
24.794925745412684,9.810240916008695,15-1-1,Sudan
24.53741516360202,8.91753756573172,15-1-1,Sudan
24.19406772118765,8.728696472403897,15-1-1,Sudan
23.886979580860668,8.619729712933065,15-1-1,Sudan
24.567369012152085,8.229187933785468,15-1-1,Sudan
23.83766000000014,19.580470000000105,16-1-1,Chad
23.886890000000108,15.610839999999996,16-1-1,Chad
23.024590000000103,15.680720000000065,16-1-1,Chad
22.56795000000011,14.944290000000137,16-1-1,Chad
22.30350999999996,14.326820000000055,16-1-1,Chad
22.512020000000007,14.093179999999961,16-1-1,Chad
22.18329,13.78648000000004,16-1-1,Chad
22.296580000000006,13.372319999999945,16-1-1,Chad
22.037589999999966,12.95545999999996,16-1-1,Chad
21.93680999999998,12.588180000000136,16-1-1,Chad
22.288010000000043,12.646049999999946,16-1-1,Chad
22.497619999999984,12.260240000000067,16-1-1,Chad
22.50869,11.679360000000031,16-1-1,Chad
22.876219999999932,11.384610000000123,16-1-1,Chad
22.864165480244225,11.142395127807546,16-1-1,Chad
22.23112918466876,10.97188873946061,16-1-1,Chad
21.723821648859456,10.567055568885976,16-1-1,Chad
21.000868361096167,9.475985215691509,16-1-1,Chad
20.05968549976427,9.012706000194854,16-1-1,Chad
19.09400800952602,9.07484691002584,16-1-1,Chad
18.812009718509273,8.982914536978598,16-1-1,Chad
18.911021762780507,8.630894680206353,16-1-1,Chad
18.38955488452322,8.281303615751824,16-1-1,Chad
17.964929640380888,7.890914008002994,16-1-1,Chad
16.705988396886255,7.5083275415299795,16-1-1,Chad
16.456184523187346,7.734773667832968,16-1-1,Chad
16.290561557691888,7.754307359239419,16-1-1,Chad
16.106231723706742,7.497087917506462,16-1-1,Chad
15.279460483469109,7.421924546737969,16-1-1,Chad
15.436091749745742,7.692812404811889,16-1-1,Chad
15.120865512765306,8.382150173369439,16-1-1,Chad
14.97999555833769,8.796104234243472,16-1-1,Chad
14.54446658698177,8.965861314322268,16-1-1,Chad
13.954218377344006,9.549494940626687,16-1-1,Chad
14.171466098699028,10.021378282099931,16-1-1,Chad
14.62720055508106,9.920919297724538,16-1-1,Chad
14.909353875394716,9.992129421422732,16-1-1,Chad
15.467872755605242,9.982336737503545,16-1-1,Chad
14.92356489427496,10.891325181517473,16-1-1,Chad
14.9601518083376,11.555574042197224,16-1-1,Chad
14.89336000000003,12.219049999999982,16-1-1,Chad
14.495787387762846,12.85939626713733,16-1-1,Chad
14.595781284247607,13.33042694747786,16-1-1,Chad
13.95447675950561,13.353448798063766,16-1-1,Chad
13.956698846094127,13.996691189016929,16-1-1,Chad
13.540393507550789,14.367133693901224,16-1-1,Chad
13.972170000000006,15.684370000000058,16-1-1,Chad
15.247731154041844,16.627305813050782,16-1-1,Chad
15.30044111497972,17.927949937405003,16-1-1,Chad
15.685740594147774,19.957180080642388,16-1-1,Chad
15.903246697664315,20.387618923417506,16-1-1,Chad
15.487148064850146,20.730414537025638,16-1-1,Chad
15.47106000000008,21.04845000000006,16-1-1,Chad
15.096887648181848,21.30851878507491,16-1-1,Chad
14.851300000000037,22.862950000000126,16-1-1,Chad
15.860850000000084,23.409719999999993,16-1-1,Chad
19.849260000000072,21.49509000000006,16-1-1,Chad
23.83766000000014,19.580470000000105,16-1-1,Chad
-71.71236141629296,19.714455878167357,17-1-1,Haiti
-71.62487321642283,19.169837958243306,17-1-1,Haiti
-71.7013026597825,18.785416978424053,17-1-1,Haiti
-71.94511206733556,18.61690013272026,17-1-1,Haiti
-71.68773759630588,18.31666006110447,17-1-1,Haiti
-71.70830481635805,18.044997056546094,17-1-1,Haiti
-72.37247616238935,18.21496084235406,17-1-1,Haiti
-72.84441118029488,18.145611070218365,17-1-1,Haiti
-73.45455481636503,18.2179063989947,17-1-1,Haiti
-73.92243323433566,18.030992743395004,17-1-1,Haiti
-74.45803361682478,18.342549953682706,17-1-1,Haiti
-74.36992529976713,18.66490753831941,17-1-1,Haiti
-73.44954220243272,18.526052964751145,17-1-1,Haiti
-72.69493709989064,18.445799465401862,17-1-1,Haiti
-72.334881557897,18.668421535715254,17-1-1,Haiti
-72.79164954292489,19.10162506761803,17-1-1,Haiti
-72.78410478381028,19.48359141690341,17-1-1,Haiti
-73.41502234566175,19.639550889560283,17-1-1,Haiti
-73.18979061551762,19.915683905511912,17-1-1,Haiti
-72.57967281766362,19.871500555902358,17-1-1,Haiti
-71.71236141629296,19.714455878167357,17-1-1,Haiti
-71.70830481635805,18.044997056546094,18-1-1,Dominican Republic
-71.68773759630588,18.31666006110447,18-1-1,Dominican Republic
-71.94511206733556,18.61690013272026,18-1-1,Dominican Republic
-71.7013026597825,18.785416978424053,18-1-1,Dominican Republic
-71.62487321642283,19.169837958243306,18-1-1,Dominican Republic
-71.71236141629296,19.714455878167357,18-1-1,Dominican Republic
-71.58730445014663,19.8849105900821,18-1-1,Dominican Republic
-70.80670610216174,19.880285549391985,18-1-1,Dominican Republic
-70.21436499701613,19.62288524014616,18-1-1,Dominican Republic
-69.95081519232758,19.64799998624001,18-1-1,Dominican Republic
-69.76925004747008,19.29326711677244,18-1-1,Dominican Republic
-69.22212582057988,19.313214219637103,18-1-1,Dominican Republic
-69.25434607611385,19.015196234609874,18-1-1,Dominican Republic
-68.80941199408083,18.979074408437853,18-1-1,Dominican Republic
-68.31794328476897,18.612197577381693,18-1-1,Dominican Republic
-68.68931596543452,18.205142320218613,18-1-1,Dominican Republic
-69.16494584824892,18.42264842373511,18-1-1,Dominican Republic
-69.62398759629764,18.38071299893025,18-1-1,Dominican Republic
-69.95293392605154,18.42830699307106,18-1-1,Dominican Republic
-70.1332329983179,18.245915025296895,18-1-1,Dominican Republic
-70.51713721381422,18.184290879788833,18-1-1,Dominican Republic
-70.66929846869763,18.426885891183034,18-1-1,Dominican Republic
-70.99995012071719,18.283328762276213,18-1-1,Dominican Republic
-71.4002099270339,17.5985643579766,18-1-1,Dominican Republic
-71.65766191271202,17.7575727401387,18-1-1,Dominican Republic
-71.70830481635805,18.044997056546094,18-1-1,Dominican Republic
178.7253,71.0988,19-1-1,Russian Federation
180.00000000000006,71.51571433642829,19-1-1,Russian Federation
180.00000000000006,70.83219920854673,19-1-1,Russian Federation
178.90342499999997,70.78114000000001,19-1-1,Russian Federation
178.7253,71.0988,19-1-1,Russian Federation
49.10116000000011,46.399330000000134,19-2-1,Russian Federation
48.64541000000008,45.806290000000104,19-2-1,Russian Federation
47.67590999999999,45.64149000000015,19-2-1,Russian Federation
46.68201000000005,44.6092000000001,19-2-1,Russian Federation
47.59093999999999,43.660160000000076,19-2-1,Russian Federation
47.49252000000007,42.98658000000012,19-2-1,Russian Federation
48.58437000000015,41.808880000000045,19-2-1,Russian Federation
48.58435339611342,41.80886879162067,19-2-1,Russian Federation
47.98728315612598,41.40581920019423,19-2-1,Russian Federation
47.81566572448463,41.15141612402135,19-2-1,Russian Federation
47.37331546406623,41.2197323675112,19-2-1,Russian Federation
46.68607059101661,41.82713715266988,19-2-1,Russian Federation
46.404950799348825,41.860675157227305,19-2-1,Russian Federation
45.776400000000024,42.09244000000018,19-2-1,Russian Federation
45.47027916848572,42.50278066666998,19-2-1,Russian Federation
44.537622918481986,42.71199270280363,19-2-1,Russian Federation
43.931210000000135,42.55496000000011,19-2-1,Russian Federation
43.75599000000011,42.740830000000074,19-2-1,Russian Federation
42.39440000000013,43.220300000000066,19-2-1,Russian Federation
40.922190000000114,43.38215000000014,19-2-1,Russian Federation
40.07696495947977,43.553104153002316,19-2-1,Russian Federation
39.955008579270924,43.43499766699922,19-2-1,Russian Federation
38.68000000000001,44.280000000000086,19-2-1,Russian Federation
37.539120000000025,44.65721000000002,19-2-1,Russian Federation
36.6754600000001,45.244690000000105,19-2-1,Russian Federation
37.4031700000001,45.40451000000013,19-2-1,Russian Federation
38.23295000000002,46.24087000000003,19-2-1,Russian Federation
37.67372,46.636570000000006,19-2-1,Russian Federation
39.14767000000012,47.044750000000136,19-2-1,Russian Federation
39.121200000000044,47.26336000000009,19-2-1,Russian Federation
38.223538038899335,47.10218984637595,19-2-1,Russian Federation
38.25511233902978,47.54640045835691,19-2-1,Russian Federation
38.77057000000008,47.825620000000185,19-2-1,Russian Federation
39.738277622238854,47.89893707945197,19-2-1,Russian Federation
39.89562000000018,48.23241000000007,19-2-1,Russian Federation
39.674649999999986,48.78382000000016,19-2-1,Russian Federation
40.080789015469406,49.30742991799934,19-2-1,Russian Federation
40.06904000000014,49.60104999999999,19-2-1,Russian Federation
38.59498823421342,49.9264619004237,19-2-1,Russian Federation
38.01063113785693,49.9156615260747,19-2-1,Russian Federation
37.39345950699516,50.38395335550365,19-2-1,Russian Federation
36.62616784032542,50.225590928745135,19-2-1,Russian Federation
35.356116163887975,50.57719737405904,19-2-1,Russian Federation
35.377909999999986,50.773940000000096,19-2-1,Russian Federation
35.02218305841791,51.2075723333715,19-2-1,Russian Federation
34.22481570815427,51.25599315042888,19-2-1,Russian Federation
34.141978387190534,51.566413479206346,19-2-1,Russian Federation
34.39173058445709,51.768881740925906,19-2-1,Russian Federation
33.75269982273579,52.3350745713318,19-2-1,Russian Federation
32.715760532367085,52.23846548116211,19-2-1,Russian Federation
32.41205813978769,52.28869497334978,19-2-1,Russian Federation
32.15944000000013,52.06125000000014,19-2-1,Russian Federation
31.785992447555252,52.1016775699397,19-2-1,Russian Federation
31.785970000000077,52.1016800000001,19-2-1,Russian Federation
31.54001834486226,52.74205231384636,19-2-1,Russian Federation
31.305200636528014,53.07399587667321,19-2-1,Russian Federation
31.49763999999999,53.16743000000014,19-2-1,Russian Federation
32.30451948418823,53.13272614197291,19-2-1,Russian Federation
32.69364301934604,53.35142080343218,19-2-1,Russian Federation
32.405598585751164,53.61804535584204,19-2-1,Russian Federation
31.731272820774507,53.79402944601202,19-2-1,Russian Federation
31.79142418796224,53.974638576872124,19-2-1,Russian Federation
31.38447228366374,54.15705638286238,19-2-1,Russian Federation
30.75753380709872,54.81177094178432,19-2-1,Russian Federation
30.971835971813135,55.08154775656404,19-2-1,Russian Federation
30.87390913262001,55.55097646750341,19-2-1,Russian Federation
29.896294386522356,55.78946320253041,19-2-1,Russian Federation
29.371571893030673,55.670090643936184,19-2-1,Russian Federation
29.229513380660308,55.91834422466636,19-2-1,Russian Federation
28.17670942557794,56.16912995057879,19-2-1,Russian Federation
27.855282016722526,56.75932648378429,19-2-1,Russian Federation
27.77001590344093,57.24425812441123,19-2-1,Russian Federation
27.288184848751513,57.47452830670383,19-2-1,Russian Federation
27.71668582531572,57.79189911562436,19-2-1,Russian Federation
27.42015000000015,58.72457000000014,19-2-1,Russian Federation
28.13169925305175,59.300825100330925,19-2-1,Russian Federation
27.981120000000033,59.47537000000011,19-2-1,Russian Federation
27.981126857000987,59.47537333432527,19-2-1,Russian Federation
29.117700000000013,60.02805000000012,19-2-1,Russian Federation
28.070001921525666,60.50351912796823,19-2-1,Russian Federation
28.07000000000005,60.503520000000094,19-2-1,Russian Federation
30.21110721204445,61.780027777749694,19-2-1,Russian Federation
31.139991082490894,62.35769277612441,19-2-1,Russian Federation
31.516092156711125,62.86768748641289,19-2-1,Russian Federation
30.035872430142717,63.55281362573855,19-2-1,Russian Federation
30.44468468600371,64.20445343693909,19-2-1,Russian Federation
29.54442955904699,64.94867157659048,19-2-1,Russian Federation
30.217650000000003,65.80598,19-2-1,Russian Federation
29.054588657352326,66.94428620062206,19-2-1,Russian Federation
29.97742638522061,67.69829702419275,19-2-1,Russian Federation
28.445943637818658,68.36461294216404,19-2-1,Russian Federation
28.591929559043194,69.06477692328666,19-2-1,Russian Federation
29.399550000000033,69.15692000000013,19-2-1,Russian Federation
31.101042202597625,69.55810108805622,19-2-1,Russian Federation
31.10108000000008,69.55811000000011,19-2-1,Russian Federation
32.13272000000018,69.90595000000019,19-2-1,Russian Federation
33.77547000000004,69.30142000000012,19-2-1,Russian Federation
36.51396,69.06342000000006,19-2-1,Russian Federation
40.29234000000014,67.93240000000003,19-2-1,Russian Federation
41.059870000000046,67.45713000000012,19-2-1,Russian Federation
41.1259500000001,66.79158000000007,19-2-1,Russian Federation
40.01583000000005,66.26618000000013,19-2-1,Russian Federation
38.382949999999994,65.9995300000001,19-2-1,Russian Federation
33.91871000000015,66.75961000000001,19-2-1,Russian Federation
33.18444000000005,66.63252999999997,19-2-1,Russian Federation
34.814770000000124,65.90015000000017,19-2-1,Russian Federation
34.87857425307874,65.4362128770482,19-2-1,Russian Federation
34.94391000000007,64.41437000000019,19-2-1,Russian Federation
36.23129,64.10945000000004,19-2-1,Russian Federation
37.01273000000009,63.84983000000011,19-2-1,Russian Federation
37.141970000000185,64.33471000000009,19-2-1,Russian Federation
36.53957903508979,64.76446000000004,19-2-1,Russian Federation
37.17604000000006,65.14322000000016,19-2-1,Russian Federation
39.59345000000002,64.5207900000002,19-2-1,Russian Federation
40.43560000000008,64.76446000000004,19-2-1,Russian Federation
39.76260000000019,65.49682000000001,19-2-1,Russian Federation
42.09309000000013,66.47623000000004,19-2-1,Russian Federation
43.01604000000009,66.41858000000013,19-2-1,Russian Federation
43.94975000000011,66.06908000000004,19-2-1,Russian Federation
44.53226000000001,66.75634000000014,19-2-1,Russian Federation
43.698390000000074,67.35245000000003,19-2-1,Russian Federation
44.18795000000017,67.95051000000012,19-2-1,Russian Federation
43.45282000000003,68.57078999999999,19-2-1,Russian Federation
46.250000000000114,68.25,19-2-1,Russian Federation
46.82134000000008,67.68997000000007,19-2-1,Russian Federation
45.55517000000003,67.56652000000003,19-2-1,Russian Federation
45.56202000000013,67.01005000000015,19-2-1,Russian Federation
46.34915000000012,66.6676700000001,19-2-1,Russian Federation
47.89416000000017,66.8845500000001,19-2-1,Russian Federation
48.13876000000005,67.52238000000006,19-2-1,Russian Federation
50.22766000000013,67.99867000000017,19-2-1,Russian Federation
53.71743000000015,68.85738000000015,19-2-1,Russian Federation
54.47171000000009,68.80815000000001,19-2-1,Russian Federation
53.48582000000016,68.20130999999998,19-2-1,Russian Federation
54.726279999999974,68.09701999999999,19-2-1,Russian Federation
55.44268000000011,68.43866000000008,19-2-1,Russian Federation
57.31702000000007,68.4662800000001,19-2-1,Russian Federation
58.802000000000135,68.88081999999997,19-2-1,Russian Federation
59.94142000000011,68.27844000000005,19-2-1,Russian Federation
61.07784000000021,68.94069000000007,19-2-1,Russian Federation
60.02999999999997,69.5200000000001,19-2-1,Russian Federation
60.55000000000001,69.85000000000002,19-2-1,Russian Federation
63.50400000000013,69.54739000000006,19-2-1,Russian Federation
64.88811500000003,69.23483500000009,19-2-1,Russian Federation
68.51216000000016,68.09233000000012,19-2-1,Russian Federation
69.18068000000011,68.61563000000012,19-2-1,Russian Federation
68.16444000000007,69.14436000000006,19-2-1,Russian Federation
68.13522,69.35649000000012,19-2-1,Russian Federation
66.93008000000015,69.45461000000012,19-2-1,Russian Federation
67.25976000000009,69.92873000000009,19-2-1,Russian Federation
66.72492000000017,70.70889000000017,19-2-1,Russian Federation
66.69466000000006,71.02897000000019,19-2-1,Russian Federation
68.54006000000004,71.93450000000018,19-2-1,Russian Federation
69.19636000000003,72.84336000000019,19-2-1,Russian Federation
69.94,73.04000000000008,19-2-1,Russian Federation
72.58754000000005,72.77629000000013,19-2-1,Russian Federation
72.79603000000003,72.22005999999999,19-2-1,Russian Federation
71.84811000000008,71.4089800000001,19-2-1,Russian Federation
72.47010999999998,71.09019000000006,19-2-1,Russian Federation
72.79188000000005,70.39114000000001,19-2-1,Russian Federation
72.56470000000013,69.02085,19-2-1,Russian Federation
73.66787,68.40789999999998,19-2-1,Russian Federation
73.23870000000005,67.74040000000002,19-2-1,Russian Federation
71.28000000000009,66.3200000000001,19-2-1,Russian Federation
72.42301000000009,66.17267000000021,19-2-1,Russian Federation
72.82076999999998,66.53267000000005,19-2-1,Russian Federation
73.92099000000013,66.78946000000013,19-2-1,Russian Federation
74.18651000000011,67.28429,19-2-1,Russian Federation
75.05200000000008,67.76047000000011,19-2-1,Russian Federation
74.46926000000013,68.32899000000009,19-2-1,Russian Federation
74.9358400000001,68.98918000000009,19-2-1,Russian Federation
73.84235999999999,69.07146000000006,19-2-1,Russian Federation
73.60187000000019,69.62763000000001,19-2-1,Russian Federation
74.39980000000003,70.63175000000001,19-2-1,Russian Federation
73.10109999999997,71.4471700000002,19-2-1,Russian Federation
74.89082000000019,72.12119000000013,19-2-1,Russian Federation
74.65926000000007,72.83227000000005,19-2-1,Russian Federation
75.1580100000001,72.85497000000015,19-2-1,Russian Federation
75.68351000000013,72.30056000000013,19-2-1,Russian Federation
75.2889800000001,71.3355600000001,19-2-1,Russian Federation
76.35911000000004,71.15287000000018,19-2-1,Russian Federation
75.90313000000015,71.87401000000006,19-2-1,Russian Federation
77.57665000000009,72.26717000000002,19-2-1,Russian Federation
79.6520200000001,72.32011,19-2-1,Russian Federation
81.50000000000006,71.75000000000006,19-2-1,Russian Federation
80.6107100000001,72.58285000000012,19-2-1,Russian Federation
80.51109000000002,73.64819999999997,19-2-1,Russian Federation
82.25000000000006,73.85000000000014,19-2-1,Russian Federation
84.65526,73.80591000000021,19-2-1,Russian Federation
86.82230000000015,73.93688000000003,19-2-1,Russian Federation
86.00956000000002,74.45967000000019,19-2-1,Russian Federation
87.16682000000014,75.11643000000004,19-2-1,Russian Federation
88.31571000000008,75.14393000000007,19-2-1,Russian Federation
90.26000000000005,75.64000000000004,19-2-1,Russian Federation
92.90057999999999,75.7733300000001,19-2-1,Russian Federation
93.23421000000008,76.04720000000009,19-2-1,Russian Federation
95.86000000000018,76.1400000000001,19-2-1,Russian Federation
96.67821000000009,75.91548,19-2-1,Russian Federation
98.92254000000014,76.44689,19-2-1,Russian Federation
100.75967000000014,76.43028000000004,19-2-1,Russian Federation
101.03532000000001,76.86189000000007,19-2-1,Russian Federation
101.9908400000001,77.28754000000015,19-2-1,Russian Federation
104.35160000000013,77.69792000000007,19-2-1,Russian Federation
106.06664000000018,77.37389000000007,19-2-1,Russian Federation
104.70500000000015,77.12740000000008,19-2-1,Russian Federation
106.9701300000001,76.97419000000008,19-2-1,Russian Federation
107.24000000000012,76.48000000000002,19-2-1,Russian Federation
108.1538000000001,76.7233500000001,19-2-1,Russian Federation
111.0772600000002,76.71000000000004,19-2-1,Russian Federation
113.33150999999998,76.22224,19-2-1,Russian Federation
114.13417000000004,75.84764000000001,19-2-1,Russian Federation
113.88539000000003,75.32779000000016,19-2-1,Russian Federation
112.77918,75.03186000000011,19-2-1,Russian Federation
110.15125000000012,74.47673000000003,19-2-1,Russian Federation
109.40000000000003,74.18000000000006,19-2-1,Russian Federation
110.63999999999999,74.04000000000002,19-2-1,Russian Federation
112.11919,73.78774000000016,19-2-1,Russian Federation
113.01954000000023,73.97693000000015,19-2-1,Russian Federation
113.52958000000024,73.33505000000014,19-2-1,Russian Federation
113.96880999999996,73.59488000000005,19-2-1,Russian Federation
115.56781999999998,73.75285000000008,19-2-1,Russian Federation
118.77633000000014,73.58771999999999,19-2-1,Russian Federation
119.01999999999998,73.12000000000006,19-2-1,Russian Federation
123.20066000000008,72.97122000000007,19-2-1,Russian Federation
123.25777000000016,73.73503000000005,19-2-1,Russian Federation
125.38000000000011,73.56000000000006,19-2-1,Russian Federation
126.97644000000003,73.56549000000012,19-2-1,Russian Federation
128.59126000000003,73.0387100000001,19-2-1,Russian Federation
129.05156999999997,72.39872000000008,19-2-1,Russian Federation
128.46000000000004,71.98000000000002,19-2-1,Russian Federation
129.71599000000015,71.19304000000011,19-2-1,Russian Federation
131.28858000000025,70.78699000000012,19-2-1,Russian Federation
132.25350000000014,71.83630000000011,19-2-1,Russian Federation
133.85766000000024,71.3864200000001,19-2-1,Russian Federation
135.56192999999996,71.65525000000014,19-2-1,Russian Federation
137.49755000000005,71.3476300000001,19-2-1,Russian Federation
138.23409000000015,71.62803000000002,19-2-1,Russian Federation
139.8698300000001,71.48783000000014,19-2-1,Russian Federation
139.14791000000002,72.41619000000014,19-2-1,Russian Federation
140.46817,72.84941000000015,19-2-1,Russian Federation
149.5,72.20000000000005,19-2-1,Russian Federation
150.3511800000001,71.60643000000005,19-2-1,Russian Federation
152.9689000000002,70.84222000000005,19-2-1,Russian Federation
157.00688000000002,71.03141000000005,19-2-1,Russian Federation
158.99779,70.86671999999999,19-2-1,Russian Federation
159.83031000000017,70.45324000000005,19-2-1,Russian Federation
159.70866,69.72198000000003,19-2-1,Russian Federation
160.9405300000003,69.4372800000001,19-2-1,Russian Federation
162.27907000000005,69.64204000000001,19-2-1,Russian Federation
164.05248000000006,69.66823,19-2-1,Russian Federation
165.94037000000014,69.47199,19-2-1,Russian Federation
167.83566999999994,69.58269000000013,19-2-1,Russian Federation
169.5776300000001,68.69380000000007,19-2-1,Russian Federation
170.8168800000002,69.01362999999998,19-2-1,Russian Federation
170.0082000000001,69.65276000000006,19-2-1,Russian Federation
170.4534500000002,70.09703000000007,19-2-1,Russian Federation
173.64391000000012,69.81743000000006,19-2-1,Russian Federation
175.7240300000002,69.87725000000017,19-2-1,Russian Federation
178.60000000000002,69.40000000000003,19-2-1,Russian Federation
180,68.96363636363651,19-2-1,Russian Federation
180,64.97970870219848,19-2-1,Russian Federation
179.99280999999996,64.97433000000001,19-2-1,Russian Federation
178.70720000000028,64.53493000000003,19-2-1,Russian Federation
177.41128000000003,64.60821000000004,19-2-1,Russian Federation
178.3130000000001,64.07593000000003,19-2-1,Russian Federation
178.90825000000018,63.251970000000085,19-2-1,Russian Federation
179.37033999999994,62.98262000000011,19-2-1,Russian Federation
179.48636,62.56894,19-2-1,Russian Federation
179.22825,62.304100000000176,19-2-1,Russian Federation
177.36430000000007,62.52190000000007,19-2-1,Russian Federation
174.56929000000025,61.769150000000025,19-2-1,Russian Federation
173.68013000000008,61.652610000000095,19-2-1,Russian Federation
172.14999999999998,60.94999999999999,19-2-1,Russian Federation
170.69850000000008,60.33618000000013,19-2-1,Russian Federation
170.33085000000028,59.881770000000074,19-2-1,Russian Federation
168.90045999999995,60.57355000000007,19-2-1,Russian Federation
166.29498000000024,59.78855000000016,19-2-1,Russian Federation
165.84000000000015,60.160000000000025,19-2-1,Russian Federation
164.87673999999993,59.731600000000014,19-2-1,Russian Federation
163.53929000000005,59.86871000000002,19-2-1,Russian Federation
163.21711000000016,59.211010000000044,19-2-1,Russian Federation
162.01733000000002,58.24328000000003,19-2-1,Russian Federation
162.05296999999996,57.83911999999998,19-2-1,Russian Federation
163.19191,57.615030000000104,19-2-1,Russian Federation
163.05794000000014,56.159240000000125,19-2-1,Russian Federation
162.12958000000015,56.122190000000046,19-2-1,Russian Federation
161.70146,55.285680000000184,19-2-1,Russian Federation
162.1174900000001,54.855140000000006,19-2-1,Russian Federation
160.36877000000027,54.34433000000007,19-2-1,Russian Federation
160.02173000000016,53.202570000000094,19-2-1,Russian Federation
158.5309400000001,52.958680000000186,19-2-1,Russian Federation
158.23118,51.94269000000003,19-2-1,Russian Federation
156.78979000000027,51.01105000000007,19-2-1,Russian Federation
156.42000000000007,51.700000000000045,19-2-1,Russian Federation
155.99181999999996,53.158950000000004,19-2-1,Russian Federation
155.43366000000003,55.38103000000012,19-2-1,Russian Federation
155.9144200000003,56.767920000000174,19-2-1,Russian Federation
156.75815,57.36470000000003,19-2-1,Russian Federation
156.81035000000008,57.832040000000006,19-2-1,Russian Federation
158.3643300000001,58.055750000000046,19-2-1,Russian Federation
160.15064000000007,59.31477000000007,19-2-1,Russian Federation
161.87203999999997,60.343000000000075,19-2-1,Russian Federation
163.66968999999995,61.1409000000001,19-2-1,Russian Federation
164.47355000000005,62.550610000000006,19-2-1,Russian Federation
163.25842000000011,62.46627000000012,19-2-1,Russian Federation
162.65791000000002,61.64250000000004,19-2-1,Russian Federation
160.12148000000002,60.544230000000084,19-2-1,Russian Federation
159.30232,61.7739600000001,19-2-1,Russian Federation
156.72068000000002,61.434420000000046,19-2-1,Russian Federation
154.21806000000026,59.75818000000015,19-2-1,Russian Federation
155.04375000000005,59.14495000000005,19-2-1,Russian Federation
152.81185000000005,58.88385000000005,19-2-1,Russian Federation
151.2657300000002,58.78089,19-2-1,Russian Federation
151.33815000000004,59.50396000000006,19-2-1,Russian Federation
149.78371000000004,59.655730000000176,19-2-1,Russian Federation
148.54480999999998,59.164480000000026,19-2-1,Russian Federation
145.48721999999998,59.336370000000045,19-2-1,Russian Federation
142.1978200000001,59.03998000000013,19-2-1,Russian Federation
138.95848000000024,57.08805000000007,19-2-1,Russian Federation
135.12618999999995,54.72959000000009,19-2-1,Russian Federation
136.70171000000005,54.603550000000155,19-2-1,Russian Federation
137.19342000000006,53.97732000000002,19-2-1,Russian Federation
138.16470000000004,53.7550100000002,19-2-1,Russian Federation
138.80462999999997,54.25455000000005,19-2-1,Russian Federation
139.90151000000003,54.18968000000012,19-2-1,Russian Federation
141.34531000000004,53.08957000000015,19-2-1,Russian Federation
141.37923,52.238770000000045,19-2-1,Russian Federation
140.59742000000017,51.2396700000001,19-2-1,Russian Federation
140.51307999999995,50.045530000000156,19-2-1,Russian Federation
140.0619300000002,48.44671000000011,19-2-1,Russian Federation
138.5547200000002,46.999649999999974,19-2-1,Russian Federation
138.21970999999996,46.307950000000005,19-2-1,Russian Federation
136.86232000000007,45.14350000000013,19-2-1,Russian Federation
135.51535000000013,43.98900000000009,19-2-1,Russian Federation
134.86939000000018,43.39821000000006,19-2-1,Russian Federation
133.53687000000025,42.8114700000001,19-2-1,Russian Federation
132.90627000000006,42.79849000000013,19-2-1,Russian Federation
132.27807000000018,43.28456000000011,19-2-1,Russian Federation
130.93587000000014,42.552740000000085,19-2-1,Russian Federation
130.78000485358513,42.22001036108258,19-2-1,Russian Federation
130.78000366004676,42.220007813203225,19-2-1,Russian Federation
130.77999999999997,42.22000000000014,19-2-1,Russian Federation
130.77999231657833,42.22000960427719,19-2-1,Russian Federation
130.6400000000001,42.39500000000004,19-2-1,Russian Federation
130.63999970690955,42.39502427522179,19-2-1,Russian Federation
130.63386640840974,42.90301463477053,19-2-1,Russian Federation
131.1446879416149,42.92998973242689,19-2-1,Russian Federation
131.28855512911548,44.11151968034828,19-2-1,Russian Federation
131.02519000000018,44.96796000000006,19-2-1,Russian Federation
131.8834542176595,45.32116160743652,19-2-1,Russian Federation
133.09712000000013,45.14409000000006,19-2-1,Russian Federation
133.76964399631288,46.116926988299014,19-2-1,Russian Federation
134.1123500000001,47.212480000000085,19-2-1,Russian Federation
134.50081,47.57845000000009,19-2-1,Russian Federation
135.02631147678665,48.478229885443874,19-2-1,Russian Federation
133.37359581922794,48.18344167743487,19-2-1,Russian Federation
132.50669000000005,47.78896000000003,19-2-1,Russian Federation
130.9872600000001,47.79013000000003,19-2-1,Russian Federation
130.58229332898242,48.72968740497614,19-2-1,Russian Federation
129.39781782442043,49.44060008401544,19-2-1,Russian Federation
127.65740000000028,49.760270000000105,19-2-1,Russian Federation
127.28745568248485,50.73979726826548,19-2-1,Russian Federation
126.93915652883766,51.35389415140592,19-2-1,Russian Federation
126.56439904185697,51.7842554795327,19-2-1,Russian Federation
125.94634891164617,52.79279857035698,19-2-1,Russian Federation
125.06821129771038,53.16104482686886,19-2-1,Russian Federation
123.57146999999998,53.45880000000005,19-2-1,Russian Federation
122.24574791879283,53.431725979213695,19-2-1,Russian Federation
121.00308475147017,53.25140106873119,19-2-1,Russian Federation
120.17708865771681,52.75388621684124,19-2-1,Russian Federation
120.72578901579197,52.516226304730935,19-2-1,Russian Federation
120.7382,51.96411000000006,19-2-1,Russian Federation
120.18208000000016,51.64355000000012,19-2-1,Russian Federation
119.27939000000003,50.58292,19-2-1,Russian Federation
119.2884607280258,50.142882798862004,19-2-1,Russian Federation
117.8792444194264,49.510983384796965,19-2-1,Russian Federation
116.67880089728612,49.888531399121405,19-2-1,Russian Federation
115.48569542853136,49.80517731383475,19-2-1,Russian Federation
114.96210981655018,50.140247300815126,19-2-1,Russian Federation
114.36245649623527,50.248302720737414,19-2-1,Russian Federation
112.89773969935436,49.54356537535699,19-2-1,Russian Federation
111.58123091028662,49.37796824807769,19-2-1,Russian Federation
110.66201053267878,49.13012807880585,19-2-1,Russian Federation
109.40244917199664,49.292960516957635,19-2-1,Russian Federation
108.47516727095129,49.28254771585074,19-2-1,Russian Federation
107.86817589725095,49.793705145865815,19-2-1,Russian Federation
106.8888041524553,50.27429596618032,19-2-1,Russian Federation
105.88659142458675,50.406019192092224,19-2-1,Russian Federation
104.62158,50.27532000000019,19-2-1,Russian Federation
103.67654544476022,50.089966132195116,19-2-1,Russian Federation
102.25589000000008,50.51056000000011,19-2-1,Russian Federation
102.06521000000004,51.25991000000005,19-2-1,Russian Federation
100.88948042196262,51.51685578063832,19-2-1,Russian Federation
99.98173221232354,51.63400625264399,19-2-1,Russian Federation
98.86149051310034,52.04736603454669,19-2-1,Russian Federation
97.82573978067431,51.01099518493318,19-2-1,Russian Federation
98.23176150919156,50.422400621128745,19-2-1,Russian Federation
97.25976000000014,49.72605000000004,19-2-1,Russian Federation
95.8140200000002,49.97746000000012,19-2-1,Russian Federation
94.81594933469873,50.01343333597085,19-2-1,Russian Federation
94.14756635943559,50.48053660745717,19-2-1,Russian Federation
93.10421000000002,50.49529000000001,19-2-1,Russian Federation
92.23471154171968,50.80217072204172,19-2-1,Russian Federation
90.71366743364068,50.33181183532109,19-2-1,Russian Federation
88.80556684769552,49.47052073831242,19-2-1,Russian Federation
87.75126427607671,49.297197984405486,19-2-1,Russian Federation
87.35997033076265,49.21498078062912,19-2-1,Russian Federation
86.82935672398963,49.82667470966817,19-2-1,Russian Federation
85.54126997268247,49.69285858824816,19-2-1,Russian Federation
85.11555952346203,50.11730296487764,19-2-1,Russian Federation
84.41637739455308,50.311399644565824,19-2-1,Russian Federation
83.93511478061885,50.88924551045358,19-2-1,Russian Federation
83.38300377801238,51.069182847693924,19-2-1,Russian Federation
81.94598554883993,50.81219594990637,19-2-1,Russian Federation
80.56844689323549,51.38833649352847,19-2-1,Russian Federation
80.03555952344169,50.86475088154725,19-2-1,Russian Federation
77.80091556184425,53.404414984747575,19-2-1,Russian Federation
76.52517947785475,54.17700348572714,19-2-1,Russian Federation
76.89110029491343,54.49052440044193,19-2-1,Russian Federation
74.38482000000016,53.54685000000012,19-2-1,Russian Federation
73.42567874542044,53.489810289109755,19-2-1,Russian Federation
73.5085160663844,54.0356167669766,19-2-1,Russian Federation
72.22415001820218,54.376655381886735,19-2-1,Russian Federation
71.18013105660941,54.13328522400826,19-2-1,Russian Federation
70.86526655465514,55.169733588270105,19-2-1,Russian Federation
69.06816694527288,55.38525014914353,19-2-1,Russian Federation
68.16910037625883,54.97039175070432,19-2-1,Russian Federation
65.66687000000002,54.60125000000011,19-2-1,Russian Federation
65.17853356309593,54.35422781027211,19-2-1,Russian Federation
61.43660000000017,54.00625000000002,19-2-1,Russian Federation
60.978066440683165,53.66499339457914,19-2-1,Russian Federation
61.699986199800605,52.97999644633427,19-2-1,Russian Federation
60.73999311711458,52.71998647725775,19-2-1,Russian Federation
60.92726850774028,52.44754832621504,19-2-1,Russian Federation
59.967533807215545,51.9604204372157,19-2-1,Russian Federation
61.58800337102417,51.272658799843214,19-2-1,Russian Federation
61.337424350840934,50.79907013610426,19-2-1,Russian Federation
59.93280724471549,50.842194118851864,19-2-1,Russian Federation
59.642282342370606,50.545442206415714,19-2-1,Russian Federation
58.363320000000044,51.06364000000002,19-2-1,Russian Federation
56.77798000000013,51.043550000000096,19-2-1,Russian Federation
55.71694000000002,50.62171000000018,19-2-1,Russian Federation
54.532878452376224,51.02623973245932,19-2-1,Russian Federation
52.32872358583097,51.718652248738124,19-2-1,Russian Federation
50.76664839051216,51.6927623561599,19-2-1,Russian Federation
48.70238162618102,50.60512848571284,19-2-1,Russian Federation
48.57784142435753,49.87475962991567,19-2-1,Russian Federation
47.54948042174931,50.454698391311126,19-2-1,Russian Federation
46.75159630716274,49.35600576435377,19-2-1,Russian Federation
47.04367150247651,49.152038886097614,19-2-1,Russian Federation
46.46644575377627,48.39415233010493,19-2-1,Russian Federation
47.31524000000013,47.7158500000001,19-2-1,Russian Federation
48.05725000000001,47.74377000000004,19-2-1,Russian Federation
48.694733514201744,47.07562816017793,19-2-1,Russian Federation
48.59325000000018,46.56104000000005,19-2-1,Russian Federation
49.10116000000011,46.399330000000134,19-2-1,Russian Federation
93.77766000000001,81.0246,19-3-1,Russian Federation
95.94089500000001,81.2504,19-3-1,Russian Federation
97.88385,80.74697500000002,19-3-1,Russian Federation
100.186655,79.780135,19-3-1,Russian Federation
99.93976,78.88094,19-3-1,Russian Federation
97.75794,78.75619999999999,19-3-1,Russian Federation
94.97259,79.044745,19-3-1,Russian Federation
93.31288,79.4265,19-3-1,Russian Federation
92.5454,80.14379000000001,19-3-1,Russian Federation
91.18107000000002,80.34146000000001,19-3-1,Russian Federation
93.77766000000001,81.0246,19-3-1,Russian Federation
102.837815,79.28129,19-4-1,Russian Federation
105.37243000000001,78.71334,19-4-1,Russian Federation
105.07547000000002,78.30689,19-4-1,Russian Federation
99.43814,77.921,19-4-1,Russian Federation
101.2649,79.23399,19-4-1,Russian Federation
102.08635,79.34641,19-4-1,Russian Federation
102.837815,79.28129,19-4-1,Russian Federation
138.831075,76.13676000000001,19-5-1,Russian Federation
141.47161499999999,76.09289,19-5-1,Russian Federation
145.086285,75.562625,19-5-1,Russian Federation
144.3,74.82000000000001,19-5-1,Russian Federation
140.61381,74.84768,19-5-1,Russian Federation
138.95544,74.61148,19-5-1,Russian Federation
136.97439,75.26167000000001,19-5-1,Russian Federation
137.51176,75.94917,19-5-1,Russian Federation
138.831075,76.13676000000001,19-5-1,Russian Federation
148.22223,75.345845,19-6-1,Russian Federation
150.73167,75.08406,19-6-1,Russian Federation
149.575925,74.68892,19-6-1,Russian Federation
147.977465,74.778355,19-6-1,Russian Federation
146.11919,75.17298,19-6-1,Russian Federation
146.358485,75.49682,19-6-1,Russian Federation
148.22223,75.345845,19-6-1,Russian Federation
139.86312,73.36983000000001,19-7-1,Russian Federation
140.81171,73.76506,19-7-1,Russian Federation
142.06207,73.85758,19-7-1,Russian Federation
143.48283,73.47525,19-7-1,Russian Federation
143.60385,73.21244,19-7-1,Russian Federation
142.08763000000002,73.20544,19-7-1,Russian Federation
140.03815500000002,73.31692000000001,19-7-1,Russian Federation
139.86312,73.36983000000001,19-7-1,Russian Federation
44.84695804218114,80.58980988231714,19-8-1,Russian Federation
46.79913862487123,80.77191762971368,19-8-1,Russian Federation
48.31847741068461,80.78400991486998,19-8-1,Russian Federation
48.52280602396667,80.51456899690017,19-8-1,Russian Federation
49.097189568890855,80.7539859077084,19-8-1,Russian Federation
50.03976769389462,80.91888540315178,19-8-1,Russian Federation
51.522932977103665,80.69972565380193,19-8-1,Russian Federation
51.13618655783128,80.54728017854093,19-8-1,Russian Federation
49.79368452332071,80.4154277615482,19-8-1,Russian Federation
48.89441124857755,80.33956675894375,19-8-1,Russian Federation
48.75493655782177,80.17546824820089,19-8-1,Russian Federation
47.58611901224418,80.01018117951533,19-8-1,Russian Federation
46.50282596210963,80.2472468126543,19-8-1,Russian Federation
47.07245527526294,80.55942414012951,19-8-1,Russian Federation
44.84695804218114,80.58980988231714,19-8-1,Russian Federation
22.731098667092652,54.327536932993326,19-9-1,Russian Federation
20.892244500418627,54.31252492941253,19-9-1,Russian Federation
19.660640089606403,54.42608388937393,19-9-1,Russian Federation
19.888481479581287,54.86616038677151,19-9-1,Russian Federation
21.268448927503467,55.190481675835315,19-9-1,Russian Federation
22.315723504330577,55.015298570365864,19-9-1,Russian Federation
22.75776370615526,54.85657440858138,19-9-1,Russian Federation
22.65105187347254,54.582740993866736,19-9-1,Russian Federation
22.731098667092652,54.327536932993326,19-9-1,Russian Federation
53.50828982932515,73.7498139513002,19-10-1,Russian Federation
55.90245893740766,74.62748647734536,19-10-1,Russian Federation
55.631932814359686,75.08141225859718,19-10-1,Russian Federation
57.86864383324885,75.60939036732326,19-10-1,Russian Federation
61.170044386647476,76.25188345000812,19-10-1,Russian Federation
64.49836836127017,76.43905548776927,19-10-1,Russian Federation
66.21097700385513,76.80978221303117,19-10-1,Russian Federation
68.1570597675348,76.93969676381293,19-10-1,Russian Federation
68.85221113472508,76.5448113064546,19-10-1,Russian Federation
68.1805725442276,76.23364166940907,19-10-1,Russian Federation
64.63732628770302,75.73775462513625,19-10-1,Russian Federation
61.58350752141476,75.26088450794684,19-10-1,Russian Federation
58.47708214705335,74.30905630156285,19-10-1,Russian Federation
56.98678551618803,73.33304352486623,19-10-1,Russian Federation
55.419335971910925,72.37126760526603,19-10-1,Russian Federation
55.62283776227633,71.54059479439032,19-10-1,Russian Federation
57.535692579992315,70.72046397570212,19-10-1,Russian Federation
56.94497928246388,70.63274323188666,19-10-1,Russian Federation
53.67737511578417,70.76265778266846,19-10-1,Russian Federation
53.412016635965394,71.20666168892022,19-10-1,Russian Federation
51.601894565645665,71.47475901965045,19-10-1,Russian Federation
51.455753615124216,72.01488108996513,19-10-1,Russian Federation
52.47827518088354,72.22944163684097,19-10-1,Russian Federation
52.44416873557088,72.77473135038481,19-10-1,Russian Federation
54.42761355979758,73.6275475124976,19-10-1,Russian Federation
53.50828982932515,73.7498139513002,19-10-1,Russian Federation
142.91461551327654,53.704577541714784,19-11-1,Russian Federation
143.2608476096321,52.74076040303906,19-11-1,Russian Federation
143.23526777564763,51.75666026468876,19-11-1,Russian Federation
143.64800744036285,50.747600409541505,19-11-1,Russian Federation
144.6541475770856,48.97639069273754,19-11-1,Russian Federation
143.1739278505172,49.306551418650315,19-11-1,Russian Federation
142.55866824765013,47.86157501890495,19-11-1,Russian Federation
143.53349246640403,46.83672801369252,19-11-1,Russian Federation
143.50527713437265,46.137907619809525,19-11-1,Russian Federation
142.74770063697383,46.74076487892651,19-11-1,Russian Federation
142.09203006405454,45.966755276058834,19-11-1,Russian Federation
141.906925083585,46.80592886004656,19-11-1,Russian Federation
142.01844282447087,47.78013296161296,19-11-1,Russian Federation
141.90444461483503,48.85918854429957,19-11-1,Russian Federation
142.1358000022057,49.61516307229739,19-11-1,Russian Federation
142.17998335181528,50.9523424342819,19-11-1,Russian Federation
141.59407596249002,51.9354348822025,19-11-1,Russian Federation
141.6825460145737,53.301966457728795,19-11-1,Russian Federation
142.60693403541075,53.762145087287934,19-11-1,Russian Federation
142.20974897681543,54.225475979216874,19-11-1,Russian Federation
142.65478641171302,54.36588084575389,19-11-1,Russian Federation
142.91461551327654,53.704577541714784,19-11-1,Russian Federation
-174.92825000000002,67.20589000000001,19-12-1,Russian Federation
-175.01425000000003,66.58435,19-12-1,Russian Federation
-174.33983000000003,66.33556,19-12-1,Russian Federation
-174.57182,67.06219,19-12-1,Russian Federation
-171.85731,66.91308000000001,19-12-1,Russian Federation
-169.89958000000001,65.97724,19-12-1,Russian Federation
-170.89107,65.54138999999999,19-12-1,Russian Federation
-172.53025000000002,65.43791,19-12-1,Russian Federation
-172.555,64.46079,19-12-1,Russian Federation
-172.95533,64.25269,19-12-1,Russian Federation
-173.89184,64.2826,19-12-1,Russian Federation
-174.65392000000003,64.63125000000001,19-12-1,Russian Federation
-175.98353,64.92288,19-12-1,Russian Federation
-176.20716,65.35667000000001,19-12-1,Russian Federation
-177.22266,65.52024,19-12-1,Russian Federation
-178.35993000000002,65.39052000000001,19-12-1,Russian Federation
-178.90332000000004,65.74044,19-12-1,Russian Federation
-178.68610999999999,66.11211,19-12-1,Russian Federation
-179.88377,65.87456,19-12-1,Russian Federation
-179.43268,65.40411,19-12-1,Russian Federation
-180,64.9797087021984,19-12-1,Russian Federation
-180,68.96363636363635,19-12-1,Russian Federation
-177.55000000000004,68.2,19-12-1,Russian Federation
-174.92825000000002,67.20589000000001,19-12-1,Russian Federation
-178.69378000000003,70.89302,19-13-1,Russian Federation
-180,70.83219920854673,19-13-1,Russian Federation
-180,71.51571433642827,19-13-1,Russian Federation
-179.871875,71.55762000000001,19-13-1,Russian Federation
-179.02433000000002,71.55553,19-13-1,Russian Federation
-177.57794500000003,71.26948,19-13-1,Russian Federation
-177.663575,71.13277000000001,19-13-1,Russian Federation
-178.69378000000003,70.89302,19-13-1,Russian Federation
33.435988094713366,45.971917370797485,19-14-1,Russian Federation
33.69946184910907,46.219572831556434,19-14-1,Russian Federation
34.41040172853718,46.005162391728845,19-14-1,Russian Federation
34.73201738827845,45.96566573176062,19-14-1,Russian Federation
34.861792128174045,45.76818243191957,19-14-1,Russian Federation
35.01265897004737,45.73772519982549,19-14-1,Russian Federation
35.02078779474607,45.65121898048466,19-14-1,Russian Federation
35.51000857925311,45.40999339454612,19-14-1,Russian Federation
36.52999799983019,45.46998973243717,19-14-1,Russian Federation
36.334712762199274,45.11321564389402,19-14-1,Russian Federation
35.239999220528205,44.93999624285175,19-14-1,Russian Federation
33.882511020652885,44.361478583344194,19-14-1,Russian Federation
33.32642093276013,44.564877020844904,19-14-1,Russian Federation
33.546924269349404,45.03477081967486,19-14-1,Russian Federation
32.4541744321055,45.327466132176085,19-14-1,Russian Federation
32.63080447767919,45.51918569597899,19-14-1,Russian Federation
33.58816206231842,45.85156850848023,19-14-1,Russian Federation
33.435988094713366,45.971917370797485,19-14-1,Russian Federation
-78.98,26.790000000000003,20-1-1,Bahamas
-78.51,26.870000000000005,20-1-1,Bahamas
-77.85000000000001,26.84,20-1-1,Bahamas
-77.82000000000001,26.580000000000005,20-1-1,Bahamas
-78.91000000000001,26.42,20-1-1,Bahamas
-78.98,26.790000000000003,20-1-1,Bahamas
-77.79,27.040000000000003,20-2-1,Bahamas
-77,26.59,20-2-1,Bahamas
-77.17255,25.87918,20-2-1,Bahamas
-77.35641,26.00735,20-2-1,Bahamas
-77.34,26.53,20-2-1,Bahamas
-77.78802,26.925159999999998,20-2-1,Bahamas
-77.79,27.040000000000003,20-2-1,Bahamas
-78.19087,25.210300000000004,20-3-1,Bahamas
-77.89,25.17,20-3-1,Bahamas
-77.54,24.34,20-3-1,Bahamas
-77.53466,23.759750000000004,20-3-1,Bahamas
-77.78,23.710000000000004,20-3-1,Bahamas
-78.03405000000001,24.28615,20-3-1,Bahamas
-78.40848,24.575640000000003,20-3-1,Bahamas
-78.19087,25.210300000000004,20-3-1,Bahamas
-61.2,-51.85,21-1-1,Falkland Islands / Malvinas
-60,-51.25,21-1-1,Falkland Islands / Malvinas
-59.15,-51.5,21-1-1,Falkland Islands / Malvinas
-58.550000000000004,-51.10000000000001,21-1-1,Falkland Islands / Malvinas
-57.75,-51.55,21-1-1,Falkland Islands / Malvinas
-58.050000000000004,-51.900000000000006,21-1-1,Falkland Islands / Malvinas
-59.400000000000006,-52.199999999999996,21-1-1,Falkland Islands / Malvinas
-59.85000000000001,-51.85,21-1-1,Falkland Islands / Malvinas
-60.7,-52.300000000000004,21-1-1,Falkland Islands / Malvinas
-61.2,-51.85,21-1-1,Falkland Islands / Malvinas
15.142820000000002,79.67431,22-1-1,Norway
15.52255,80.01608,22-1-1,Norway
16.990850000000002,80.05086,22-1-1,Norway
18.251830000000002,79.70175,22-1-1,Norway
21.54383,78.95611,22-1-1,Norway
19.02737,78.5626,22-1-1,Norway
18.47172,77.82669,22-1-1,Norway
17.59441,77.63796,22-1-1,Norway
17.1182,76.80941,22-1-1,Norway
15.91315,76.77045,22-1-1,Norway
13.76259,77.38035,22-1-1,Norway
14.669560000000002,77.73565,22-1-1,Norway
13.1706,78.02493,22-1-1,Norway
11.22231,78.8693,22-1-1,Norway
10.44453,79.65239,22-1-1,Norway
13.170770000000001,80.01046000000001,22-1-1,Norway
13.71852,79.66039,22-1-1,Norway
15.142820000000002,79.67431,22-1-1,Norway
31.101042202597625,69.55810108805622,22-2-1,Norway
29.399550000000033,69.15692000000013,22-2-1,Norway
28.591929559043194,69.06477692328666,22-2-1,Norway
29.015572950971972,69.76649119737799,22-2-1,Norway
27.732292107867863,70.16419302029625,22-2-1,Norway
26.179622023226244,69.82529897732614,22-2-1,Norway
25.689212680776365,69.09211375596904,22-2-1,Norway
24.735679152126725,68.64955678982146,22-2-1,Norway
23.66204959483076,68.89124746365054,22-2-1,Norway
22.356237827247412,68.84174144151491,22-2-1,Norway
21.244936150810673,69.37044302029308,22-2-1,Norway
20.645592889089528,69.10624726020087,22-2-1,Norway
20.025268995857886,69.0651386583127,22-2-1,Norway
19.878559604581255,68.40719432237258,22-2-1,Norway
17.993868442464333,68.56739126247736,22-2-1,Norway
17.729181756265348,68.01055186631628,22-2-1,Norway
16.768878614985482,68.0139366726314,22-2-1,Norway
16.108712192456778,67.30245555283689,22-2-1,Norway
15.108411492583002,66.19386688909547,22-2-1,Norway
13.55568973150909,64.78702769638151,22-2-1,Norway
13.919905226302204,64.44542064071608,22-2-1,Norway
13.571916131248713,64.04911408146971,22-2-1,Norway
12.579935336973934,64.06621898055833,22-2-1,Norway
11.930569288794231,63.12831757267698,22-2-1,Norway
11.992064243221563,61.80036245385655,22-2-1,Norway
12.631146681375185,61.293571682370136,22-2-1,Norway
12.3003658382749,60.11793284773003,22-2-1,Norway
11.468271925511146,59.43239329694604,22-2-1,Norway
11.027368605196868,58.85614940045936,22-2-1,Norway
10.356556837616067,59.469807033925356,22-2-1,Norway
8.382000359743586,58.313288479233215,22-2-1,Norway
7.048748406613271,58.078884182357285,22-2-1,Norway
5.665835402050419,58.5881554225937,22-2-1,Norway
5.308234490590678,59.663231919993834,22-2-1,Norway
4.992078077828978,61.97099803328432,22-2-1,Norway
5.912900424837886,62.614472968182724,22-2-1,Norway
8.553411085655739,63.45400828719648,22-2-1,Norway
10.527709181366758,64.4860383164975,22-2-1,Norway
12.358346795306373,65.87972585719318,22-2-1,Norway
14.761145867581604,67.81064158799516,22-2-1,Norway
16.435927361728943,68.56320547146173,22-2-1,Norway
19.18402835457846,69.81744415961778,22-2-1,Norway
21.378416375420585,70.2551693793461,22-2-1,Norway
23.023742303161526,70.2020718451662,22-2-1,Norway
24.546543409938465,71.03049673123722,22-2-1,Norway
26.37004967622181,70.98626170519539,22-2-1,Norway
28.165547316202943,71.18547435168055,22-2-1,Norway
31.293418409965454,70.4537877468599,22-2-1,Norway
30.005435011522792,70.18625885688489,22-2-1,Norway
31.101042202597625,69.55810108805622,22-2-1,Norway
27.407505730913446,80.05640574820042,22-3-1,Norway
25.92465050629815,79.51783397085451,22-3-1,Norway
23.024465773213617,79.40001170522903,22-3-1,Norway
20.075188429451828,79.56682322866722,22-3-1,Norway
19.897266473070914,79.84236196564747,22-3-1,Norway
18.462263624757867,79.85988027619443,22-3-1,Norway
17.368015170977458,80.31889618602698,22-3-1,Norway
20.45599205901064,80.59815562613225,22-3-1,Norway
21.907944777115404,80.35767934846204,22-3-1,Norway
22.91925255706738,80.65714427359343,22-3-1,Norway
25.447625359811866,80.40734039989452,22-3-1,Norway
27.407505730913446,80.05640574820042,22-3-1,Norway
24.724120000000003,77.85385,22-4-1,Norway
22.490320000000004,77.44493,22-4-1,Norway
20.726010000000002,77.67704,22-4-1,Norway
21.416110000000003,77.93504,22-4-1,Norway
20.8119,78.25463,22-4-1,Norway
22.884259999999998,78.45494000000001,22-4-1,Norway
23.281340000000004,78.07954,22-4-1,Norway
24.724120000000003,77.85385,22-4-1,Norway
-46.76379,82.62796,23-1-1,Greenland
-43.40644,83.22516000000002,23-1-1,Greenland
-39.89753,83.180179999999993,23-1-1,Greenland
-38.62214,83.54905,23-1-1,Greenland
-35.08787,83.64513000000001,23-1-1,Greenland
-27.100460000000002,83.51966,23-1-1,Greenland
-20.84539,82.72668999999999,23-1-1,Greenland
-22.69182,82.34165,23-1-1,Greenland
-26.51753,82.29765,23-1-1,Greenland
-31.900000000000002,82.2,23-1-1,Greenland
-31.396459999999998,82.02154,23-1-1,Greenland
-27.85666,82.13177999999999,23-1-1,Greenland
-24.84448,81.78697,23-1-1,Greenland
-22.90328,82.09317,23-1-1,Greenland
-22.071749999999998,81.73449000000001,23-1-1,Greenland
-23.169610000000002,81.15271,23-1-1,Greenland
-20.62363,81.52462,23-1-1,Greenland
-15.768180000000001,81.91245,23-1-1,Greenland
-12.77018,81.71885,23-1-1,Greenland
-12.20855,81.29154,23-1-1,Greenland
-16.285330000000002,80.58004,23-1-1,Greenland
-16.85,80.35,23-1-1,Greenland
-20.04624,80.17708,23-1-1,Greenland
-17.73035,80.12912,23-1-1,Greenland
-18.900000000000002,79.4,23-1-1,Greenland
-19.70499,78.75128000000001,23-1-1,Greenland
-19.67353,77.63859000000001,23-1-1,Greenland
-18.47285,76.98565,23-1-1,Greenland
-20.03503,76.94434000000001,23-1-1,Greenland
-21.679440000000003,76.62795,23-1-1,Greenland
-19.83407,76.09808,23-1-1,Greenland
-19.59896,75.24838,23-1-1,Greenland
-20.66818,75.15585,23-1-1,Greenland
-19.37281,74.29561000000001,23-1-1,Greenland
-21.594220000000004,74.22382,23-1-1,Greenland
-20.434540000000002,73.81713,23-1-1,Greenland
-20.762340000000002,73.46436,23-1-1,Greenland
-22.17221,73.30955,23-1-1,Greenland
-23.56593,73.30663,23-1-1,Greenland
-22.313109999999998,72.62928,23-1-1,Greenland
-22.29954,72.18409,23-1-1,Greenland
-24.278340000000004,72.59788,23-1-1,Greenland
-24.79296,72.3302,23-1-1,Greenland
-23.442960000000003,72.08015999999999,23-1-1,Greenland
-22.13281,71.46898,23-1-1,Greenland
-21.753560000000004,70.66369,23-1-1,Greenland
-23.53603,70.471,23-1-1,Greenland
-24.307019999999998,70.85649000000001,23-1-1,Greenland
-25.543409999999998,71.43093999999999,23-1-1,Greenland
-25.20135,70.75225999999999,23-1-1,Greenland
-26.36276,70.22646,23-1-1,Greenland
-23.727420000000002,70.18401,23-1-1,Greenland
-22.349020000000003,70.12946000000001,23-1-1,Greenland
-25.029270000000004,69.25880000000001,23-1-1,Greenland
-27.74737,68.47046,23-1-1,Greenland
-30.67371,68.12503,23-1-1,Greenland
-31.77665,68.12078000000001,23-1-1,Greenland
-32.81105,67.73547,23-1-1,Greenland
-34.20196,66.67974,23-1-1,Greenland
-36.35284,65.9789,23-1-1,Greenland
-37.043780000000005,65.93768,23-1-1,Greenland
-38.37505,65.69213,23-1-1,Greenland
-39.81222,65.45848,23-1-1,Greenland
-40.66899,64.83997000000001,23-1-1,Greenland
-40.68281,64.13902,23-1-1,Greenland
-41.188700000000004,63.482459999999996,23-1-1,Greenland
-42.819379999999995,62.68233,23-1-1,Greenland
-42.41666000000001,61.90093,23-1-1,Greenland
-42.86619,61.074040000000004,23-1-1,Greenland
-43.3784,60.09772,23-1-1,Greenland
-44.7875,60.03676000000001,23-1-1,Greenland
-46.26364,60.85328,23-1-1,Greenland
-48.26294000000001,60.858430000000006,23-1-1,Greenland
-49.23308000000001,61.40681000000001,23-1-1,Greenland
-49.90039,62.38336,23-1-1,Greenland
-51.63325,63.62691,23-1-1,Greenland
-52.140139999999995,64.27842,23-1-1,Greenland
-52.27659,65.17670000000001,23-1-1,Greenland
-53.66166,66.09957,23-1-1,Greenland
-53.30161,66.8365,23-1-1,Greenland
-53.96911,67.18899,23-1-1,Greenland
-52.9804,68.35759,23-1-1,Greenland
-51.47536,68.72958000000001,23-1-1,Greenland
-51.08041,69.14781,23-1-1,Greenland
-50.87122,69.9291,23-1-1,Greenland
-52.013585,69.574925,23-1-1,Greenland
-52.55792,69.42616,23-1-1,Greenland
-53.456289999999996,69.283625,23-1-1,Greenland
-54.68336,69.61003,23-1-1,Greenland
-54.750009999999996,70.28932,23-1-1,Greenland
-54.35884,70.82131500000001,23-1-1,Greenland
-53.431315000000005,70.835755,23-1-1,Greenland
-51.39014,70.56978,23-1-1,Greenland
-53.109370000000006,71.20485000000001,23-1-1,Greenland
-54.00422,71.54719,23-1-1,Greenland
-55,71.40653696727257,23-1-1,Greenland
-55.83468,71.65444000000001,23-1-1,Greenland
-54.71819000000001,72.58625,23-1-1,Greenland
-55.32634,72.95861000000001,23-1-1,Greenland
-56.12003,73.64977,23-1-1,Greenland
-57.32363,74.71026,23-1-1,Greenland
-58.59679,75.09861000000001,23-1-1,Greenland
-58.58516,75.51727,23-1-1,Greenland
-61.26861,76.10238000000001,23-1-1,Greenland
-63.39165,76.1752,23-1-1,Greenland
-66.06427,76.13486,23-1-1,Greenland
-68.50438,76.06141000000001,23-1-1,Greenland
-69.66485,76.37975,23-1-1,Greenland
-71.40257,77.00857,23-1-1,Greenland
-68.77671,77.32312,23-1-1,Greenland
-66.76397,77.37595,23-1-1,Greenland
-71.04293,77.63595,23-1-1,Greenland
-73.297,78.04419,23-1-1,Greenland
-73.15938,78.43271,23-1-1,Greenland
-69.37345,78.91388,23-1-1,Greenland
-65.7107,79.39436,23-1-1,Greenland
-65.3239,79.75814,23-1-1,Greenland
-68.02298,80.11721,23-1-1,Greenland
-67.15129,80.51582,23-1-1,Greenland
-63.68925,81.21396000000001,23-1-1,Greenland
-62.234440000000006,81.3211,23-1-1,Greenland
-62.65116,81.77042,23-1-1,Greenland
-60.28249,82.03363000000002,23-1-1,Greenland
-57.207440000000005,82.19074,23-1-1,Greenland
-54.13442,82.19962,23-1-1,Greenland
-53.043279999999996,81.88833,23-1-1,Greenland
-50.39061,82.43883,23-1-1,Greenland
-48.003859999999996,82.06481000000001,23-1-1,Greenland
-46.59984000000001,81.985945,23-1-1,Greenland
-44.523,81.6607,23-1-1,Greenland
-46.9007,82.19979000000001,23-1-1,Greenland
-46.76379,82.62796,23-1-1,Greenland
68.935,-48.62500000000001,24-1-1,French Southern and Antarctic Lands
69.58,-48.940000000000005,24-1-1,French Southern and Antarctic Lands
70.525,-49.065000000000005,24-1-1,French Southern and Antarctic Lands
70.56,-49.255,24-1-1,French Southern and Antarctic Lands
70.28,-49.71,24-1-1,French Southern and Antarctic Lands
68.745,-49.775000000000006,24-1-1,French Southern and Antarctic Lands
68.72000000000001,-49.2425,24-1-1,French Southern and Antarctic Lands
68.8675,-48.830000000000005,24-1-1,French Southern and Antarctic Lands
68.935,-48.62500000000001,24-1-1,French Southern and Antarctic Lands
124.96868248911623,-8.892790215697083,25-1-1,Timor-Leste
125.08624637258026,-8.65688730228468,25-1-1,Timor-Leste
125.94707238169826,-8.432094821815035,25-1-1,Timor-Leste
126.64470421763855,-8.398246758663852,25-1-1,Timor-Leste
126.95724328013983,-8.273344821814398,25-1-1,Timor-Leste
127.33592817597463,-8.397316582882603,25-1-1,Timor-Leste
126.96799197805655,-8.668256117388893,25-1-1,Timor-Leste
125.9258850444586,-9.106007175333353,25-1-1,Timor-Leste
125.08852013560109,-9.393173109579294,25-1-1,Timor-Leste
125.07001997284061,-9.089987481322872,25-1-1,Timor-Leste
124.96868248911623,-8.892790215697083,25-1-1,Timor-Leste
16.344976840895242,-28.5767050106977,26-1-1,South Africa
16.824017368240902,-28.08216155366447,26-1-1,South Africa
17.218928663815404,-28.35594329194681,26-1-1,South Africa
17.387497185951503,-28.78351409272978,26-1-1,South Africa
17.83615197110953,-28.85637786226132,26-1-1,South Africa
18.464899122804752,-29.04546192801728,26-1-1,South Africa
19.002127312911085,-28.972443129188868,26-1-1,South Africa
19.894734327888614,-28.461104831660776,26-1-1,South Africa
19.895767856534434,-24.76779021576059,26-1-1,South Africa
20.16572553882719,-24.91796192800077,26-1-1,South Africa
20.75860924651184,-25.86813648855145,26-1-1,South Africa
20.66647016773544,-26.477453301704923,26-1-1,South Africa
20.88960900237174,-26.828542982695915,26-1-1,South Africa
21.605896030369394,-26.726533705351756,26-1-1,South Africa
22.105968865657868,-26.280256036079138,26-1-1,South Africa
22.57953169118059,-25.979447523708146,26-1-1,South Africa
22.8242712745149,-25.50045867279477,26-1-1,South Africa
23.312096795350186,-25.26868987396572,26-1-1,South Africa
23.73356977712271,-25.390129489851617,26-1-1,South Africa
24.211266717228796,-25.670215752873574,26-1-1,South Africa
25.025170525825786,-25.7196700985769,26-1-1,South Africa
25.66466637543772,-25.486816094669713,26-1-1,South Africa
25.76584882986521,-25.17484547292368,26-1-1,South Africa
25.94165205252216,-24.69637338633322,26-1-1,South Africa
26.4857532081233,-24.616326592713104,26-1-1,South Africa
26.786406691197413,-24.240690606383485,26-1-1,South Africa
27.119409620886245,-23.574323011979775,26-1-1,South Africa
28.01723595552525,-22.82775359465908,26-1-1,South Africa
29.43218834810904,-22.091312758067588,26-1-1,South Africa
29.839036899542972,-22.102216485281176,26-1-1,South Africa
30.322883335091774,-22.271611830333935,26-1-1,South Africa
30.65986535006709,-22.151567478119915,26-1-1,South Africa
31.19140913262129,-22.2515096981724,26-1-1,South Africa
31.670397983534656,-23.658969008073864,26-1-1,South Africa
31.930588820124253,-24.36941659922254,26-1-1,South Africa
31.75240848158188,-25.484283949487413,26-1-1,South Africa
31.83777794772806,-25.84333180105135,26-1-1,South Africa
31.333157586397903,-25.66019052500895,26-1-1,South Africa
31.04407962415715,-25.731452325139443,26-1-1,South Africa
30.949666782359913,-26.02264902110415,26-1-1,South Africa
30.67660851412964,-26.398078301704608,26-1-1,South Africa
30.68596194837448,-26.743845310169533,26-1-1,South Africa
31.28277306491333,-27.285879408478998,26-1-1,South Africa
31.86806033705108,-27.177927341421277,26-1-1,South Africa
32.07166548028107,-26.73382008230491,26-1-1,South Africa
32.830120477028885,-26.742191664336197,26-1-1,South Africa
32.580264926897684,-27.470157566031816,26-1-1,South Africa
32.46213260267845,-28.301011244420557,26-1-1,South Africa
32.20338870619304,-28.75240488049007,26-1-1,South Africa
31.521001417778876,-29.257386976846256,26-1-1,South Africa
31.325561150851,-29.401977634398914,26-1-1,South Africa
30.901762729625347,-29.909956963828037,26-1-1,South Africa
30.62281334811382,-30.42377573010613,26-1-1,South Africa
30.05571618014278,-31.140269463832958,26-1-1,South Africa
28.92555260591954,-32.1720411109725,26-1-1,South Africa
28.2197558936771,-32.771952813448856,26-1-1,South Africa
27.464608188595975,-33.2269637997788,26-1-1,South Africa
26.419452345492825,-33.61495045342619,26-1-1,South Africa
25.90966434093349,-33.6670402971764,26-1-1,South Africa
25.780628289500697,-33.94464609144834,26-1-1,South Africa
25.172861769315972,-33.796851495093584,26-1-1,South Africa
24.677853224392123,-33.98717579522455,26-1-1,South Africa
23.594043409934642,-33.794474379208154,26-1-1,South Africa
22.988188917744736,-33.91643075941698,26-1-1,South Africa
22.574157342222236,-33.86408253350531,26-1-1,South Africa
21.542799106541025,-34.258838799782936,26-1-1,South Africa
20.689052768647002,-34.417175388325234,26-1-1,South Africa
20.071261020597632,-34.79513681410799,26-1-1,South Africa
19.61640506356457,-34.81916635512371,26-1-1,South Africa
19.193278435958717,-34.46259897230979,26-1-1,South Africa
18.85531456876987,-34.444305515278465,26-1-1,South Africa
18.42464318204938,-33.99787281670897,26-1-1,South Africa
18.377410922934615,-34.13652068454807,26-1-1,South Africa
18.24449913907992,-33.86775156019803,26-1-1,South Africa
18.250080193767445,-33.28143075941444,26-1-1,South Africa
17.92519046394844,-32.61129078545343,26-1-1,South Africa
18.247909783611192,-32.42913136162457,26-1-1,South Africa
18.22176150887148,-31.66163298922567,26-1-1,South Africa
17.56691775886887,-30.725721123987547,26-1-1,South Africa
17.064416131262703,-29.878641045859162,26-1-1,South Africa
17.062917514726223,-29.875953871379984,26-1-1,South Africa
16.344976840895242,-28.5767050106977,26-1-1,South Africa
28.978262566857243,-28.95559661226171,26-1-2,South Africa
28.541700066855498,-28.64750172293757,26-1-2,South Africa
28.074338413207784,-28.851468601193588,26-1-2,South Africa
27.532511020627478,-29.24271087007536,26-1-2,South Africa
26.999261915807637,-29.875953871379984,26-1-2,South Africa
27.749397006956485,-30.645105889612225,26-1-2,South Africa
28.107204624145425,-30.54573211031495,26-1-2,South Africa
28.29106937023991,-30.2262167294543,26-1-2,South Africa
28.84839969250774,-30.070050551068256,26-1-2,South Africa
29.018415154748027,-29.74376555757737,26-1-2,South Africa
29.32516645683259,-29.257386976846256,26-1-2,South Africa
28.978262566857243,-28.95559661226171,26-1-2,South Africa
28.978262566857243,-28.95559661226171,27-1-1,Lesotho
29.32516645683259,-29.257386976846256,27-1-1,Lesotho
29.018415154748027,-29.74376555757737,27-1-1,Lesotho
28.84839969250774,-30.070050551068256,27-1-1,Lesotho
28.29106937023991,-30.2262167294543,27-1-1,Lesotho
28.107204624145425,-30.54573211031495,27-1-1,Lesotho
27.749397006956485,-30.645105889612225,27-1-1,Lesotho
26.999261915807637,-29.875953871379984,27-1-1,Lesotho
27.532511020627478,-29.24271087007536,27-1-1,Lesotho
28.074338413207784,-28.851468601193588,27-1-1,Lesotho
28.541700066855498,-28.64750172293757,27-1-1,Lesotho
28.978262566857243,-28.95559661226171,27-1-1,Lesotho
-117.12775999999985,32.53533999999996,28-1-1,Mexico
-115.99134999999995,32.61239000000012,28-1-1,Mexico
-114.72138999999993,32.72082999999992,28-1-1,Mexico
-114.815,32.52528000000001,28-1-1,Mexico
-113.30498,32.03914000000009,28-1-1,Mexico
-111.02361000000002,31.334719999999948,28-1-1,Mexico
-109.03500000000003,31.341940000000136,28-1-1,Mexico
-108.24193999999994,31.342220000000054,28-1-1,Mexico
-108.24000000000001,31.754853718166373,28-1-1,Mexico
-106.50758999999988,31.754520000000014,28-1-1,Mexico
-106.1429,31.399950000000047,28-1-1,Mexico
-105.63159000000002,31.08383000000009,28-1-1,Mexico
-105.03737000000001,30.644019999999955,28-1-1,Mexico
-104.70574999999997,30.121730000000014,28-1-1,Mexico
-104.4569699999999,29.571960000000047,28-1-1,Mexico
-103.94,29.27000000000004,28-1-1,Mexico
-103.11000000000001,28.970000000000027,28-1-1,Mexico
-102.48000000000002,29.75999999999999,28-1-1,Mexico
-101.66239999999999,29.77930000000009,28-1-1,Mexico
-100.95759999999996,29.380710000000136,28-1-1,Mexico
-100.45584000000002,28.69612000000012,28-1-1,Mexico
-100.10999999999996,28.110000000000127,28-1-1,Mexico
-99.51999999999992,27.54000000000002,28-1-1,Mexico
-99.30000000000001,26.840000000000032,28-1-1,Mexico
-99.01999999999992,26.37000000000006,28-1-1,Mexico
-98.23999999999995,26.06000000000006,28-1-1,Mexico
-97.52999999999992,25.84000000000009,28-1-1,Mexico
-97.14000830767071,25.8699974634784,28-1-1,Mexico
-97.52807247596655,24.9921440699203,28-1-1,Mexico
-97.70294552284224,24.272343044526735,28-1-1,Mexico
-97.77604183631905,22.93257986092766,28-1-1,Mexico
-97.87236670611111,22.44421173755336,28-1-1,Mexico
-97.69904395220419,21.898689480064263,28-1-1,Mexico
-97.38895952023677,21.411018988525825,28-1-1,Mexico
-97.18933346229329,20.635433254473128,28-1-1,Mexico
-96.52557552772032,19.890930894444068,28-1-1,Mexico
-96.29212724484177,19.320371405509547,28-1-1,Mexico
-95.90088497595997,18.82802419684873,28-1-1,Mexico
-94.83906348344271,18.562717393462208,28-1-1,Mexico
-94.42572953975622,18.144370835843347,28-1-1,Mexico
-93.5486512926824,18.423836981677937,28-1-1,Mexico
-92.7861138577835,18.52483856859226,28-1-1,Mexico
-92.0373481920904,18.704569200103435,28-1-1,Mexico
-91.40790340855926,18.87608327888023,28-1-1,Mexico
-90.77186987991087,19.28412038825678,28-1-1,Mexico
-90.53358985061305,19.8674181177513,28-1-1,Mexico
-90.45147599970124,20.707521877520435,28-1-1,Mexico
-90.2786183336849,20.999855454995554,28-1-1,Mexico
-89.60132117385149,21.26172577563449,28-1-1,Mexico
-88.54386633986286,21.49367544197662,28-1-1,Mexico
-87.65841651075772,21.45884552661198,28-1-1,Mexico
-87.05189022494807,21.5435431991383,28-1-1,Mexico
-86.81198238803296,21.331514797444754,28-1-1,Mexico
-86.84590796583262,20.849864610268355,28-1-1,Mexico
-87.38329118523586,20.25540477139873,28-1-1,Mexico
-87.62105445021075,19.64655304613592,28-1-1,Mexico
-87.43675045444178,19.47240346931227,28-1-1,Mexico
-87.58656043165593,19.04013011319074,28-1-1,Mexico
-87.83719112827151,18.25981598558343,28-1-1,Mexico
-88.09066402866318,18.51664785407405,28-1-1,Mexico
-88.3000310940937,18.4999822046599,28-1-1,Mexico
-88.49012285027935,18.486830552641607,28-1-1,Mexico
-88.84834387892661,17.883198147040233,28-1-1,Mexico
-89.02985734735182,18.001511338772488,28-1-1,Mexico
-89.15090938999553,17.95546763760042,28-1-1,Mexico
-89.14308041050333,17.808318996649405,28-1-1,Mexico
-90.06793351923098,17.819326076727478,28-1-1,Mexico
-91.00151994501596,17.81759491624571,28-1-1,Mexico
-91.00226925328421,17.25465770107418,28-1-1,Mexico
-91.45392127151516,17.252177232324172,28-1-1,Mexico
-91.08167009150065,16.918476670799407,28-1-1,Mexico
-90.71182186558772,16.687483018454728,28-1-1,Mexico
-90.60084672724093,16.47077789963879,28-1-1,Mexico
-90.43886695022204,16.410109768128095,28-1-1,Mexico
-90.46447262242266,16.069562079324655,28-1-1,Mexico
-91.74796017125595,16.066564846251765,28-1-1,Mexico
-92.2292486234063,15.251446641495875,28-1-1,Mexico
-92.08721594925207,15.064584662328441,28-1-1,Mexico
-92.20322953974733,14.830102850804069,28-1-1,Mexico
-92.22775000686983,14.538828640190928,28-1-1,Mexico
-93.35946387406176,15.615429592343673,28-1-1,Mexico
-93.87516883011853,15.940164292865916,28-1-1,Mexico
-94.69165646033014,16.200975246642884,28-1-1,Mexico
-95.25022701697304,16.128318182840644,28-1-1,Mexico
-96.05338212765332,15.752087917539598,28-1-1,Mexico
-96.55743404822829,15.653515122942792,28-1-1,Mexico
-97.26359249549665,15.917064927631316,28-1-1,Mexico
-98.01302995480961,16.107311713113916,28-1-1,Mexico
-98.94767574745651,16.566043402568766,28-1-1,Mexico
-99.69739742714705,16.70616404872817,28-1-1,Mexico
-100.82949886758132,17.17107107184205,28-1-1,Mexico
-101.66608862995446,17.649026394109626,28-1-1,Mexico
-101.91852800170022,17.916090196193977,28-1-1,Mexico
-102.47813208698892,17.975750637275098,28-1-1,Mexico
-103.50098954955808,18.29229462327885,28-1-1,Mexico
-103.91752743204682,18.74857168220001,28-1-1,Mexico
-104.9920096504755,19.316133938061682,28-1-1,Mexico
-105.49303849976144,19.946767279535436,28-1-1,Mexico
-105.73139604370766,20.434101874264115,28-1-1,Mexico
-105.39777299683135,20.531718654863425,28-1-1,Mexico
-105.50066077352443,20.81689504646613,28-1-1,Mexico
-105.27075232625793,21.07628489835514,28-1-1,Mexico
-105.26581722697404,21.42210358325235,28-1-1,Mexico
-105.6031609769754,21.87114594165257,28-1-1,Mexico
-105.69341386597313,22.269080308516152,28-1-1,Mexico
-106.02871639689897,22.773752346278627,28-1-1,Mexico
-106.90998043498837,23.767774359628902,28-1-1,Mexico
-107.91544877809139,24.54891531015295,28-1-1,Mexico
-108.40190487347098,25.172313951105934,28-1-1,Mexico
-109.26019873740665,25.58060944264406,28-1-1,Mexico
-109.44408932171734,25.82488393808768,28-1-1,Mexico
-109.29164384645628,26.442934068298428,28-1-1,Mexico
-109.80145768923182,26.676175645447927,28-1-1,Mexico
-110.3917317370857,27.16211497650454,28-1-1,Mexico
-110.64101884646163,27.859876003525528,28-1-1,Mexico
-111.17891883018785,27.94124054616907,28-1-1,Mexico
-111.75960689985163,28.46795258230395,28-1-1,Mexico
-112.2282346260904,28.95440867768349,28-1-1,Mexico
-112.27182369672869,29.266844387320077,28-1-1,Mexico
-112.80959448937398,30.02111359305235,28-1-1,Mexico
-113.16381059451868,30.786880804969428,28-1-1,Mexico
-113.14866939985717,31.170965887978923,28-1-1,Mexico
-113.87188106978186,31.567608344035193,28-1-1,Mexico
-114.20573666060352,31.524045111613134,28-1-1,Mexico
-114.77645117883503,31.79953217216115,28-1-1,Mexico
-114.93669979537214,31.393484605427602,28-1-1,Mexico
-114.7712318591735,30.913617255165263,28-1-1,Mexico
-114.67389929895177,30.162681179315996,28-1-1,Mexico
-114.33097449426293,29.750432440707414,28-1-1,Mexico
-113.58887508833544,29.061611436473015,28-1-1,Mexico
-113.42405310754054,28.82617361095123,28-1-1,Mexico
-113.27196936730553,28.7547826197399,28-1-1,Mexico
-113.14003943566439,28.41128937429596,28-1-1,Mexico
-112.9622983467965,28.42519033458251,28-1-1,Mexico
-112.76158708377488,27.780216783147523,28-1-1,Mexico
-112.45791052941166,27.52581370697476,28-1-1,Mexico
-112.2449519519368,27.17172679291076,28-1-1,Mexico
-111.61648902061921,26.662817287700477,28-1-1,Mexico
-111.28467464887302,25.732589830014433,28-1-1,Mexico
-110.9878193835724,25.294606228124564,28-1-1,Mexico
-110.71000688357134,24.82600434010186,28-1-1,Mexico
-110.65504899782889,24.298594672131117,28-1-1,Mexico
-110.17285620811344,24.265547593680424,28-1-1,Mexico
-109.77184709352855,23.811182562754198,28-1-1,Mexico
-109.40910437705571,23.36467234953625,28-1-1,Mexico
-109.43339230023292,23.1855876734287,28-1-1,Mexico
-109.85421932660171,22.818271592698068,28-1-1,Mexico
-110.03139197471444,22.823077500901206,28-1-1,Mexico
-110.29507097048366,23.43097321216669,28-1-1,Mexico
-110.94950130902805,24.000964260345995,28-1-1,Mexico
-111.6705684070127,24.484423122652515,28-1-1,Mexico
-112.18203589562148,24.738412787367167,28-1-1,Mexico
-112.14898881717085,25.47012523040405,28-1-1,Mexico
-112.3007108223797,26.012004299416617,28-1-1,Mexico
-112.77729671919155,26.32195954030317,28-1-1,Mexico
-113.46467078332194,26.768185533143424,28-1-1,Mexico
-113.59672990604383,26.639459540304472,28-1-1,Mexico
-113.84893673384425,26.90006378835244,28-1-1,Mexico
-114.46574662968004,27.142090358991368,28-1-1,Mexico
-115.05514217818501,27.72272675222291,28-1-1,Mexico
-114.98225257043742,27.798200181585116,28-1-1,Mexico
-114.57036556685495,27.74148529714489,28-1-1,Mexico
-114.19932878299926,28.115002549750557,28-1-1,Mexico
-114.16201839888464,28.566111965442303,28-1-1,Mexico
-114.93184221073665,29.27947927501549,28-1-1,Mexico
-115.518653937627,29.5563615992354,28-1-1,Mexico
-115.88736528202958,30.180793768834178,28-1-1,Mexico
-116.25835038945291,30.836464341753583,28-1-1,Mexico
-116.72152625208497,31.635743720012044,28-1-1,Mexico
-117.12775999999985,32.53533999999996,28-1-1,Mexico
-57.62513342958296,-30.21629485445426,29-1-1,Uruguay
-56.976025763564735,-30.109686374636127,29-1-1,Uruguay
-55.97324459494094,-30.883075860316303,29-1-1,Uruguay
-55.601510179249345,-30.853878676071393,29-1-1,Uruguay
-54.57245154480512,-31.494511407193748,29-1-1,Uruguay
-53.78795162618219,-32.047242526987624,29-1-1,Uruguay
-53.209588995971544,-32.727666110974724,29-1-1,Uruguay
-53.6505439927181,-33.20200408298183,29-1-1,Uruguay
-53.373661668498244,-33.768377780900764,29-1-1,Uruguay
-53.806425950726535,-34.39681487400223,29-1-1,Uruguay
-54.93586605489773,-34.952646579733624,29-1-1,Uruguay
-55.67408972840329,-34.75265878676407,29-1-1,Uruguay
-56.21529700379607,-34.85983570733742,29-1-1,Uruguay
-57.1396850246331,-34.430456231424245,29-1-1,Uruguay
-57.81786068381551,-34.4625472958775,29-1-1,Uruguay
-58.42707414410439,-33.909454441057576,29-1-1,Uruguay
-58.349611172098875,-33.26318897881541,29-1-1,Uruguay
-58.13264767112145,-33.040566908502015,29-1-1,Uruguay
-58.14244035504076,-32.044503676076154,29-1-1,Uruguay
-57.87493730328188,-31.016556084926208,29-1-1,Uruguay
-57.62513342958296,-30.21629485445426,29-1-1,Uruguay
-53.373661668498244,-33.768377780900764,30-1-1,Brazil
-53.6505439927181,-33.20200408298183,30-1-1,Brazil
-53.209588995971544,-32.727666110974724,30-1-1,Brazil
-53.78795162618219,-32.047242526987624,30-1-1,Brazil
-54.57245154480512,-31.494511407193748,30-1-1,Brazil
-55.601510179249345,-30.853878676071393,30-1-1,Brazil
-55.97324459494094,-30.883075860316303,30-1-1,Brazil
-56.976025763564735,-30.109686374636127,30-1-1,Brazil
-57.62513342958296,-30.21629485445426,30-1-1,Brazil
-56.29089962423908,-28.852760512000895,30-1-1,Brazil
-55.16228634298457,-27.881915378533463,30-1-1,Brazil
-54.490725267135524,-27.47475676850579,30-1-1,Brazil
-53.64873531758789,-26.92347258881609,30-1-1,Brazil
-53.628348965048744,-26.124865004177472,30-1-1,Brazil
-54.13004960795439,-25.547639255477254,30-1-1,Brazil
-54.625290696823576,-25.739255466415514,30-1-1,Brazil
-54.42894609233059,-25.162184747012166,30-1-1,Brazil
-54.29347632507745,-24.570799655863965,30-1-1,Brazil
-54.29295956075452,-24.02101409271073,30-1-1,Brazil
-54.65283423523513,-23.83957813893396,30-1-1,Brazil
-55.02790178080955,-24.00127369557523,30-1-1,Brazil
-55.40074723979542,-23.956935316668805,30-1-1,Brazil
-55.517639329639636,-23.571997572526637,30-1-1,Brazil
-55.610682745981144,-22.655619398694846,30-1-1,Brazil
-55.79795813660691,-22.356929620047822,30-1-1,Brazil
-56.47331743022939,-22.086300144135283,30-1-1,Brazil
-56.8815095689029,-22.28215382252148,30-1-1,Brazil
-57.937155727761294,-22.090175876557172,30-1-1,Brazil
-57.8706739976178,-20.73268767668195,30-1-1,Brazil
-58.166392381408045,-20.176700941653678,30-1-1,Brazil
-57.85380164247451,-19.96999521248619,30-1-1,Brazil
-57.949997321185826,-19.40000416430682,30-1-1,Brazil
-57.67600887717431,-18.96183969490403,30-1-1,Brazil
-57.49837114117099,-18.174187513911292,30-1-1,Brazil
-57.734558274961,-17.55246835700777,30-1-1,Brazil
-58.28080400250225,-17.271710300366017,30-1-1,Brazil
-58.38805843772404,-16.877109063385276,30-1-1,Brazil
-58.24121985536668,-16.299573256091293,30-1-1,Brazil
-60.158389655179036,-16.258283786690086,30-1-1,Brazil
-60.54296566429515,-15.093910414289596,30-1-1,Brazil
-60.251148851142936,-15.07721892665932,30-1-1,Brazil
-60.26432634137737,-14.645979099183641,30-1-1,Brazil
-60.45919816755003,-14.354007256734555,30-1-1,Brazil
-60.503304002511136,-13.775954685117659,30-1-1,Brazil
-61.08412126325565,-13.479383640194598,30-1-1,Brazil
-61.71320431176078,-13.489202162330052,30-1-1,Brazil
-62.127080857986385,-13.198780612849724,30-1-1,Brazil
-62.803060268796386,-13.000653171442686,30-1-1,Brazil
-63.19649878605057,-12.627032565972435,30-1-1,Brazil
-64.3163529120316,-12.461978041232193,30-1-1,Brazil
-65.40228146021303,-11.566270440317155,30-1-1,Brazil
-65.32189876978302,-10.895872084194679,30-1-1,Brazil
-65.44483700220539,-10.511451104375432,30-1-1,Brazil
-65.33843522811642,-9.761987806846392,30-1-1,Brazil
-66.6469083319628,-9.931331475466862,30-1-1,Brazil
-67.17380123561074,-10.306812432499612,30-1-1,Brazil
-68.04819230820539,-10.712059014532485,30-1-1,Brazil
-68.27125362819326,-11.01452117273682,30-1-1,Brazil
-68.78615759954948,-11.03638030359628,30-1-1,Brazil
-69.52967810736496,-10.951734307502194,30-1-1,Brazil
-70.0937522040469,-11.123971856331012,30-1-1,Brazil
-70.54868567572841,-11.009146823778465,30-1-1,Brazil
-70.48189388699117,-9.490118096558845,30-1-1,Brazil
-71.30241227892154,-10.079436130415374,30-1-1,Brazil
-72.18489071316985,-10.053597914269432,30-1-1,Brazil
-72.56303300646564,-9.520193780152717,30-1-1,Brazil
-73.22671342639016,-9.462212823121234,30-1-1,Brazil
-73.01538265653255,-9.032833347208062,30-1-1,Brazil
-73.57105933296707,-8.424446709835834,30-1-1,Brazil
-73.98723548042966,-7.523829847853065,30-1-1,Brazil
-73.7234014553635,-7.340998630404414,30-1-1,Brazil
-73.72448666044164,-6.91859547285064,30-1-1,Brazil
-73.1200274319236,-6.629930922068239,30-1-1,Brazil
-73.21971126981461,-6.089188734566078,30-1-1,Brazil
-72.9645072089412,-5.7412513159448935,30-1-1,Brazil
-72.89192765978726,-5.274561455916981,30-1-1,Brazil
-71.74840572781655,-4.593982842633011,30-1-1,Brazil
-70.92884334988358,-4.401591485210368,30-1-1,Brazil
-70.7947688463023,-4.251264743673303,30-1-1,Brazil
-69.89363521999663,-4.2981869441943275,30-1-1,Brazil
-69.44410193548961,-1.5562871232198177,30-1-1,Brazil
-69.42048580593223,-1.1226185034264091,30-1-1,Brazil
-69.5770653957766,-0.549991957200163,30-1-1,Brazil
-70.02065589057005,-0.18515634521953928,30-1-1,Brazil
-70.01556576198931,0.5414142928042054,30-1-1,Brazil
-69.45239600287246,0.7061587589506929,30-1-1,Brazil
-69.25243404811906,0.6026508650700748,30-1-1,Brazil
-69.21863766140018,0.9856765812174331,30-1-1,Brazil
-69.80459672715773,1.0890811222334662,30-1-1,Brazil
-69.81697323269162,1.7148052026396243,30-1-1,Brazil
-67.86856502955884,1.6924551456733923,30-1-1,Brazil
-67.5378100246747,2.03716278727633,30-1-1,Brazil
-67.2599975246736,1.7199986840849562,30-1-1,Brazil
-67.0650481838525,1.130112209473225,30-1-1,Brazil
-66.87632585312258,1.253360500489336,30-1-1,Brazil
-66.32576514348496,0.7244522159820121,30-1-1,Brazil
-65.54826738143757,0.7892544620760303,30-1-1,Brazil
-65.35471330428837,1.0952822941085003,30-1-1,Brazil
-64.61101192895987,1.3287305769870417,30-1-1,Brazil
-64.19930579289051,1.49285492594602,30-1-1,Brazil
-64.08308549666609,1.9163691267940803,30-1-1,Brazil
-63.368788011311665,2.200899562993129,30-1-1,Brazil
-63.42286739770512,2.4110676131241746,30-1-1,Brazil
-64.2699991522658,2.497005520025567,30-1-1,Brazil
-64.40882788761792,3.126786200366624,30-1-1,Brazil
-64.3684944322141,3.797210394705246,30-1-1,Brazil
-64.81606401229402,4.056445217297423,30-1-1,Brazil
-64.62865943058755,4.14848094320925,30-1-1,Brazil
-63.88834286157416,4.020530096854571,30-1-1,Brazil
-63.093197597899106,3.7705711938587854,30-1-1,Brazil
-62.804533047116706,4.006965033377952,30-1-1,Brazil
-62.08542965355913,4.162123521334308,30-1-1,Brazil
-60.96689327660154,4.536467596856639,30-1-1,Brazil
-60.601179165271944,4.91809804933213,30-1-1,Brazil
-60.73357418480372,5.200277207861901,30-1-1,Brazil
-60.21368343773133,5.244486395687602,30-1-1,Brazil
-59.980958624904886,5.014061184098139,30-1-1,Brazil
-60.11100236676738,4.574966538914083,30-1-1,Brazil
-59.767405768458715,4.423502915866607,30-1-1,Brazil
-59.53803992373123,3.9588025984819377,30-1-1,Brazil
-59.815413174057866,3.6064985213320853,30-1-1,Brazil
-59.97452490908456,2.755232652188056,30-1-1,Brazil
-59.71854570172675,2.2496304386443597,30-1-1,Brazil
-59.64604366722126,1.786893825686789,30-1-1,Brazil
-59.03086157900265,1.3176976586927225,30-1-1,Brazil
-58.540012986878295,1.2680882836925207,30-1-1,Brazil
-58.429477098205965,1.4639419620787208,30-1-1,Brazil
-58.11344987652502,1.5071951359070253,30-1-1,Brazil
-57.66097103537737,1.6825849471056387,30-1-1,Brazil
-57.335822923396904,1.9485377058957594,30-1-1,Brazil
-56.78270423036083,1.8637108422886541,30-1-1,Brazil
-56.539385748914555,1.8995226098669207,30-1-1,Brazil
-55.995698004771754,1.8176671411166012,30-1-1,Brazil
-55.905600145070885,2.0219957543986595,30-1-1,Brazil
-56.0733418442903,2.2207949894254995,30-1-1,Brazil
-55.973322109589375,2.510363877773017,30-1-1,Brazil
-55.569755011606,2.4215062524471307,30-1-1,Brazil
-55.09758744975514,2.5237480737366127,30-1-1,Brazil
-54.524754197799716,2.3118488631237852,30-1-1,Brazil
-54.08806250671725,2.105556545414629,30-1-1,Brazil
-53.77852067728892,2.3767027856500818,30-1-1,Brazil
-53.554839240113544,2.334896551925951,30-1-1,Brazil
-53.41846513529531,2.0533891870159806,30-1-1,Brazil
-52.939657151894956,2.1248576928756364,30-1-1,Brazil
-52.55642473001842,2.504705308437053,30-1-1,Brazil
-52.249337531123956,3.241094468596245,30-1-1,Brazil
-51.65779741067889,4.156232408053029,30-1-1,Brazil
-51.31714636901086,4.203490505383954,30-1-1,Brazil
-51.069771287629656,3.650397650564031,30-1-1,Brazil
-50.508875291533656,1.901563828942457,30-1-1,Brazil
-49.97407589374506,1.736483465986069,30-1-1,Brazil
-49.94710079608871,1.0461896834312228,30-1-1,Brazil
-50.699251268096916,0.22298411702168153,30-1-1,Brazil
-50.38821082213214,-0.07844451253681939,30-1-1,Brazil
-48.62056677915632,-0.2354891902718208,30-1-1,Brazil
-48.58449662941659,-1.2378052710050014,30-1-1,Brazil
-47.824956427590635,-0.5816179337628,30-1-1,Brazil
-46.566583624851226,-0.941027520352776,30-1-1,Brazil
-44.905703090990414,-1.551739597178134,30-1-1,Brazil
-44.417619187993665,-2.137750339367976,30-1-1,Brazil
-44.58158850765578,-2.691308282078524,30-1-1,Brazil
-43.418791266440195,-2.383110039889793,30-1-1,Brazil
-41.47265682632825,-2.9120183243971165,30-1-1,Brazil
-39.97866533055404,-2.873054294449041,30-1-1,Brazil
-38.50038347019657,-3.7006523576033956,30-1-1,Brazil
-37.2232521225352,-4.820945733258917,30-1-1,Brazil
-36.45293738457639,-5.109403578312154,30-1-1,Brazil
-35.59779578301047,-5.149504489770649,30-1-1,Brazil
-35.23538896334756,-5.464937432480247,30-1-1,Brazil
-34.89602983248683,-6.738193047719711,30-1-1,Brazil
-34.729993455533034,-7.343220716992967,30-1-1,Brazil
-35.12821204277422,-8.996401462442286,30-1-1,Brazil
-35.636966518687714,-9.649281508017815,30-1-1,Brazil
-37.046518724097,-11.040721123908803,30-1-1,Brazil
-37.68361161960736,-12.171194756725823,30-1-1,Brazil
-38.42387651218844,-13.038118584854288,30-1-1,Brazil
-38.67388709161652,-13.057652276260619,30-1-1,Brazil
-38.953275722802545,-13.793369642800023,30-1-1,Brazil
-38.88229814304965,-15.667053724838768,30-1-1,Brazil
-39.16109249526431,-17.208406670808472,30-1-1,Brazil
-39.2673392400564,-17.867746270420483,30-1-1,Brazil
-39.58352149103423,-18.262295830968938,30-1-1,Brazil
-39.76082333022764,-19.59911345792741,30-1-1,Brazil
-40.77474077001034,-20.904511814052423,30-1-1,Brazil
-40.94475623225061,-21.93731698983781,30-1-1,Brazil
-41.754164191238225,-22.370675551037458,30-1-1,Brazil
-41.98828426773656,-22.970070489190896,30-1-1,Brazil
-43.07470374202475,-22.96769337330547,30-1-1,Brazil
-44.64781185563781,-23.351959323827842,30-1-1,Brazil
-45.35213578955992,-23.796841729428582,30-1-1,Brazil
-46.47209326840554,-24.088968601174543,30-1-1,Brazil
-47.64897233742066,-24.885199069927722,30-1-1,Brazil
-48.4954581365777,-25.877024834905654,30-1-1,Brazil
-48.64100480812774,-26.623697605090932,30-1-1,Brazil
-48.474735887228654,-27.17591196056189,30-1-1,Brazil
-48.661520351747626,-28.18613453543572,30-1-1,Brazil
-48.8884574041574,-28.674115085567884,30-1-1,Brazil
-49.587329474472675,-29.224469089476337,30-1-1,Brazil
-50.696874152211485,-30.98446502047296,30-1-1,Brazil
-51.576226162306156,-31.77769825615321,30-1-1,Brazil
-52.256081305538046,-32.24536996839467,30-1-1,Brazil
-52.712099982297694,-33.19657805759118,30-1-1,Brazil
-53.373661668498244,-33.768377780900764,30-1-1,Brazil
-69.52967810736496,-10.951734307502194,31-1-1,Bolivia
-68.78615759954948,-11.03638030359628,31-1-1,Bolivia
-68.27125362819326,-11.01452117273682,31-1-1,Bolivia
-68.04819230820539,-10.712059014532485,31-1-1,Bolivia
-67.17380123561074,-10.306812432499612,31-1-1,Bolivia
-66.6469083319628,-9.931331475466862,31-1-1,Bolivia
-65.33843522811642,-9.761987806846392,31-1-1,Bolivia
-65.44483700220539,-10.511451104375432,31-1-1,Bolivia
-65.32189876978302,-10.895872084194679,31-1-1,Bolivia
-65.40228146021303,-11.566270440317155,31-1-1,Bolivia
-64.3163529120316,-12.461978041232193,31-1-1,Bolivia
-63.19649878605057,-12.627032565972435,31-1-1,Bolivia
-62.803060268796386,-13.000653171442686,31-1-1,Bolivia
-62.127080857986385,-13.198780612849724,31-1-1,Bolivia
-61.71320431176078,-13.489202162330052,31-1-1,Bolivia
-61.08412126325565,-13.479383640194598,31-1-1,Bolivia
-60.503304002511136,-13.775954685117659,31-1-1,Bolivia
-60.45919816755003,-14.354007256734555,31-1-1,Bolivia
-60.26432634137737,-14.645979099183641,31-1-1,Bolivia
-60.251148851142936,-15.07721892665932,31-1-1,Bolivia
-60.54296566429515,-15.093910414289596,31-1-1,Bolivia
-60.158389655179036,-16.258283786690086,31-1-1,Bolivia
-58.24121985536668,-16.299573256091293,31-1-1,Bolivia
-58.38805843772404,-16.877109063385276,31-1-1,Bolivia
-58.28080400250225,-17.271710300366017,31-1-1,Bolivia
-57.734558274961,-17.55246835700777,31-1-1,Bolivia
-57.49837114117099,-18.174187513911292,31-1-1,Bolivia
-57.67600887717431,-18.96183969490403,31-1-1,Bolivia
-57.949997321185826,-19.40000416430682,31-1-1,Bolivia
-57.85380164247451,-19.96999521248619,31-1-1,Bolivia
-58.166392381408045,-20.176700941653678,31-1-1,Bolivia
-58.183471442280506,-19.868399346600363,31-1-1,Bolivia
-59.11504248720611,-19.3569060197754,31-1-1,Bolivia
-60.04356462262649,-19.342746677327426,31-1-1,Bolivia
-61.78632646345377,-19.633736667562964,31-1-1,Bolivia
-62.2659612697708,-20.513734633061276,31-1-1,Bolivia
-62.291179368729225,-21.051634616787393,31-1-1,Bolivia
-62.685057135657885,-22.249029229422387,31-1-1,Bolivia
-62.84646847192156,-22.03498544686945,31-1-1,Bolivia
-63.986838141522476,-21.99364430103595,31-1-1,Bolivia
-64.37702104354226,-22.79809132252354,31-1-1,Bolivia
-64.96489213729461,-22.075861504812327,31-1-1,Bolivia
-66.27333940292485,-21.83231047942072,31-1-1,Bolivia
-67.1066735500636,-22.735924574476417,31-1-1,Bolivia
-67.82817989772273,-22.872918796482175,31-1-1,Bolivia
-68.21991309271128,-21.494346612231865,31-1-1,Bolivia
-68.75716712103375,-20.372657972904463,31-1-1,Bolivia
-68.44222510443092,-19.40506845467143,31-1-1,Bolivia
-68.96681840684187,-18.981683444904107,31-1-1,Bolivia
-69.10024695501949,-18.260125420812678,31-1-1,Bolivia
-69.59042375352405,-17.580011895419332,31-1-1,Bolivia
-68.9596353827533,-16.50069793057127,31-1-1,Bolivia
-69.38976416693471,-15.660129082911652,31-1-1,Bolivia
-69.16034664577495,-15.323973890853019,31-1-1,Bolivia
-69.33953467474701,-14.953195489158832,31-1-1,Bolivia
-68.9488866848366,-14.453639418193283,31-1-1,Bolivia
-68.92922380234954,-13.602683607643009,31-1-1,Bolivia
-68.88007951523997,-12.899729099176653,31-1-1,Bolivia
-68.66507971868963,-12.561300144097173,31-1-1,Bolivia
-69.52967810736496,-10.951734307502194,31-1-1,Bolivia
-69.89363521999663,-4.2981869441943275,32-1-1,Peru
-70.7947688463023,-4.251264743673303,32-1-1,Peru
-70.92884334988358,-4.401591485210368,32-1-1,Peru
-71.74840572781655,-4.593982842633011,32-1-1,Peru
-72.89192765978726,-5.274561455916981,32-1-1,Peru
-72.9645072089412,-5.7412513159448935,32-1-1,Peru
-73.21971126981461,-6.089188734566078,32-1-1,Peru
-73.1200274319236,-6.629930922068239,32-1-1,Peru
-73.72448666044164,-6.91859547285064,32-1-1,Peru
-73.7234014553635,-7.340998630404414,32-1-1,Peru
-73.98723548042966,-7.523829847853065,32-1-1,Peru
-73.57105933296707,-8.424446709835834,32-1-1,Peru
-73.01538265653255,-9.032833347208062,32-1-1,Peru
-73.22671342639016,-9.462212823121234,32-1-1,Peru
-72.56303300646564,-9.520193780152717,32-1-1,Peru
-72.18489071316985,-10.053597914269432,32-1-1,Peru
-71.30241227892154,-10.079436130415374,32-1-1,Peru
-70.48189388699117,-9.490118096558845,32-1-1,Peru
-70.54868567572841,-11.009146823778465,32-1-1,Peru
-70.0937522040469,-11.123971856331012,32-1-1,Peru
-69.52967810736496,-10.951734307502194,32-1-1,Peru
-68.66507971868963,-12.561300144097173,32-1-1,Peru
-68.88007951523997,-12.899729099176653,32-1-1,Peru
-68.92922380234954,-13.602683607643009,32-1-1,Peru
-68.9488866848366,-14.453639418193283,32-1-1,Peru
-69.33953467474701,-14.953195489158832,32-1-1,Peru
-69.16034664577495,-15.323973890853019,32-1-1,Peru
-69.38976416693471,-15.660129082911652,32-1-1,Peru
-68.9596353827533,-16.50069793057127,32-1-1,Peru
-69.59042375352405,-17.580011895419332,32-1-1,Peru
-69.85844356960587,-18.092693780187012,32-1-1,Peru
-70.37257239447771,-18.34797535570887,32-1-1,Peru
-71.37525021023693,-17.773798516513857,32-1-1,Peru
-71.46204077827113,-17.363487644116383,32-1-1,Peru
-73.44452958850042,-16.359362888252996,32-1-1,Peru
-75.23788265654144,-15.265682875227782,32-1-1,Peru
-76.00920508492995,-14.649286390850321,32-1-1,Peru
-76.42346920439775,-13.823186944232432,32-1-1,Peru
-76.25924150257417,-13.535039157772943,32-1-1,Peru
-77.10619238962184,-12.22271615972082,32-1-1,Peru
-78.09215287953464,-10.377712497604065,32-1-1,Peru
-79.03695309112695,-8.386567884965892,32-1-1,Peru
-79.44592037628485,-7.93083342858386,32-1-1,Peru
-79.76057817251005,-7.194340915560084,32-1-1,Peru
-80.53748165558608,-6.541667575713717,32-1-1,Peru
-81.24999630402642,-6.136834405139183,32-1-1,Peru
-80.92634680858244,-5.690556735866565,32-1-1,Peru
-81.41094255239946,-4.7367648250554595,32-1-1,Peru
-81.09966956248937,-4.036394138203697,32-1-1,Peru
-80.30256059438722,-3.4048564591647126,32-1-1,Peru
-80.18401485870967,-3.8211617977080437,32-1-1,Peru
-80.46929460317695,-4.0592867977089995,32-1-1,Peru
-80.44224199087216,-4.425724379090674,32-1-1,Peru
-80.02890804718561,-4.3460909969288934,32-1-1,Peru
-79.62497921417618,-4.454198093283495,32-1-1,Peru
-79.20528906931773,-4.959128513207389,32-1-1,Peru
-78.63989722361234,-4.547784112164074,32-1-1,Peru
-78.45068396677564,-3.873096612161376,32-1-1,Peru
-77.83790483265861,-3.003020521663103,32-1-1,Peru
-76.63539425322672,-2.6086776668438176,32-1-1,Peru
-75.54499569365204,-1.5616097957458803,32-1-1,Peru
-75.23372270374195,-0.9114169246495294,32-1-1,Peru
-75.37322323271385,-0.1520317521204504,32-1-1,Peru
-75.10662451852008,-0.05720549886486026,32-1-1,Peru
-74.44160051135597,-0.5308200008198867,32-1-1,Peru
-74.12239518908906,-1.002832533373848,32-1-1,Peru
-73.6595035468346,-1.2604912247811342,32-1-1,Peru
-73.07039221870724,-2.3089543595509525,32-1-1,Peru
-72.32578650581365,-2.434218031426454,32-1-1,Peru
-71.7747607082854,-2.169789727388938,32-1-1,Peru
-71.41364579942979,-2.3428024227021282,32-1-1,Peru
-70.81347571479196,-2.2568645158007428,32-1-1,Peru
-70.04770850287485,-2.725156345229699,32-1-1,Peru
-70.69268205430971,-3.742872002785859,32-1-1,Peru
-70.39404395209499,-3.7665914852078255,32-1-1,Peru
-69.89363521999663,-4.2981869441943275,32-1-1,Peru
-66.87632585312258,1.253360500489336,33-1-1,Colombia
-67.0650481838525,1.130112209473225,33-1-1,Colombia
-67.2599975246736,1.7199986840849562,33-1-1,Colombia
-67.5378100246747,2.03716278727633,33-1-1,Colombia
-67.86856502955884,1.6924551456733923,33-1-1,Colombia
-69.81697323269162,1.7148052026396243,33-1-1,Colombia
-69.80459672715773,1.0890811222334662,33-1-1,Colombia
-69.21863766140018,0.9856765812174331,33-1-1,Colombia
-69.25243404811906,0.6026508650700748,33-1-1,Colombia
-69.45239600287246,0.7061587589506929,33-1-1,Colombia
-70.01556576198931,0.5414142928042054,33-1-1,Colombia
-70.02065589057005,-0.18515634521953928,33-1-1,Colombia
-69.5770653957766,-0.549991957200163,33-1-1,Colombia
-69.42048580593223,-1.1226185034264091,33-1-1,Colombia
-69.44410193548961,-1.5562871232198177,33-1-1,Colombia
-69.89363521999663,-4.2981869441943275,33-1-1,Colombia
-70.39404395209499,-3.7665914852078255,33-1-1,Colombia
-70.69268205430971,-3.742872002785859,33-1-1,Colombia
-70.04770850287485,-2.725156345229699,33-1-1,Colombia
-70.81347571479196,-2.2568645158007428,33-1-1,Colombia
-71.41364579942979,-2.3428024227021282,33-1-1,Colombia
-71.7747607082854,-2.169789727388938,33-1-1,Colombia
-72.32578650581365,-2.434218031426454,33-1-1,Colombia
-73.07039221870724,-2.3089543595509525,33-1-1,Colombia
-73.6595035468346,-1.2604912247811342,33-1-1,Colombia
-74.12239518908906,-1.002832533373848,33-1-1,Colombia
-74.44160051135597,-0.5308200008198867,33-1-1,Colombia
-75.10662451852008,-0.05720549886486026,33-1-1,Colombia
-75.37322323271385,-0.1520317521204504,33-1-1,Colombia
-75.8014658271166,0.08480133707320192,33-1-1,Colombia
-76.29231441924097,0.4160472680641192,33-1-1,Colombia
-76.5763797675494,0.256935533037435,33-1-1,Colombia
-77.4249843004304,0.395686753741117,33-1-1,Colombia
-77.66861284047044,0.8258930525709616,33-1-1,Colombia
-77.85506140817952,0.8099250349927729,33-1-1,Colombia
-78.85525875518871,1.380923773601822,33-1-1,Colombia
-78.99093522817104,1.6913699405952514,33-1-1,Colombia
-78.61783138702371,1.766404120283056,33-1-1,Colombia
-78.66211808949785,2.2673554549204766,33-1-1,Colombia
-78.42761043975733,2.629555568854215,33-1-1,Colombia
-77.93154252797149,2.6966057397529255,33-1-1,Colombia
-77.51043128122501,3.325016994638247,33-1-1,Colombia
-77.12768978545526,3.8496361352653565,33-1-1,Colombia
-77.49627193877703,4.087606105969428,33-1-1,Colombia
-77.3076012844794,4.6679841170394525,33-1-1,Colombia
-77.53322058786573,5.582811997902497,33-1-1,Colombia
-77.31881507028675,5.84535411216136,33-1-1,Colombia
-77.47666073272228,6.691116441266303,33-1-1,Colombia
-77.88157141794525,7.223771267114785,33-1-1,Colombia
-77.7534138658614,7.709839789252143,33-1-1,Colombia
-77.43110795765699,7.638061224798734,33-1-1,Colombia
-77.24256649444008,7.935278225125444,33-1-1,Colombia
-77.47472286651133,8.524286200388218,33-1-1,Colombia
-77.35336076527386,8.67050466555807,33-1-1,Colombia
-76.83667395700357,8.638749497914716,33-1-1,Colombia
-76.08638383655786,9.336820583529487,33-1-1,Colombia
-75.67460018584006,9.443248195834599,33-1-1,Colombia
-75.66470414905618,9.774003200718738,33-1-1,Colombia
-75.48042599150335,10.618990383339309,33-1-1,Colombia
-74.90689510771199,11.083044745320322,33-1-1,Colombia
-74.27675269234489,11.102035834187587,33-1-1,Colombia
-74.1972226630477,11.310472723836867,33-1-1,Colombia
-73.41476396350029,11.22701528568548,33-1-1,Colombia
-72.62783525255963,11.731971543825523,33-1-1,Colombia
-72.23819495307892,11.955549628136326,33-1-1,Colombia
-71.75409013536864,12.437303168177309,33-1-1,Colombia
-71.3998223537917,12.376040757695293,33-1-1,Colombia
-71.13746110704588,12.112981879113505,33-1-1,Colombia
-71.3315836249503,11.776284084515808,33-1-1,Colombia
-71.97392167833829,11.60867157637712,33-1-1,Colombia
-72.22757544624294,11.10870209395324,33-1-1,Colombia
-72.61465776232521,10.821975409381778,33-1-1,Colombia
-72.9052860175347,10.450344346554772,33-1-1,Colombia
-73.02760413276957,9.736770331252444,33-1-1,Colombia
-73.30495154488005,9.151999823437606,33-1-1,Colombia
-72.7887298245004,9.085027167187334,33-1-1,Colombia
-72.6604947577681,8.625287787302682,33-1-1,Colombia
-72.43986223009796,8.405275376820029,33-1-1,Colombia
-72.36090064155597,8.002638454617895,33-1-1,Colombia
-72.47967892117885,7.632506008327354,33-1-1,Colombia
-72.44448727078807,7.423784898300482,33-1-1,Colombia
-72.19835242378188,7.340430813013683,33-1-1,Colombia
-71.96017574734864,6.991614895043539,33-1-1,Colombia
-70.67423356798152,7.087784735538719,33-1-1,Colombia
-70.09331295437242,6.96037649172311,33-1-1,Colombia
-69.38947994655712,6.0998605411988365,33-1-1,Colombia
-68.98531856960236,6.206804917826858,33-1-1,Colombia
-68.26505245631823,6.153268133972475,33-1-1,Colombia
-67.69508724635502,6.267318020040647,33-1-1,Colombia
-67.34143958196557,6.095468044454023,33-1-1,Colombia
-67.52153194850275,5.556870428891969,33-1-1,Colombia
-67.74469662135522,5.221128648291668,33-1-1,Colombia
-67.82301225449355,4.503937282728899,33-1-1,Colombia
-67.62183590358129,3.8394817163199946,33-1-1,Colombia
-67.33756384954368,3.5423422306417223,33-1-1,Colombia
-67.30317318385345,3.31845408773718,33-1-1,Colombia
-67.8099381171237,2.820655015469569,33-1-1,Colombia
-67.44709204778631,2.6002808699608693,33-1-1,Colombia
-67.18129431829307,2.250638129074062,33-1-1,Colombia
-66.87632585312258,1.253360500489336,33-1-1,Colombia
-77.35336076527386,8.67050466555807,34-1-1,Panama
-77.47472286651133,8.524286200388218,34-1-1,Panama
-77.24256649444008,7.935278225125444,34-1-1,Panama
-77.43110795765699,7.638061224798734,34-1-1,Panama
-77.7534138658614,7.709839789252143,34-1-1,Panama
-77.88157141794525,7.223771267114785,34-1-1,Panama
-78.21493608266012,7.512254950384161,34-1-1,Panama
-78.42916073272607,8.052041123888927,34-1-1,Panama
-78.18209570993864,8.319182440621773,34-1-1,Panama
-78.4354652574657,8.38770538984079,34-1-1,Panama
-78.62212053090394,8.718124497915028,34-1-1,Panama
-79.12030717641375,8.996092027213024,34-1-1,Panama
-79.55787736684519,8.932374986197146,34-1-1,Panama
-79.76057817251005,8.5845150822244,34-1-1,Panama
-80.16448116730334,8.333315944853595,34-1-1,Panama
-80.38265906443962,8.298408514840432,34-1-1,Panama
-80.4806892564973,8.09030752200107,34-1-1,Panama
-80.00368994822716,7.547524115423372,34-1-1,Panama
-80.276670701809,7.419754136581716,34-1-1,Panama
-80.42115800649708,7.271571966984765,34-1-1,Panama
-80.8864009264208,7.220541490096537,34-1-1,Panama
-81.05954281281473,7.817921047390597,34-1-1,Panama
-81.18971574575795,7.64790558515034,34-1-1,Panama
-81.51951473664468,7.706610012233909,34-1-1,Panama
-81.72131120474447,8.108962714058435,34-1-1,Panama
-82.13144120962892,8.175392767769637,34-1-1,Panama
-82.39093441438257,8.29236237226229,34-1-1,Panama
-82.82008134635042,8.290863755725823,34-1-1,Panama
-82.85095801464482,8.073822740099956,34-1-1,Panama
-82.96578304719736,8.225027980985985,34-1-1,Panama
-82.91317643912421,8.42351715741907,34-1-1,Panama
-82.82977067740516,8.62629547773237,34-1-1,Panama
-82.86865719270477,8.807266343618522,34-1-1,Panama
-82.71918311230053,8.925708726431495,34-1-1,Panama
-82.92715491405916,9.074330145702916,34-1-1,Panama
-82.93289099804358,9.476812038608173,34-1-1,Panama
-82.54619625520348,9.566134751824677,34-1-1,Panama
-82.18712256542341,9.20744863528678,34-1-1,Panama
-82.20758643261097,8.9955752628901,34-1-1,Panama
-81.80856686066929,8.950616766796173,34-1-1,Panama
-81.71415401887204,9.031955471223583,34-1-1,Panama
-81.43928707551154,8.786234035675719,34-1-1,Panama
-80.94730160187676,8.858503526235907,34-1-1,Panama
-80.52190121125008,9.111072089062432,34-1-1,Panama
-79.91459977895599,9.31276520429762,34-1-1,Panama
-79.57330278188431,9.611610012241528,34-1-1,Panama
-79.02119177927793,9.552931423374105,34-1-1,Panama
-79.05845048696037,9.454565334506526,34-1-1,Panama
-78.50088762074719,9.420458889193881,34-1-1,Panama
-78.05592770049802,9.2477304142583,34-1-1,Panama
-77.72951351592641,8.946844387238869,34-1-1,Panama
-77.35336076527386,8.67050466555807,34-1-1,Panama
-82.54619625520348,9.566134751824677,35-1-1,Costa Rica
-82.93289099804358,9.476812038608173,35-1-1,Costa Rica
-82.92715491405916,9.074330145702916,35-1-1,Costa Rica
-82.71918311230053,8.925708726431495,35-1-1,Costa Rica
-82.86865719270477,8.807266343618522,35-1-1,Costa Rica
-82.82977067740516,8.62629547773237,35-1-1,Costa Rica
-82.91317643912421,8.42351715741907,35-1-1,Costa Rica
-82.96578304719736,8.225027980985985,35-1-1,Costa Rica
-83.508437262694315,8.446926581247283,35-1-1,Costa Rica
-83.71147396516908,8.656836249216866,35-1-1,Costa Rica
-83.59631303580665,8.830443223501419,35-1-1,Costa Rica
-83.63264156770784,9.051385809765321,35-1-1,Costa Rica
-83.90988562695374,9.29080272057358,35-1-1,Costa Rica
-84.30340165885636,9.487354030795714,35-1-1,Costa Rica
-84.64764421256866,9.61553742109571,35-1-1,Costa Rica
-84.71335079622777,9.908051866083852,35-1-1,Costa Rica
-84.97566036654133,10.086723130733006,35-1-1,Costa Rica
-84.91137488477024,9.795991522658923,35-1-1,Costa Rica
-85.11092342806532,9.55703969974131,35-1-1,Costa Rica
-85.33948828809227,9.83454214114866,35-1-1,Costa Rica
-85.66078650586698,9.933347479690724,35-1-1,Costa Rica
-85.79744483106285,10.134885565629034,35-1-1,Costa Rica
-85.79170874707843,10.439337266476613,35-1-1,Costa Rica
-85.65931372754667,10.75433095951172,35-1-1,Costa Rica
-85.94172543002176,10.895278428587801,35-1-1,Costa Rica
-85.7125404528073,11.088444932494824,35-1-1,Costa Rica
-85.5618519762442,11.217119248901597,35-1-1,Costa Rica
-84.90300330273895,10.952303371621896,35-1-1,Costa Rica
-84.67306901725627,11.082657172078143,35-1-1,Costa Rica
-84.35593075228104,10.999225572142905,35-1-1,Costa Rica
-84.19017859570485,10.793450018756674,35-1-1,Costa Rica
-83.89505449088595,10.726839097532446,35-1-1,Costa Rica
-83.65561174186158,10.938764146361422,35-1-1,Costa Rica
-83.40231970898296,10.395438137244653,35-1-1,Costa Rica
-83.01567664257517,9.992982082555557,35-1-1,Costa Rica
-82.54619625520348,9.566134751824677,35-1-1,Costa Rica
-83.65561174186158,10.938764146361422,36-1-1,Nicaragua
-83.89505449088595,10.726839097532446,36-1-1,Nicaragua
-84.19017859570485,10.793450018756674,36-1-1,Nicaragua
-84.35593075228104,10.999225572142905,36-1-1,Nicaragua
-84.67306901725627,11.082657172078143,36-1-1,Nicaragua
-84.90300330273895,10.952303371621896,36-1-1,Nicaragua
-85.5618519762442,11.217119248901597,36-1-1,Nicaragua
-85.7125404528073,11.088444932494824,36-1-1,Nicaragua
-86.05848832878526,11.403438625529944,36-1-1,Nicaragua
-86.52584998243296,11.806876532432597,36-1-1,Nicaragua
-86.74599158399633,12.143961900272487,36-1-1,Nicaragua
-87.16751624220116,12.458257961471658,36-1-1,Nicaragua
-87.66849341505471,12.909909979702633,36-1-1,Nicaragua
-87.55746660027562,13.064551703336065,36-1-1,Nicaragua
-87.39238623731923,12.914018256069838,36-1-1,Nicaragua
-87.31665442579549,12.984685777228975,36-1-1,Nicaragua
-87.00576900912758,13.025794379117158,36-1-1,Nicaragua
-86.88055701368438,13.254204209847217,36-1-1,Nicaragua
-86.7338217841916,13.263092556201443,36-1-1,Nicaragua
-86.75508663607971,13.754845485890913,36-1-1,Nicaragua
-86.52070817741992,13.778487453664468,36-1-1,Nicaragua
-86.31214209668993,13.77135610600817,36-1-1,Nicaragua
-86.09626380079061,14.038187364147234,36-1-1,Nicaragua
-85.80129472526859,13.83605499923759,36-1-1,Nicaragua
-85.69866533073696,13.960078436738002,36-1-1,Nicaragua
-85.51441301140028,14.079011745657908,36-1-1,Nicaragua
-85.16536454948482,14.354369615125051,36-1-1,Nicaragua
-85.14875057650296,14.560196844943617,36-1-1,Nicaragua
-85.05278744173694,14.551541042534723,36-1-1,Nicaragua
-84.9245006985724,14.79049286545235,36-1-1,Nicaragua
-84.82003679069436,14.81958669683267,36-1-1,Nicaragua
-84.64958207877964,14.666805324761867,36-1-1,Nicaragua
-84.4493359036486,14.621614284722511,36-1-1,Nicaragua
-84.22834164095241,14.74876414637663,36-1-1,Nicaragua
-83.97572140169359,14.749435939996488,36-1-1,Nicaragua
-83.62858496777292,14.880073960830302,36-1-1,Nicaragua
-83.48998877636612,15.016267198135537,36-1-1,Nicaragua
-83.14721900097413,14.99582916916411,36-1-1,Nicaragua
-83.23323442252394,14.899866034398102,36-1-1,Nicaragua
-83.2841615465476,14.6766238468972,36-1-1,Nicaragua
-83.18212643098728,14.31070302983845,36-1-1,Nicaragua
-83.41249996614445,13.970077826386557,36-1-1,Nicaragua
-83.51983191601468,13.567699286345883,36-1-1,Nicaragua
-83.55220720084554,13.127054348193086,36-1-1,Nicaragua
-83.49851538769427,12.869292303921227,36-1-1,Nicaragua
-83.47332312695198,12.419087225794428,36-1-1,Nicaragua
-83.62610449902292,12.320850328007566,36-1-1,Nicaragua
-83.71961300325506,11.893124497927728,36-1-1,Nicaragua
-83.65085751009072,11.62903209070012,36-1-1,Nicaragua
-83.8554703437504,11.373311265503787,36-1-1,Nicaragua
-83.80893571647155,11.103043524617275,36-1-1,Nicaragua
-83.65561174186158,10.938764146361422,36-1-1,Nicaragua
-83.14721900097413,14.99582916916411,37-1-1,Honduras
-83.48998877636612,15.016267198135537,37-1-1,Honduras
-83.62858496777292,14.880073960830302,37-1-1,Honduras
-83.97572140169359,14.749435939996488,37-1-1,Honduras
-84.22834164095241,14.74876414637663,37-1-1,Honduras
-84.4493359036486,14.621614284722511,37-1-1,Honduras
-84.64958207877964,14.666805324761867,37-1-1,Honduras
-84.82003679069436,14.81958669683267,37-1-1,Honduras
-84.9245006985724,14.79049286545235,37-1-1,Honduras
-85.05278744173694,14.551541042534723,37-1-1,Honduras
-85.14875057650296,14.560196844943617,37-1-1,Honduras
-85.16536454948482,14.354369615125051,37-1-1,Honduras
-85.51441301140028,14.079011745657908,37-1-1,Honduras
-85.69866533073696,13.960078436738002,37-1-1,Honduras
-85.80129472526859,13.83605499923759,37-1-1,Honduras
-86.09626380079061,14.038187364147234,37-1-1,Honduras
-86.31214209668993,13.77135610600817,37-1-1,Honduras
-86.52070817741992,13.778487453664468,37-1-1,Honduras
-86.75508663607971,13.754845485890913,37-1-1,Honduras
-86.7338217841916,13.263092556201443,37-1-1,Honduras
-86.88055701368438,13.254204209847217,37-1-1,Honduras
-87.00576900912758,13.025794379117158,37-1-1,Honduras
-87.31665442579549,12.984685777228975,37-1-1,Honduras
-87.48940873894713,13.297534898323931,37-1-1,Honduras
-87.79311113152657,13.384480495655055,37-1-1,Honduras
-87.7235029772294,13.785050360565506,37-1-1,Honduras
-87.85951534702161,13.893312486217098,37-1-1,Honduras
-88.06534257684014,13.964625962779778,37-1-1,Honduras
-88.50399797234971,13.845485948130857,37-1-1,Honduras
-88.541230841816,13.980154730683479,37-1-1,Honduras
-88.84307288283284,14.14050670008517,37-1-1,Honduras
-89.05851192905766,14.340029405164087,37-1-1,Honduras
-89.35332597528281,14.424132798719086,37-1-1,Honduras
-89.14553504103719,14.678019110569153,37-1-1,Honduras
-89.22522009963127,14.874286200413621,37-1-1,Honduras
-89.15481096063357,15.06641917567481,37-1-1,Honduras
-88.68067969435563,15.346247056535304,37-1-1,Honduras
-88.22502275262202,15.727722479713904,37-1-1,Honduras
-88.12115312371537,15.688655096901357,37-1-1,Honduras
-87.90181250685242,15.864458319558196,37-1-1,Honduras
-87.61568010125234,15.878798529519202,37-1-1,Honduras
-87.52292090528846,15.797278957578783,37-1-1,Honduras
-87.36776241733213,15.846940009011291,37-1-1,Honduras
-86.90319129102818,15.75671295822957,37-1-1,Honduras
-86.44094560417739,15.782835394753192,37-1-1,Honduras
-86.11923397494434,15.893448798073962,37-1-1,Honduras
-86.00195431185784,16.00540578863439,37-1-1,Honduras
-85.68331743034628,15.953651841693954,37-1-1,Honduras
-85.44400387240256,15.885749009662447,37-1-1,Honduras
-85.18244361035721,15.909158433490632,37-1-1,Honduras
-84.98372188997882,15.995923163308703,37-1-1,Honduras
-84.52697974316715,15.857223619037427,37-1-1,Honduras
-84.36825558138258,15.835157782448732,37-1-1,Honduras
-84.06305457226682,15.648244126849136,37-1-1,Honduras
-83.77397661002612,15.424071763566872,37-1-1,Honduras
-83.41038123242038,15.270902818253774,37-1-1,Honduras
-83.14721900097413,14.99582916916411,37-1-1,Honduras
-89.35332597528281,14.424132798719086,38-1-1,El Salvador
-89.05851192905766,14.340029405164087,38-1-1,El Salvador
-88.84307288283284,14.14050670008517,38-1-1,El Salvador
-88.541230841816,13.980154730683479,38-1-1,El Salvador
-88.50399797234971,13.845485948130857,38-1-1,El Salvador
-88.06534257684014,13.964625962779778,38-1-1,El Salvador
-87.85951534702161,13.893312486217098,38-1-1,El Salvador
-87.7235029772294,13.785050360565506,38-1-1,El Salvador
-87.79311113152657,13.384480495655055,38-1-1,El Salvador
-87.90411210808952,13.149016831917137,38-1-1,El Salvador
-88.48330156121682,13.163951320849492,38-1-1,El Salvador
-88.84322791212972,13.259733588102478,38-1-1,El Salvador
-89.2567427233293,13.458532823129303,38-1-1,El Salvador
-89.81239356154767,13.520622056527998,38-1-1,El Salvador
-90.09555457229098,13.735337632700734,38-1-1,El Salvador
-90.0646779039966,13.881969509328925,38-1-1,El Salvador
-89.72193396682073,14.134228013561696,38-1-1,El Salvador
-89.53421932652051,14.244815578666305,38-1-1,El Salvador
-89.58734269891656,14.36258616785949,38-1-1,El Salvador
-89.35332597528281,14.424132798719086,38-1-1,El Salvador
-92.22775000686983,14.538828640190928,39-1-1,Guatemala
-92.20322953974733,14.830102850804069,39-1-1,Guatemala
-92.08721594925207,15.064584662328441,39-1-1,Guatemala
-92.2292486234063,15.251446641495875,39-1-1,Guatemala
-91.74796017125595,16.066564846251765,39-1-1,Guatemala
-90.46447262242266,16.069562079324655,39-1-1,Guatemala
-90.43886695022204,16.410109768128095,39-1-1,Guatemala
-90.60084672724093,16.47077789963879,39-1-1,Guatemala
-90.71182186558772,16.687483018454728,39-1-1,Guatemala
-91.08167009150065,16.918476670799407,39-1-1,Guatemala
-91.45392127151516,17.252177232324172,39-1-1,Guatemala
-91.00226925328421,17.25465770107418,39-1-1,Guatemala
-91.00151994501596,17.81759491624571,39-1-1,Guatemala
-90.06793351923098,17.819326076727478,39-1-1,Guatemala
-89.14308041050333,17.808318996649405,39-1-1,Guatemala
-89.15080603713095,17.015576687075836,39-1-1,Guatemala
-89.22912167026928,15.886937567605171,39-1-1,Guatemala
-88.93061275913527,15.887273464415076,39-1-1,Guatemala
-88.60458614780585,15.70638011317736,39-1-1,Guatemala
-88.51836402052686,15.855389105690975,39-1-1,Guatemala
-88.22502275262202,15.727722479713904,39-1-1,Guatemala
-88.68067969435563,15.346247056535304,39-1-1,Guatemala
-89.15481096063357,15.06641917567481,39-1-1,Guatemala
-89.22522009963127,14.874286200413621,39-1-1,Guatemala
-89.14553504103719,14.678019110569153,39-1-1,Guatemala
-89.35332597528281,14.424132798719086,39-1-1,Guatemala
-89.58734269891656,14.36258616785949,39-1-1,Guatemala
-89.53421932652051,14.244815578666305,39-1-1,Guatemala
-89.72193396682073,14.134228013561696,39-1-1,Guatemala
-90.0646779039966,13.881969509328925,39-1-1,Guatemala
-90.09555457229098,13.735337632700734,39-1-1,Guatemala
-90.60862403030085,13.909771429901951,39-1-1,Guatemala
-91.23241024449605,13.927832342987957,39-1-1,Guatemala
-91.68974667027913,14.126218166556455,39-1-1,Guatemala
-92.22775000686983,14.538828640190928,39-1-1,Guatemala
-89.14308041050333,17.808318996649405,40-1-1,Belize
-89.15090938999553,17.95546763760042,40-1-1,Belize
-89.02985734735182,18.001511338772488,40-1-1,Belize
-88.84834387892661,17.883198147040233,40-1-1,Belize
-88.49012285027935,18.486830552641607,40-1-1,Belize
-88.3000310940937,18.4999822046599,40-1-1,Belize
-88.29633622918482,18.35327281338327,40-1-1,Belize
-88.10681291375438,18.348673610909287,40-1-1,Belize
-88.1234785631685,18.07667470954101,40-1-1,Belize
-88.2853549873228,17.644142971258034,40-1-1,Belize
-88.19786678745265,17.489475409408456,40-1-1,Belize
-88.30264075392444,17.131693630435663,40-1-1,Belize
-88.23951799187991,17.036066392479555,40-1-1,Belize
-88.35542822951057,16.530774237529627,40-1-1,Belize
-88.55182451043585,16.265467434143147,40-1-1,Belize
-88.73243364129594,16.233634751851355,40-1-1,Belize
-88.93061275913527,15.887273464415076,40-1-1,Belize
-89.22912167026928,15.886937567605171,40-1-1,Belize
-89.15080603713095,17.015576687075836,40-1-1,Belize
-89.14308041050333,17.808318996649405,40-1-1,Belize
-60.73357418480372,5.200277207861901,41-1-1,Venezuela
-60.601179165271944,4.91809804933213,41-1-1,Venezuela
-60.96689327660154,4.536467596856639,41-1-1,Venezuela
-62.08542965355913,4.162123521334308,41-1-1,Venezuela
-62.804533047116706,4.006965033377952,41-1-1,Venezuela
-63.093197597899106,3.7705711938587854,41-1-1,Venezuela
-63.88834286157416,4.020530096854571,41-1-1,Venezuela
-64.62865943058755,4.14848094320925,41-1-1,Venezuela
-64.81606401229402,4.056445217297423,41-1-1,Venezuela
-64.3684944322141,3.797210394705246,41-1-1,Venezuela
-64.40882788761792,3.126786200366624,41-1-1,Venezuela
-64.2699991522658,2.497005520025567,41-1-1,Venezuela
-63.42286739770512,2.4110676131241746,41-1-1,Venezuela
-63.368788011311665,2.200899562993129,41-1-1,Venezuela
-64.08308549666609,1.9163691267940803,41-1-1,Venezuela
-64.19930579289051,1.49285492594602,41-1-1,Venezuela
-64.61101192895987,1.3287305769870417,41-1-1,Venezuela
-65.35471330428837,1.0952822941085003,41-1-1,Venezuela
-65.54826738143757,0.7892544620760303,41-1-1,Venezuela
-66.32576514348496,0.7244522159820121,41-1-1,Venezuela
-66.87632585312258,1.253360500489336,41-1-1,Venezuela
-67.18129431829307,2.250638129074062,41-1-1,Venezuela
-67.44709204778631,2.6002808699608693,41-1-1,Venezuela
-67.8099381171237,2.820655015469569,41-1-1,Venezuela
-67.30317318385345,3.31845408773718,41-1-1,Venezuela
-67.33756384954368,3.5423422306417223,41-1-1,Venezuela
-67.62183590358129,3.8394817163199946,41-1-1,Venezuela
-67.82301225449355,4.503937282728899,41-1-1,Venezuela
-67.74469662135522,5.221128648291668,41-1-1,Venezuela
-67.52153194850275,5.556870428891969,41-1-1,Venezuela
-67.34143958196557,6.095468044454023,41-1-1,Venezuela
-67.69508724635502,6.267318020040647,41-1-1,Venezuela
-68.26505245631823,6.153268133972475,41-1-1,Venezuela
-68.98531856960236,6.206804917826858,41-1-1,Venezuela
-69.38947994655712,6.0998605411988365,41-1-1,Venezuela
-70.09331295437242,6.96037649172311,41-1-1,Venezuela
-70.67423356798152,7.087784735538719,41-1-1,Venezuela
-71.96017574734864,6.991614895043539,41-1-1,Venezuela
-72.19835242378188,7.340430813013683,41-1-1,Venezuela
-72.44448727078807,7.423784898300482,41-1-1,Venezuela
-72.47967892117885,7.632506008327354,41-1-1,Venezuela
-72.36090064155597,8.002638454617895,41-1-1,Venezuela
-72.43986223009796,8.405275376820029,41-1-1,Venezuela
-72.6604947577681,8.625287787302682,41-1-1,Venezuela
-72.7887298245004,9.085027167187334,41-1-1,Venezuela
-73.30495154488005,9.151999823437606,41-1-1,Venezuela
-73.02760413276957,9.736770331252444,41-1-1,Venezuela
-72.9052860175347,10.450344346554772,41-1-1,Venezuela
-72.61465776232521,10.821975409381778,41-1-1,Venezuela
-72.22757544624294,11.10870209395324,41-1-1,Venezuela
-71.97392167833829,11.60867157637712,41-1-1,Venezuela
-71.3315836249503,11.776284084515808,41-1-1,Venezuela
-71.36000566271082,11.539993597861212,41-1-1,Venezuela
-71.94704993354651,11.423282375530022,41-1-1,Venezuela
-71.62086829292019,10.969459947142795,41-1-1,Venezuela
-71.63306393094109,10.446494452349029,41-1-1,Venezuela
-72.07417395698451,9.865651353388373,41-1-1,Venezuela
-71.69564409044654,9.072263088411248,41-1-1,Venezuela
-71.26455929226773,9.137194525585983,41-1-1,Venezuela
-71.03999935574339,9.859992784052409,41-1-1,Venezuela
-71.35008378771079,10.211935126176215,41-1-1,Venezuela
-71.40062333849224,10.968969021036015,41-1-1,Venezuela
-70.15529883490652,11.37548167566004,41-1-1,Venezuela
-70.29384334988103,11.846822414594214,41-1-1,Venezuela
-69.94324459499683,12.162307033736099,41-1-1,Venezuela
-69.58430009629747,11.459610907431212,41-1-1,Venezuela
-68.88299923366445,11.443384507691563,41-1-1,Venezuela
-68.23327145045873,10.885744126829946,41-1-1,Venezuela
-68.19412655299763,10.554653225135922,41-1-1,Venezuela
-67.29624854192633,10.54586823164631,41-1-1,Venezuela
-66.227864142508,10.648626817258688,41-1-1,Venezuela
-65.65523759628175,10.200798855017323,41-1-1,Venezuela
-64.89045223657817,10.0772146671913,41-1-1,Venezuela
-64.32947872583374,10.38959870039568,41-1-1,Venezuela
-64.31800655786495,10.64141795495398,41-1-1,Venezuela
-63.07932247582873,10.7017243514386,41-1-1,Venezuela
-61.880946010980196,10.715625311725104,41-1-1,Venezuela
-62.73011898461641,10.420268662960906,41-1-1,Venezuela
-62.388511928950976,9.94820445397464,41-1-1,Venezuela
-61.58876746280194,9.873066921422264,41-1-1,Venezuela
-60.83059668643172,9.381339829948942,41-1-1,Venezuela
-60.67125240745973,8.580174261911878,41-1-1,Venezuela
-60.15009558779618,8.602756862823426,41-1-1,Venezuela
-59.758284878159195,8.367034816924047,41-1-1,Venezuela
-60.5505879380582,7.779602972846178,41-1-1,Venezuela
-60.637972785063766,7.4149999048108555,41-1-1,Venezuela
-60.2956680975624,7.043911444522919,41-1-1,Venezuela
-60.54399919294099,6.856584377464883,41-1-1,Venezuela
-61.15933631045648,6.696077378766319,41-1-1,Venezuela
-61.13941504580795,6.234296779806144,41-1-1,Venezuela
-61.410302903881956,5.959068101419618,41-1-1,Venezuela
-60.73357418480372,5.200277207861901,41-1-1,Venezuela
-56.539385748914555,1.8995226098669207,42-1-1,Guyana
-56.78270423036083,1.8637108422886541,42-1-1,Guyana
-57.335822923396904,1.9485377058957594,42-1-1,Guyana
-57.66097103537737,1.6825849471056387,42-1-1,Guyana
-58.11344987652502,1.5071951359070253,42-1-1,Guyana
-58.429477098205965,1.4639419620787208,42-1-1,Guyana
-58.540012986878295,1.2680882836925207,42-1-1,Guyana
-59.03086157900265,1.3176976586927225,42-1-1,Guyana
-59.64604366722126,1.786893825686789,42-1-1,Guyana
-59.71854570172675,2.2496304386443597,42-1-1,Guyana
-59.97452490908456,2.755232652188056,42-1-1,Guyana
-59.815413174057866,3.6064985213320853,42-1-1,Guyana
-59.53803992373123,3.9588025984819377,42-1-1,Guyana
-59.767405768458715,4.423502915866607,42-1-1,Guyana
-60.11100236676738,4.574966538914083,42-1-1,Guyana
-59.980958624904886,5.014061184098139,42-1-1,Guyana
-60.21368343773133,5.244486395687602,42-1-1,Guyana
-60.73357418480372,5.200277207861901,42-1-1,Guyana
-61.410302903881956,5.959068101419618,42-1-1,Guyana
-61.13941504580795,6.234296779806144,42-1-1,Guyana
-61.15933631045648,6.696077378766319,42-1-1,Guyana
-60.54399919294099,6.856584377464883,42-1-1,Guyana
-60.2956680975624,7.043911444522919,42-1-1,Guyana
-60.637972785063766,7.4149999048108555,42-1-1,Guyana
-60.5505879380582,7.779602972846178,42-1-1,Guyana
-59.758284878159195,8.367034816924047,42-1-1,Guyana
-59.10168412945866,7.999201971870492,42-1-1,Guyana
-58.48296220562806,7.347691351750697,42-1-1,Guyana
-58.45487606467742,6.832787380394464,42-1-1,Guyana
-58.078103196837375,6.809093736188643,42-1-1,Guyana
-57.542218593970645,6.321268215353356,42-1-1,Guyana
-57.14743648947689,5.973149929219161,42-1-1,Guyana
-57.307245856339506,5.073566595882227,42-1-1,Guyana
-57.91428890647214,4.812626451024414,42-1-1,Guyana
-57.8602095200787,4.57680105226045,42-1-1,Guyana
-58.04469438336068,4.0608635522583825,42-1-1,Guyana
-57.60156897645787,3.3346546492606848,42-1-1,Guyana
-57.28143347840971,3.3334919295341194,42-1-1,Guyana
-57.15009782573991,2.7689269067454063,42-1-1,Guyana
-56.539385748914555,1.8995226098669207,42-1-1,Guyana
-54.524754197799716,2.3118488631237852,43-1-1,Suriname
-55.09758744975514,2.5237480737366127,43-1-1,Suriname
-55.569755011606,2.4215062524471307,43-1-1,Suriname
-55.973322109589375,2.510363877773017,43-1-1,Suriname
-56.0733418442903,2.2207949894254995,43-1-1,Suriname
-55.905600145070885,2.0219957543986595,43-1-1,Suriname
-55.995698004771754,1.8176671411166012,43-1-1,Suriname
-56.539385748914555,1.8995226098669207,43-1-1,Suriname
-57.15009782573991,2.7689269067454063,43-1-1,Suriname
-57.28143347840971,3.3334919295341194,43-1-1,Suriname
-57.60156897645787,3.3346546492606848,43-1-1,Suriname
-58.04469438336068,4.0608635522583825,43-1-1,Suriname
-57.8602095200787,4.57680105226045,43-1-1,Suriname
-57.91428890647214,4.812626451024414,43-1-1,Suriname
-57.307245856339506,5.073566595882227,43-1-1,Suriname
-57.14743648947689,5.973149929219161,43-1-1,Suriname
-55.9493184067898,5.772877915872002,43-1-1,Suriname
-55.841779751190415,5.95312531170606,43-1-1,Suriname
-55.033250291551774,6.025291449401664,43-1-1,Suriname
-53.9580446030709,5.756548163267765,43-1-1,Suriname
-54.47863298197923,4.896755682795586,43-1-1,Suriname
-54.399542202356514,4.212611395683467,43-1-1,Suriname
-54.00693050801901,3.6200377465925584,43-1-1,Suriname
-54.181726040246275,3.1897797713304215,43-1-1,Suriname
-54.2697051662232,2.7323916691150463,43-1-1,Suriname
-54.524754197799716,2.3118488631237852,43-1-1,Suriname
-51.65779741067889,4.156232408053029,44-1-1,France
-52.249337531123956,3.241094468596245,44-1-1,France
-52.55642473001842,2.504705308437053,44-1-1,France
-52.939657151894956,2.1248576928756364,44-1-1,France
-53.41846513529531,2.0533891870159806,44-1-1,France
-53.554839240113544,2.334896551925951,44-1-1,France
-53.77852067728892,2.3767027856500818,44-1-1,France
-54.08806250671725,2.105556545414629,44-1-1,France
-54.524754197799716,2.3118488631237852,44-1-1,France
-54.2697051662232,2.7323916691150463,44-1-1,France
-54.181726040246275,3.1897797713304215,44-1-1,France
-54.00693050801901,3.6200377465925584,44-1-1,France
-54.399542202356514,4.212611395683467,44-1-1,France
-54.47863298197923,4.896755682795586,44-1-1,France
-53.9580446030709,5.756548163267765,44-1-1,France
-53.618452928264844,5.6465290389183735,44-1-1,France
-52.88214128275409,5.409850979021584,44-1-1,France
-51.8233428615259,4.565768133966131,44-1-1,France
-51.65779741067889,4.156232408053029,44-1-1,France
6.186320428094177,49.463802802114515,44-2-1,France
6.658229607783568,49.20195831969157,44-2-1,France
8.099278598674744,49.01778351500333,44-2-1,France
7.593676385131062,48.33301911070372,44-2-1,France
7.466759067422231,47.62058197691181,44-2-1,France
7.192202182655507,47.44976552997102,44-2-1,France
6.736571079138059,47.541801255882845,44-2-1,France
6.768713820023606,47.2877082383037,44-2-1,France
6.037388950229001,46.725778713561866,44-2-1,France
6.022609490593538,46.27298981382047,44-2-1,France
6.5000997249704255,46.42967275652944,44-2-1,France
6.843592970414505,45.99114655210061,44-2-1,France
6.802355177445605,45.70857982032864,44-2-1,France
7.096652459347837,45.33309886329589,44-2-1,France
6.749955275101655,45.02851797136758,44-2-1,France
7.007562290076635,44.25476675066136,44-2-1,France
7.549596388386107,44.12790110938481,44-2-1,France
7.435184767291872,43.69384491634922,44-2-1,France
6.52924523278304,43.128892320318315,44-2-1,France
4.556962517931424,43.399650987311595,44-2-1,France
3.1004105973526634,43.075200507167054,44-2-1,France
2.9859989762584576,42.47301504166986,44-2-1,France
1.8267932470871528,42.34338471126569,44-2-1,France
0.7015906103638941,42.795734361332606,44-2-1,France
0.3380469091905809,42.57954600683955,44-2-1,France
-1.502770961910528,43.03401439063043,44-2-1,France
-1.901351284177764,43.42280202897834,44-2-1,France
-1.384225226232985,44.022610378590116,44-2-1,France
-1.1937975732374184,46.01491771095486,44-2-1,France
-2.2257242496738456,47.06436269793822,44-2-1,France
-2.9632761295596026,47.57032664650795,44-2-1,France
-4.4915549381594815,47.954954332056374,44-2-1,France
-4.592349819344776,48.68416046812699,44-2-1,France
-3.295813971357802,48.90169240985963,44-2-1,France
-1.6165107893849608,48.64442129169454,44-2-1,France
-1.933494025063311,49.776341864615745,44-2-1,France
-0.98946895995536,49.34737580016091,44-2-1,France
1.3387610205226963,50.12717316344526,44-2-1,France
1.6390010921384996,50.9466063502975,44-2-1,France
2.5135730322461427,51.14850617126183,44-2-1,France
2.658422071960274,50.796848049515745,44-2-1,France
3.1232515804256877,50.78036326761455,44-2-1,France
3.588184441755658,50.37899241800356,44-2-1,France
4.2860229834250845,49.907496649772554,44-2-1,France
4.799221632515724,49.98537303323637,44-2-1,France
5.674051954784829,49.529483547557504,44-2-1,France
5.897759230176348,49.44266714130711,44-2-1,France
6.186320428094177,49.463802802114515,44-2-1,France
8.746009148807559,42.62812185319392,44-3-1,France
9.390000848028876,43.00998484961471,44-3-1,France
9.560016310269134,42.15249197037952,44-3-1,France
9.229752231491773,41.380006822264455,44-3-1,France
8.775723097375362,41.58361196549443,44-3-1,France
8.544212680707773,42.25651662858306,44-3-1,France
8.746009148807559,42.62812185319392,44-3-1,France
-75.37322323271385,-0.1520317521204504,45-1-1,Ecuador
-75.23372270374195,-0.9114169246495294,45-1-1,Ecuador
-75.54499569365204,-1.5616097957458803,45-1-1,Ecuador
-76.63539425322672,-2.6086776668438176,45-1-1,Ecuador
-77.83790483265861,-3.003020521663103,45-1-1,Ecuador
-78.45068396677564,-3.873096612161376,45-1-1,Ecuador
-78.63989722361234,-4.547784112164074,45-1-1,Ecuador
-79.20528906931773,-4.959128513207389,45-1-1,Ecuador
-79.62497921417618,-4.454198093283495,45-1-1,Ecuador
-80.02890804718561,-4.3460909969288934,45-1-1,Ecuador
-80.44224199087216,-4.425724379090674,45-1-1,Ecuador
-80.46929460317695,-4.0592867977089995,45-1-1,Ecuador
-80.18401485870967,-3.8211617977080437,45-1-1,Ecuador
-80.30256059438722,-3.4048564591647126,45-1-1,Ecuador
-79.77029334178093,-2.65751189535964,45-1-1,Ecuador
-79.98655921092242,-2.220794366061014,45-1-1,Ecuador
-80.36878394236925,-2.6851587866357884,45-1-1,Ecuador
-80.96776546906436,-2.246942640800704,45-1-1,Ecuador
-80.76480628123804,-1.9650477026485331,45-1-1,Ecuador
-80.93365902375172,-1.057454522306358,45-1-1,Ecuador
-80.58337032746127,-0.9066626928786832,45-1-1,Ecuador
-80.39932471385376,-0.28370330160014134,45-1-1,Ecuador
-80.02089820018037,0.3603400740534682,45-1-1,Ecuador
-80.09060970734211,0.7684288598623965,45-1-1,Ecuador
-79.5427620103998,0.982937730305963,45-1-1,Ecuador
-78.85525875518871,1.380923773601822,45-1-1,Ecuador
-77.85506140817952,0.8099250349927729,45-1-1,Ecuador
-77.66861284047044,0.8258930525709616,45-1-1,Ecuador
-77.4249843004304,0.395686753741117,45-1-1,Ecuador
-76.5763797675494,0.256935533037435,45-1-1,Ecuador
-76.29231441924097,0.4160472680641192,45-1-1,Ecuador
-75.8014658271166,0.08480133707320192,45-1-1,Ecuador
-75.37322323271385,-0.1520317521204504,45-1-1,Ecuador
-66.28243445500821,18.514761664295364,46-1-1,Puerto Rico
-65.7713028632093,18.426679185453878,46-1-1,Puerto Rico
-65.59100379094295,18.228034979723915,46-1-1,Puerto Rico
-65.84716386581377,17.97590566657186,46-1-1,Puerto Rico
-66.59993445500949,17.981822618069273,46-1-1,Puerto Rico
-67.18416236028527,17.946553453030077,46-1-1,Puerto Rico
-67.24242753769435,18.374460150622937,46-1-1,Puerto Rico
-67.10067908391774,18.52060110114435,46-1-1,Puerto Rico
-66.28243445500821,18.514761664295364,46-1-1,Puerto Rico
-77.56960079619921,18.490525417550487,47-1-1,Jamaica
-76.89661861846213,18.400866807524082,47-1-1,Jamaica
-76.36535905628554,18.160700588447597,47-1-1,Jamaica
-76.19965857614164,17.886867173732966,47-1-1,Jamaica
-76.9025614081757,17.868237819891746,47-1-1,Jamaica
-77.20634131540348,17.70111623785982,47-1-1,Jamaica
-77.76602291534061,17.86159739834224,47-1-1,Jamaica
-78.33771928578561,18.225967922432233,47-1-1,Jamaica
-78.21772661000388,18.454532782459196,47-1-1,Jamaica
-77.79736467152563,18.524218451404778,47-1-1,Jamaica
-77.56960079619921,18.490525417550487,47-1-1,Jamaica
-82.26815121125706,23.188610744717707,48-1-1,Cuba
-81.40445716014683,23.117271429938782,48-1-1,Cuba
-80.6187686835812,23.105980129483,48-1-1,Cuba
-79.67952368846025,22.76530324959883,48-1-1,Cuba
-79.28148596873208,22.399201565027056,48-1-1,Cuba
-78.34743445505649,22.512166246017088,48-1-1,Cuba
-77.99329586456028,22.277193508385935,48-1-1,Cuba
-77.14642249216105,21.657851467367834,48-1-1,Cuba
-76.52382483590856,21.206819566324373,48-1-1,Cuba
-76.19462012399319,21.220565497314013,48-1-1,Cuba
-75.59822241891267,21.016624457274133,48-1-1,Cuba
-75.67106035022806,20.735091254148003,48-1-1,Cuba
-74.9338960435845,20.693905137611385,48-1-1,Cuba
-74.17802486845126,20.28462779385974,48-1-1,Cuba
-74.29664811877726,20.05037852628068,48-1-1,Cuba
-74.96159461129294,19.92343537035569,48-1-1,Cuba
-75.63468014189459,19.873774318923196,48-1-1,Cuba
-76.323656175426,19.95289093676206,48-1-1,Cuba
-77.75548092315307,19.855480861891877,48-1-1,Cuba
-77.08510840524674,20.413353786698792,48-1-1,Cuba
-77.49265458851661,20.673105373613893,48-1-1,Cuba
-78.13729224314159,20.739948838783434,48-1-1,Cuba
-78.48282670766119,21.02861338956585,48-1-1,Cuba
-78.71986650258401,21.598113511638434,48-1-1,Cuba
-79.28499996612794,21.5591753199065,48-1-1,Cuba
-80.21747534861865,21.827324327069036,48-1-1,Cuba
-80.51753455272141,22.03707896574176,48-1-1,Cuba
-81.82094336620318,22.19205658618507,48-1-1,Cuba
-82.16999182811864,22.387109279870753,48-1-1,Cuba
-81.79500179719267,22.636964830001958,48-1-1,Cuba
-82.77589799674085,22.688150336187064,48-1-1,Cuba
-83.49445878775936,22.16851797127613,48-1-1,Cuba
-83.90880042187563,22.154565334557333,48-1-1,Cuba
-84.05215084505326,21.910575059491254,48-1-1,Cuba
-84.54703019889638,21.801227728761646,48-1-1,Cuba
-84.97491105827311,21.89602814380109,48-1-1,Cuba
-84.44706214062776,22.204949856041907,48-1-1,Cuba
-84.23035702181178,22.565754706303764,48-1-1,Cuba
-83.7782399156902,22.788118394455694,48-1-1,Cuba
-83.26754757356575,22.983041897060644,48-1-1,Cuba
-82.51043616405751,23.078746649665188,48-1-1,Cuba
-82.26815121125706,23.188610744717707,48-1-1,Cuba
31.19140913262129,-22.2515096981724,49-1-1,Zimbabwe
30.65986535006709,-22.151567478119915,49-1-1,Zimbabwe
30.322883335091774,-22.271611830333935,49-1-1,Zimbabwe
29.839036899542972,-22.102216485281176,49-1-1,Zimbabwe
29.43218834810904,-22.091312758067588,49-1-1,Zimbabwe
28.794656202924216,-21.63945403410745,49-1-1,Zimbabwe
28.021370070108617,-21.485975030200585,49-1-1,Zimbabwe
27.72722781750326,-20.851801853114715,49-1-1,Zimbabwe
27.724747348753255,-20.49905852629039,49-1-1,Zimbabwe
27.296504754350508,-20.391519870691,49-1-1,Zimbabwe
26.164790887158485,-19.29308562589494,49-1-1,Zimbabwe
25.85039147309473,-18.714412937090536,49-1-1,Zimbabwe
25.649163445750162,-18.53602589281899,49-1-1,Zimbabwe
25.264225701608012,-17.736539808831417,49-1-1,Zimbabwe
26.381935255648926,-17.8460421688579,49-1-1,Zimbabwe
26.70677330903564,-17.961228936436484,49-1-1,Zimbabwe
27.044427117630732,-17.938026218337434,49-1-1,Zimbabwe
27.59824344250276,-17.290830580314008,49-1-1,Zimbabwe
28.467906121542683,-16.468400160388846,49-1-1,Zimbabwe
28.8258687680285,-16.389748630440614,49-1-1,Zimbabwe
28.947463413211267,-16.04305144619444,49-1-1,Zimbabwe
29.516834344203147,-15.644677829656388,49-1-1,Zimbabwe
30.27425581230511,-15.507786960515213,49-1-1,Zimbabwe
30.338954705534544,-15.880839125230246,49-1-1,Zimbabwe
31.17306399915768,-15.860943698797874,49-1-1,Zimbabwe
31.636498243951195,-16.071990248277885,49-1-1,Zimbabwe
31.8520406430406,-16.319417006091378,49-1-1,Zimbabwe
32.32823896661023,-16.392074069893752,49-1-1,Zimbabwe
32.847638787575846,-16.713398125884616,49-1-1,Zimbabwe
32.84986087416439,-17.97905730557718,49-1-1,Zimbabwe
32.65488569512715,-18.672089939043495,49-1-1,Zimbabwe
32.61199425632489,-19.419382826416275,49-1-1,Zimbabwe
32.772707960752626,-19.715592136313298,49-1-1,Zimbabwe
32.65974327976258,-20.304290052982317,49-1-1,Zimbabwe
32.50869306817344,-20.395292250248307,49-1-1,Zimbabwe
32.244988234188014,-21.116488539313693,49-1-1,Zimbabwe
31.19140913262129,-22.2515096981724,49-1-1,Zimbabwe
29.43218834810904,-22.091312758067588,50-1-1,Botswana
28.01723595552525,-22.82775359465908,50-1-1,Botswana
27.119409620886245,-23.574323011979775,50-1-1,Botswana
26.786406691197413,-24.240690606383485,50-1-1,Botswana
26.4857532081233,-24.616326592713104,50-1-1,Botswana
25.94165205252216,-24.69637338633322,50-1-1,Botswana
25.76584882986521,-25.17484547292368,50-1-1,Botswana
25.66466637543772,-25.486816094669713,50-1-1,Botswana
25.025170525825786,-25.7196700985769,50-1-1,Botswana
24.211266717228796,-25.670215752873574,50-1-1,Botswana
23.73356977712271,-25.390129489851617,50-1-1,Botswana
23.312096795350186,-25.26868987396572,50-1-1,Botswana
22.8242712745149,-25.50045867279477,50-1-1,Botswana
22.57953169118059,-25.979447523708146,50-1-1,Botswana
22.105968865657868,-26.280256036079138,50-1-1,Botswana
21.605896030369394,-26.726533705351756,50-1-1,Botswana
20.88960900237174,-26.828542982695915,50-1-1,Botswana
20.66647016773544,-26.477453301704923,50-1-1,Botswana
20.75860924651184,-25.86813648855145,50-1-1,Botswana
20.16572553882719,-24.91796192800077,50-1-1,Botswana
19.895767856534434,-24.76779021576059,50-1-1,Botswana
19.89545779794068,-21.84915699634787,50-1-1,Botswana
20.88113406747587,-21.814327080983148,50-1-1,Botswana
20.910641310314535,-18.252218926672022,50-1-1,Botswana
21.655040317478978,-18.219146010005225,50-1-1,Botswana
23.1968583513393,-17.869038181227786,50-1-1,Botswana
23.579005568137717,-18.28126108162006,50-1-1,Botswana
24.217364536239213,-17.88934701911849,50-1-1,Botswana
24.520705193792537,-17.887124932529936,50-1-1,Botswana
25.08444339366457,-17.661815687737374,50-1-1,Botswana
25.264225701608012,-17.736539808831417,50-1-1,Botswana
25.649163445750162,-18.53602589281899,50-1-1,Botswana
25.85039147309473,-18.714412937090536,50-1-1,Botswana
26.164790887158485,-19.29308562589494,50-1-1,Botswana
27.296504754350508,-20.391519870691,50-1-1,Botswana
27.724747348753255,-20.49905852629039,50-1-1,Botswana
27.72722781750326,-20.851801853114715,50-1-1,Botswana
28.021370070108617,-21.485975030200585,50-1-1,Botswana
28.794656202924216,-21.63945403410745,50-1-1,Botswana
29.43218834810904,-22.091312758067588,50-1-1,Botswana
19.895767856534434,-24.76779021576059,51-1-1,Namibia
19.894734327888614,-28.461104831660776,51-1-1,Namibia
19.002127312911085,-28.972443129188868,51-1-1,Namibia
18.464899122804752,-29.04546192801728,51-1-1,Namibia
17.83615197110953,-28.85637786226132,51-1-1,Namibia
17.387497185951503,-28.78351409272978,51-1-1,Namibia
17.218928663815404,-28.35594329194681,51-1-1,Namibia
16.824017368240902,-28.08216155366447,51-1-1,Namibia
16.344976840895242,-28.5767050106977,51-1-1,Namibia
15.601818068105816,-27.821247247022804,51-1-1,Namibia
15.21047244635946,-27.090955905874047,51-1-1,Namibia
14.989710727608553,-26.117371921495156,51-1-1,Namibia
14.743214145576331,-25.39292001719538,51-1-1,Namibia
14.408144158595833,-23.853014011329847,51-1-1,Namibia
14.385716586981149,-22.65665292734069,51-1-1,Namibia
14.257714064194175,-22.111208184499958,51-1-1,Namibia
13.86864220546866,-21.699036960539978,51-1-1,Namibia
13.35249799973744,-20.872834161057504,51-1-1,Namibia
12.826845330464494,-19.673165785401665,51-1-1,Namibia
12.608564080463621,-19.0453488094877,51-1-1,Namibia
11.794918654028066,-18.069129327061916,51-1-1,Namibia
11.734198846085121,-17.301889336824473,51-1-1,Namibia
12.215461460019355,-17.111668389558083,51-1-1,Namibia
12.814081251688407,-16.94134286872407,51-1-1,Namibia
13.462362094789967,-16.971211846588773,51-1-1,Namibia
14.05850141770901,-17.423380629142663,51-1-1,Namibia
14.209706658595024,-17.35310068122572,51-1-1,Namibia
18.263309360434164,-17.309950860262006,51-1-1,Namibia
18.956186964603603,-17.789094740472258,51-1-1,Namibia
21.377176141045567,-17.930636488519696,51-1-1,Namibia
23.215048455506064,-17.523116143465984,51-1-1,Namibia
24.033861525170778,-17.295843194246324,51-1-1,Namibia
24.682349074001507,-17.353410739819473,51-1-1,Namibia
25.07695031098226,-17.57882333747662,51-1-1,Namibia
25.08444339366457,-17.661815687737374,51-1-1,Namibia
24.520705193792537,-17.887124932529936,51-1-1,Namibia
24.217364536239213,-17.88934701911849,51-1-1,Namibia
23.579005568137717,-18.28126108162006,51-1-1,Namibia
23.1968583513393,-17.869038181227786,51-1-1,Namibia
21.655040317478978,-18.219146010005225,51-1-1,Namibia
20.910641310314535,-18.252218926672022,51-1-1,Namibia
20.88113406747587,-21.814327080983148,51-1-1,Namibia
19.89545779794068,-21.84915699634787,51-1-1,Namibia
19.895767856534434,-24.76779021576059,51-1-1,Namibia
-16.71372880702347,13.594958604379855,52-1-1,Senegal
-17.126106736712615,14.373515733289224,52-1-1,Senegal
-17.62504269049066,14.729540513564073,52-1-1,Senegal
-17.18517289882223,14.919477240452862,52-1-1,Senegal
-16.700706346085923,15.621527411354108,52-1-1,Senegal
-16.463098110407884,16.13503611903846,52-1-1,Senegal
-16.12069007004193,16.455662543193384,52-1-1,Senegal
-15.623666144258692,16.369337063049812,52-1-1,Senegal
-15.135737270558819,16.587282416240782,52-1-1,Senegal
-14.577347581428981,16.59826365810281,52-1-1,Senegal
-14.099521450242179,16.304302273010492,52-1-1,Senegal
-13.435737677453062,16.03938304286619,52-1-1,Senegal
-12.830658331747516,15.303691514542948,52-1-1,Senegal
-12.170750291380301,14.616834214735505,52-1-1,Senegal
-12.12488745772126,13.994727484589788,52-1-1,Senegal
-11.927716030311615,13.422075100147396,52-1-1,Senegal
-11.55339779300543,13.141213690641067,52-1-1,Senegal
-11.467899135778524,12.754518947800975,52-1-1,Senegal
-11.51394283695059,12.442987575729418,52-1-1,Senegal
-11.658300950557932,12.386582749882836,52-1-1,Senegal
-12.203564825885634,12.465647691289405,52-1-1,Senegal
-12.27859900557344,12.354440008997287,52-1-1,Senegal
-12.499050665730564,12.332089952031057,52-1-1,Senegal
-13.217818162478238,12.575873521367967,52-1-1,Senegal
-13.700476040084325,12.586182969610194,52-1-1,Senegal
-15.54847693527401,12.628170070847347,52-1-1,Senegal
-15.816574266004254,12.515567124883347,52-1-1,Senegal
-16.147716844130585,12.547761542201187,52-1-1,Senegal
-16.677451951554573,12.384851589401052,52-1-1,Senegal
-16.841524624081273,13.15139394780256,52-1-1,Senegal
-15.931295945692211,13.130284125211332,52-1-1,Senegal
-15.691000535534995,13.270353094938457,52-1-1,Senegal
-15.511812506562933,13.278569647672867,52-1-1,Senegal
-15.141163295949468,13.509511623585238,52-1-1,Senegal
-14.712197231494628,13.298206691943777,52-1-1,Senegal
-14.277701788784555,13.280585028532244,52-1-1,Senegal
-13.844963344772408,13.505041612192002,52-1-1,Senegal
-14.046992356817482,13.79406789800045,52-1-1,Senegal
-14.376713833055788,13.625680243377374,52-1-1,Senegal
-14.687030808968487,13.630356960499784,52-1-1,Senegal
-15.08173539881382,13.876491807505985,52-1-1,Senegal
-15.39877031092446,13.86036876063092,52-1-1,Senegal
-15.624596320039942,13.62358734786956,52-1-1,Senegal
-16.71372880702347,13.594958604379855,52-1-1,Senegal
-11.51394283695059,12.442987575729418,53-1-1,Mali
-11.467899135778524,12.754518947800975,53-1-1,Mali
-11.55339779300543,13.141213690641067,53-1-1,Mali
-11.927716030311615,13.422075100147396,53-1-1,Mali
-12.12488745772126,13.994727484589788,53-1-1,Mali
-12.170750291380301,14.616834214735505,53-1-1,Mali
-11.834207526079467,14.79909699142894,53-1-1,Mali
-11.666078253617854,15.388208319556298,53-1-1,Mali
-11.349095017939504,15.411256008358478,53-1-1,Mali
-10.650791388379417,15.132745876521426,53-1-1,Mali
-10.086846482778213,15.330485744686271,53-1-1,Mali
-9.700255092802706,15.264107367407362,53-1-1,Mali
-9.55023840985939,15.486496893775438,53-1-1,Mali
-5.537744309908447,15.501689764869257,53-1-1,Mali
-5.315277268891933,16.20185374599184,53-1-1,Mali
-5.488522508150439,16.325102037007966,53-1-1,Mali
-5.9711287093242476,20.64083344164763,53-1-1,Mali
-6.453786586930335,24.956590684503425,53-1-1,Mali
-4.923337368174231,24.974574082941,53-1-1,Mali
-1.5500548974576134,22.792665920497384,53-1-1,Mali
1.8232275732590324,20.610809434486043,53-1-1,Mali
2.06099083823392,20.142233384679486,53-1-1,Mali
2.683588494486429,19.856230170160117,53-1-1,Mali
3.1466610042539003,19.693578599521445,53-1-1,Mali
3.158133172222705,19.057364203360038,53-1-1,Mali
4.267419467800039,19.155265204337,53-1-1,Mali
4.2702099951438015,16.852227484601215,53-1-1,Mali
3.7234216650634835,16.184283759012615,53-1-1,Mali
3.6382589046464773,15.568119818580456,53-1-1,Mali
2.749992709981484,15.409524847876696,53-1-1,Mali
1.3855281917468576,15.323561102759172,53-1-1,Mali
1.0157833186984817,14.96818227788799,53-1-1,Mali
0.3748922054146817,14.92890818934613,53-1-1,Mali
-0.2662572900305804,14.924308986872148,53-1-1,Mali
-0.5158544580003479,15.116157741755728,53-1-1,Mali
-1.0663634912056636,14.973815009007765,53-1-1,Mali
-2.001035122068771,14.559008287000893,53-1-1,Mali
-2.1918245100903846,14.246417548067356,53-1-1,Mali
-2.9676944645205765,13.79815033615151,53-1-1,Mali
-3.1037068343127596,13.541266791228594,53-1-1,Mali
-3.522802700199861,13.337661647998615,53-1-1,Mali
-4.006390753587226,13.472485459848116,53-1-1,Mali
-4.28040503581488,13.228443508349741,53-1-1,Mali
-4.427166103523803,12.542645575404295,53-1-1,Mali
-5.220941941743121,11.713858954307227,53-1-1,Mali
-5.1978425765086484,11.37514577885014,53-1-1,Mali
-5.470564947929006,10.951269842976048,53-1-1,Mali
-5.404341599946974,10.370736802609146,53-1-1,Mali
-5.816926235365287,10.222554633012194,53-1-1,Mali
-6.050452032892267,10.096360785355444,53-1-1,Mali
-6.205222947606431,10.524060777219134,53-1-1,Mali
-6.493965013037268,10.411302801958271,53-1-1,Mali
-6.666460944027548,10.430810655148449,53-1-1,Mali
-6.8505065576350574,10.138993841996239,53-1-1,Mali
-7.622759161804809,10.147236232946796,53-1-1,Mali
-7.899589809592372,10.297382106970828,53-1-1,Mali
-8.029943610048619,10.206534939001713,53-1-1,Mali
-8.33537716310974,10.494811916541934,53-1-1,Mali
-8.282357143578281,10.792597357623846,53-1-1,Mali
-8.407310756860028,10.909256903522762,53-1-1,Mali
-8.620321010767128,10.810890814655183,53-1-1,Mali
-8.581305304386774,11.136245632364805,53-1-1,Mali
-8.376304897484914,11.393645941610629,53-1-1,Mali
-8.786099005559464,11.812560939984706,53-1-1,Mali
-8.90526485842453,12.088358059126437,53-1-1,Mali
-9.127473517279583,12.308060411015333,53-1-1,Mali
-9.327616339546012,12.334286200403454,53-1-1,Mali
-9.567911749703214,12.194243068892476,53-1-1,Mali
-9.890992804392013,12.060478623904972,53-1-1,Mali
-10.165213792348837,11.844083563682744,53-1-1,Mali
-10.593223842806282,11.92397532800598,53-1-1,Mali
-10.870829637078215,12.17788747807211,53-1-1,Mali
-11.03655595543826,12.211244615116515,53-1-1,Mali
-11.297573614944511,12.077971096235771,53-1-1,Mali
-11.456168585648271,12.076834214725338,53-1-1,Mali
-11.51394283695059,12.442987575729418,53-1-1,Mali
-17.06342322434257,20.999752102130827,54-1-1,Mauritania
-16.845193650773993,21.33332347257488,54-1-1,Mauritania
-12.929101935263532,21.327070624267563,54-1-1,Mauritania
-13.118754441774712,22.771220201096256,54-1-1,Mauritania
-12.874221564169575,23.284832261645178,54-1-1,Mauritania
-11.937224493853321,23.374594224536168,54-1-1,Mauritania
-11.96941891117116,25.933352769468268,54-1-1,Mauritania
-8.6872936670174,25.881056219988906,54-1-1,Mauritania
-8.684399786809053,27.395744126896005,54-1-1,Mauritania
-4.923337368174231,24.974574082941,54-1-1,Mauritania
-6.453786586930335,24.956590684503425,54-1-1,Mauritania
-5.9711287093242476,20.64083344164763,54-1-1,Mauritania
-5.488522508150439,16.325102037007966,54-1-1,Mauritania
-5.315277268891933,16.20185374599184,54-1-1,Mauritania
-5.537744309908447,15.501689764869257,54-1-1,Mauritania
-9.55023840985939,15.486496893775438,54-1-1,Mauritania
-9.700255092802706,15.264107367407362,54-1-1,Mauritania
-10.086846482778213,15.330485744686271,54-1-1,Mauritania
-10.650791388379417,15.132745876521426,54-1-1,Mauritania
-11.349095017939504,15.411256008358478,54-1-1,Mauritania
-11.666078253617854,15.388208319556298,54-1-1,Mauritania
-11.834207526079467,14.79909699142894,54-1-1,Mauritania
-12.170750291380301,14.616834214735505,54-1-1,Mauritania
-12.830658331747516,15.303691514542948,54-1-1,Mauritania
-13.435737677453062,16.03938304286619,54-1-1,Mauritania
-14.099521450242179,16.304302273010492,54-1-1,Mauritania
-14.577347581428981,16.59826365810281,54-1-1,Mauritania
-15.135737270558819,16.587282416240782,54-1-1,Mauritania
-15.623666144258692,16.369337063049812,54-1-1,Mauritania
-16.12069007004193,16.455662543193384,54-1-1,Mauritania
-16.463098110407884,16.13503611903846,54-1-1,Mauritania
-16.549707810929064,16.673892116761962,54-1-1,Mauritania
-16.270551723688357,17.166962795474873,54-1-1,Mauritania
-16.14634741867485,18.108481553616656,54-1-1,Mauritania
-16.256883307347167,19.096715806550307,54-1-1,Mauritania
-16.37765112961327,19.593817246981985,54-1-1,Mauritania
-16.277838100641517,20.0925206568147,54-1-1,Mauritania
-16.536323614965468,20.567866319251493,54-1-1,Mauritania
-17.06342322434257,20.999752102130827,54-1-1,Mauritania
2.6917016943562544,6.258817246928629,55-1-1,Benin
1.8652405127123188,6.142157701029731,55-1-1,Benin
1.618950636409238,6.832038072126238,55-1-1,Benin
1.664477573258381,9.12859039960938,55-1-1,Benin
1.46304284018467,9.334624335157088,55-1-1,Benin
1.425060662450136,9.825395412633,55-1-1,Benin
1.0777950374487375,10.175606594275024,55-1-1,Benin
0.7723356461714843,10.470808213742359,55-1-1,Benin
0.8995630224740694,10.99733938236426,55-1-1,Benin
1.2434696793764886,11.110510769083461,55-1-1,Benin
1.4471781754710662,11.547719224488858,55-1-1,Benin
1.9359855485198807,11.641150214072553,55-1-1,Benin
2.1544735042499212,11.940150051313339,55-1-1,Benin
2.49016360841793,12.233052069543675,55-1-1,Benin
2.8486430192265857,12.23563589115821,55-1-1,Benin
3.611180454125559,11.660167141155968,55-1-1,Benin
3.572216424177469,11.32793935795152,55-1-1,Benin
3.7971122575117136,10.734745591673105,55-1-1,Benin
3.600070021182802,10.332186184119408,55-1-1,Benin
3.7054382666259187,10.063210354040208,55-1-1,Benin
3.2203515967021015,9.444152533399702,55-1-1,Benin
2.912308383810256,9.137607937044322,55-1-1,Benin
2.723792758809509,8.50684540448971,55-1-1,Benin
2.7490625342002204,7.870734361192888,55-1-1,Benin
2.6917016943562544,6.258817246928629,55-1-1,Benin
14.851300000000037,22.862950000000126,56-1-1,Niger
15.096887648181848,21.30851878507491,56-1-1,Niger
15.47106000000008,21.04845000000006,56-1-1,Niger
15.487148064850146,20.730414537025638,56-1-1,Niger
15.903246697664315,20.387618923417506,56-1-1,Niger
15.685740594147774,19.957180080642388,56-1-1,Niger
15.30044111497972,17.927949937405003,56-1-1,Niger
15.247731154041844,16.627305813050782,56-1-1,Niger
13.972170000000006,15.684370000000058,56-1-1,Niger
13.540393507550789,14.367133693901224,56-1-1,Niger
13.956698846094127,13.996691189016929,56-1-1,Niger
13.95447675950561,13.353448798063766,56-1-1,Niger
14.595781284247607,13.33042694747786,56-1-1,Niger
14.495787387762846,12.85939626713733,56-1-1,Niger
14.213530714584635,12.802035427293347,56-1-1,Niger
14.181336297266794,12.483656927943116,56-1-1,Niger
13.995352817448293,12.461565253138303,56-1-1,Niger
13.318701613018561,13.556356309457826,56-1-1,Niger
13.083987257548813,13.596147162322495,56-1-1,Niger
12.302071160540523,13.037189032437524,56-1-1,Niger
11.527803175511394,13.328980007373588,56-1-1,Niger
10.989593133191534,13.387322699431195,56-1-1,Niger
10.701031935273706,13.246917832894084,56-1-1,Niger
10.114814487354693,13.27725189864941,56-1-1,Niger
9.524928012742947,12.851102199754479,56-1-1,Niger
9.014933302454438,12.826659247280418,56-1-1,Niger
7.804671258178786,13.343526923063747,56-1-1,Niger
7.330746697630019,13.0980380314612,56-1-1,Niger
6.820441928747754,13.115091254117518,56-1-1,Niger
6.445426059605637,13.492768459522678,56-1-1,Niger
5.443058302440136,13.865923977102227,56-1-1,Niger
4.368343540066007,13.747481594289411,56-1-1,Niger
4.107945997747322,13.531215725147831,56-1-1,Niger
3.9672827490488487,12.956108710171575,56-1-1,Niger
3.6806335791258107,12.552903347214226,56-1-1,Niger
3.611180454125559,11.660167141155968,56-1-1,Niger
2.8486430192265857,12.23563589115821,56-1-1,Niger
2.49016360841793,12.233052069543675,56-1-1,Niger
2.1544735042499212,11.940150051313339,56-1-1,Niger
2.177107781593776,12.625017808477535,56-1-1,Niger
1.0241032242974768,12.851825669806574,56-1-1,Niger
0.9930456884900708,13.335749620003824,56-1-1,Niger
0.429927605805517,13.988733018443924,56-1-1,Niger
0.29564639649510127,14.444234930880654,56-1-1,Niger
0.3748922054146817,14.92890818934613,56-1-1,Niger
1.0157833186984817,14.96818227788799,56-1-1,Niger
1.3855281917468576,15.323561102759172,56-1-1,Niger
2.749992709981484,15.409524847876696,56-1-1,Niger
3.6382589046464773,15.568119818580456,56-1-1,Niger
3.7234216650634835,16.184283759012615,56-1-1,Niger
4.2702099951438015,16.852227484601215,56-1-1,Niger
4.267419467800039,19.155265204337,56-1-1,Niger
5.677565952180686,19.601206976799716,56-1-1,Niger
8.572893100629784,21.565660712159143,56-1-1,Niger
11.999505649471613,23.47166840259645,56-1-1,Niger
13.581424594790462,23.04050608976928,56-1-1,Niger
14.143870883855243,22.491288967371133,56-1-1,Niger
14.851300000000037,22.862950000000126,56-1-1,Niger
2.6917016943562544,6.258817246928629,57-1-1,Nigeria
2.7490625342002204,7.870734361192888,57-1-1,Nigeria
2.723792758809509,8.50684540448971,57-1-1,Nigeria
2.912308383810256,9.137607937044322,57-1-1,Nigeria
3.2203515967021015,9.444152533399702,57-1-1,Nigeria
3.7054382666259187,10.063210354040208,57-1-1,Nigeria
3.600070021182802,10.332186184119408,57-1-1,Nigeria
3.7971122575117136,10.734745591673105,57-1-1,Nigeria
3.572216424177469,11.32793935795152,57-1-1,Nigeria
3.611180454125559,11.660167141155968,57-1-1,Nigeria
3.6806335791258107,12.552903347214226,57-1-1,Nigeria
3.9672827490488487,12.956108710171575,57-1-1,Nigeria
4.107945997747322,13.531215725147831,57-1-1,Nigeria
4.368343540066007,13.747481594289411,57-1-1,Nigeria
5.443058302440136,13.865923977102227,57-1-1,Nigeria
6.445426059605637,13.492768459522678,57-1-1,Nigeria
6.820441928747754,13.115091254117518,57-1-1,Nigeria
7.330746697630019,13.0980380314612,57-1-1,Nigeria
7.804671258178786,13.343526923063747,57-1-1,Nigeria
9.014933302454438,12.826659247280418,57-1-1,Nigeria
9.524928012742947,12.851102199754479,57-1-1,Nigeria
10.114814487354693,13.27725189864941,57-1-1,Nigeria
10.701031935273706,13.246917832894084,57-1-1,Nigeria
10.989593133191534,13.387322699431195,57-1-1,Nigeria
11.527803175511394,13.328980007373588,57-1-1,Nigeria
12.302071160540523,13.037189032437524,57-1-1,Nigeria
13.083987257548813,13.596147162322495,57-1-1,Nigeria
13.318701613018561,13.556356309457826,57-1-1,Nigeria
13.995352817448293,12.461565253138303,57-1-1,Nigeria
14.181336297266794,12.483656927943116,57-1-1,Nigeria
14.577177768622533,12.085360826053503,57-1-1,Nigeria
14.468192172918975,11.904751695193411,57-1-1,Nigeria
14.415378859116684,11.572368882692075,57-1-1,Nigeria
13.572949659894562,10.798565985553566,57-1-1,Nigeria
13.308676385153918,10.160362046748928,57-1-1,Nigeria
13.167599724997103,9.640626328973411,57-1-1,Nigeria
12.955467970438974,9.417771714714704,57-1-1,Nigeria
12.753671502339216,8.717762762888995,57-1-1,Nigeria
12.218872104550599,8.305824082874324,57-1-1,Nigeria
12.063946160539558,7.799808457872302,57-1-1,Nigeria
11.839308709366803,7.397042344589437,57-1-1,Nigeria
11.74577436691851,6.981382961449754,57-1-1,Nigeria
11.058787876030351,6.6444267846905944,57-1-1,Nigeria
10.497375115611419,7.0553577742755635,57-1-1,Nigeria
10.118276808318257,7.03876963950988,57-1-1,Nigeria
9.522705926154401,6.453482367372117,57-1-1,Nigeria
9.233162876023044,6.444490668153335,57-1-1,Nigeria
8.757532993208628,5.479665839047911,57-1-1,Nigeria
8.500287713259695,4.7719829370268485,57-1-1,Nigeria
7.462108188515941,4.412108262546241,57-1-1,Nigeria
7.0825964697644395,4.4646890324032285,57-1-1,Nigeria
6.6980721370806,4.240594183769517,57-1-1,Nigeria
5.898172641634687,4.262453314628985,57-1-1,Nigeria
5.3628048030908815,4.887970689305959,57-1-1,Nigeria
5.033574252959369,5.611802476418234,57-1-1,Nigeria
4.325607130560684,6.2706511499234665,57-1-1,Nigeria
3.574180128604553,6.258300482605719,57-1-1,Nigeria
2.6917016943562544,6.258817246928629,57-1-1,Nigeria
14.495787387762846,12.85939626713733,58-1-1,Cameroon
14.89336000000003,12.219049999999982,58-1-1,Cameroon
14.9601518083376,11.555574042197224,58-1-1,Cameroon
14.92356489427496,10.891325181517473,58-1-1,Cameroon
15.467872755605242,9.982336737503545,58-1-1,Cameroon
14.909353875394716,9.992129421422732,58-1-1,Cameroon
14.62720055508106,9.920919297724538,58-1-1,Cameroon
14.171466098699028,10.021378282099931,58-1-1,Cameroon
13.954218377344006,9.549494940626687,58-1-1,Cameroon
14.54446658698177,8.965861314322268,58-1-1,Cameroon
14.97999555833769,8.796104234243472,58-1-1,Cameroon
15.120865512765306,8.382150173369439,58-1-1,Cameroon
15.436091749745742,7.692812404811889,58-1-1,Cameroon
15.279460483469109,7.421924546737969,58-1-1,Cameroon
14.776545444404576,6.408498033062045,58-1-1,Cameroon
14.536560092841114,6.2269587264206905,58-1-1,Cameroon
14.459407179429348,5.4517605656103,58-1-1,Cameroon
14.558935988023507,5.03059764243153,58-1-1,Cameroon
14.47837243008047,4.732605495620447,58-1-1,Cameroon
14.950953403389661,4.210389309094921,58-1-1,Cameroon
15.036219516671252,3.8513672957471243,58-1-1,Cameroon
15.405395948964383,3.33530060466434,58-1-1,Cameroon
15.862732374747482,3.0135372989989833,58-1-1,Cameroon
15.907380812247652,2.557389431158612,58-1-1,Cameroon
16.012852410555354,2.267639675298085,58-1-1,Cameroon
15.940918816805066,1.7276726342802957,58-1-1,Cameroon
15.146341993885244,1.9640147973671844,58-1-1,Cameroon
14.33781253424658,2.2278746606494906,58-1-1,Cameroon
13.075822381246752,2.2670970727590145,58-1-1,Cameroon
12.951333855855609,2.32161570882694,58-1-1,Cameroon
12.359380323952221,2.19281220133945,58-1-1,Cameroon
11.75166548019979,2.3267575138399934,58-1-1,Cameroon
11.276449008843713,2.261050930180872,58-1-1,Cameroon
9.649158155972628,2.2838660750377358,58-1-1,Cameroon
9.795195753629457,3.073404445809117,58-1-1,Cameroon
9.404366896206,3.734526882335203,58-1-1,Cameroon
8.948115675501072,3.9041289331171356,58-1-1,Cameroon
8.744923943729418,4.35221527751996,58-1-1,Cameroon
8.48881554529089,4.495617377129918,58-1-1,Cameroon
8.500287713259695,4.7719829370268485,58-1-1,Cameroon
8.757532993208628,5.479665839047911,58-1-1,Cameroon
9.233162876023044,6.444490668153335,58-1-1,Cameroon
9.522705926154401,6.453482367372117,58-1-1,Cameroon
10.118276808318257,7.03876963950988,58-1-1,Cameroon
10.497375115611419,7.0553577742755635,58-1-1,Cameroon
11.058787876030351,6.6444267846905944,58-1-1,Cameroon
11.74577436691851,6.981382961449754,58-1-1,Cameroon
11.839308709366803,7.397042344589437,58-1-1,Cameroon
12.063946160539558,7.799808457872302,58-1-1,Cameroon
12.218872104550599,8.305824082874324,58-1-1,Cameroon
12.753671502339216,8.717762762888995,58-1-1,Cameroon
12.955467970438974,9.417771714714704,58-1-1,Cameroon
13.167599724997103,9.640626328973411,58-1-1,Cameroon
13.308676385153918,10.160362046748928,58-1-1,Cameroon
13.572949659894562,10.798565985553566,58-1-1,Cameroon
14.415378859116684,11.572368882692075,58-1-1,Cameroon
14.468192172918975,11.904751695193411,58-1-1,Cameroon
14.577177768622533,12.085360826053503,58-1-1,Cameroon
14.181336297266794,12.483656927943116,58-1-1,Cameroon
14.213530714584635,12.802035427293347,58-1-1,Cameroon
14.495787387762846,12.85939626713733,58-1-1,Cameroon
0.8995630224740694,10.99733938236426,59-1-1,Togo
0.7723356461714843,10.470808213742359,59-1-1,Togo
1.0777950374487375,10.175606594275024,59-1-1,Togo
1.425060662450136,9.825395412633,59-1-1,Togo
1.46304284018467,9.334624335157088,59-1-1,Togo
1.664477573258381,9.12859039960938,59-1-1,Togo
1.618950636409238,6.832038072126238,59-1-1,Togo
1.8652405127123188,6.142157701029731,59-1-1,Togo
1.0601216976049272,5.928837388528876,59-1-1,Togo
0.8369311865363329,6.279978745952149,59-1-1,Togo
0.5703841487748491,6.914358628767189,59-1-1,Togo
0.4909574723422451,7.411744289576475,59-1-1,Togo
0.7120292496868785,8.31246450442383,59-1-1,Togo
0.46119184734212126,8.677222601756014,59-1-1,Togo
0.3659005061958851,9.465003973829482,59-1-1,Togo
0.3675799902453889,10.19121287682718,59-1-1,Togo
-0.04978471515994442,10.706917832883931,59-1-1,Togo
0.023802524423700785,11.018681748900804,59-1-1,Togo
0.8995630224740694,10.99733938236426,59-1-1,Togo
0.023802524423700785,11.018681748900804,60-1-1,Ghana
-0.04978471515994442,10.706917832883931,60-1-1,Ghana
0.3675799902453889,10.19121287682718,60-1-1,Ghana
0.3659005061958851,9.465003973829482,60-1-1,Ghana
0.46119184734212126,8.677222601756014,60-1-1,Ghana
0.7120292496868785,8.31246450442383,60-1-1,Ghana
0.4909574723422451,7.411744289576475,60-1-1,Ghana
0.5703841487748491,6.914358628767189,60-1-1,Ghana
0.8369311865363329,6.279978745952149,60-1-1,Ghana
1.0601216976049272,5.928837388528876,60-1-1,Ghana
-0.5076379052659377,5.3434726017426755,60-1-1,Ghana
-1.0636246402941936,5.000547797053812,60-1-1,Ghana
-1.9647065901675944,4.710462144383371,60-1-1,Ghana
-2.856125047202397,4.994475816259509,60-1-1,Ghana
-2.8107014632178395,5.38905121502411,60-1-1,Ghana
-3.244370083011262,6.250471503113502,60-1-1,Ghana
-2.9835849674503265,7.379704901555513,60-1-1,Ghana
-2.562189500326241,8.219627793811483,60-1-1,Ghana
-2.8274963037127065,9.642460842319778,60-1-1,Ghana
-2.9638962467471117,10.395334784380083,60-1-1,Ghana
-2.9404093082704605,10.962690334512558,60-1-1,Ghana
-1.2033577132114317,11.009819240762738,60-1-1,Ghana
-0.7615758935481834,10.936929633015055,60-1-1,Ghana
-0.43870154458858224,11.098340969278722,60-1-1,Ghana
0.023802524423700785,11.018681748900804,60-1-1,Ghana
-8.029943610048619,10.206534939001713,61-1-1,Côte d'Ivoire
-7.899589809592372,10.297382106970828,61-1-1,Côte d'Ivoire
-7.622759161804809,10.147236232946796,61-1-1,Côte d'Ivoire
-6.8505065576350574,10.138993841996239,61-1-1,Côte d'Ivoire
-6.666460944027548,10.430810655148449,61-1-1,Côte d'Ivoire
-6.493965013037268,10.411302801958271,61-1-1,Côte d'Ivoire
-6.205222947606431,10.524060777219134,61-1-1,Côte d'Ivoire
-6.050452032892267,10.096360785355444,61-1-1,Côte d'Ivoire
-5.816926235365287,10.222554633012194,61-1-1,Côte d'Ivoire
-5.404341599946974,10.370736802609146,61-1-1,Côte d'Ivoire
-4.954653286143099,10.152713934769736,61-1-1,Côte d'Ivoire
-4.7798835921319665,9.821984768101743,61-1-1,Côte d'Ivoire
-4.3302469547603835,9.610834865757141,61-1-1,Côte d'Ivoire
-3.9804491845766847,9.8623440617217,61-1-1,Côte d'Ivoire
-3.511898972986273,9.90032623945622,61-1-1,Côte d'Ivoire
-2.8274963037127065,9.642460842319778,61-1-1,Côte d'Ivoire
-2.562189500326241,8.219627793811483,61-1-1,Côte d'Ivoire
-2.9835849674503265,7.379704901555513,61-1-1,Côte d'Ivoire
-3.244370083011262,6.250471503113502,61-1-1,Côte d'Ivoire
-2.8107014632178395,5.38905121502411,61-1-1,Côte d'Ivoire
-2.856125047202397,4.994475816259509,61-1-1,Côte d'Ivoire
-3.3110843571000714,4.984295559098015,61-1-1,Côte d'Ivoire
-4.008819545904942,5.179813340674315,61-1-1,Côte d'Ivoire
-4.649917364917911,5.168263658057086,61-1-1,Côte d'Ivoire
-5.8344962223445265,4.993700669775137,61-1-1,Côte d'Ivoire
-6.528769090185847,4.705087795425015,61-1-1,Côte d'Ivoire
-7.5189412093304355,4.338288479017308,61-1-1,Côte d'Ivoire
-7.7121593896697505,4.364565944837722,61-1-1,Côte d'Ivoire
-7.635368211284031,5.188159084489456,61-1-1,Côte d'Ivoire
-7.539715135111763,5.313345241716519,61-1-1,Côte d'Ivoire
-7.570152553731688,5.707352199725904,61-1-1,Côte d'Ivoire
-7.993692592795881,6.126189683451543,61-1-1,Côte d'Ivoire
-8.311347622094019,6.193033148621083,61-1-1,Côte d'Ivoire
-8.60288021486862,6.4675641951716605,61-1-1,Côte d'Ivoire
-8.385451626000574,6.911800645368743,61-1-1,Côte d'Ivoire
-8.48544552248535,7.39520783124307,61-1-1,Côte d'Ivoire
-8.439298468448698,7.686042792181738,61-1-1,Côte d'Ivoire
-8.280703497744938,7.687179673692157,61-1-1,Côte d'Ivoire
-8.221792364932199,8.123328762235573,61-1-1,Côte d'Ivoire
-8.299048631208564,8.316443589710303,61-1-1,Côte d'Ivoire
-8.20349890790088,8.455453192575447,61-1-1,Côte d'Ivoire
-7.832100389019188,8.575704250518626,61-1-1,Côte d'Ivoire
-8.07911373537435,9.376223863152035,61-1-1,Côte d'Ivoire
-8.30961646161225,9.789531968622441,61-1-1,Côte d'Ivoire
-8.229337124046822,10.1290202905639,61-1-1,Côte d'Ivoire
-8.029943610048619,10.206534939001713,61-1-1,Côte d'Ivoire
-13.700476040084325,12.586182969610194,62-1-1,Guinea
-13.217818162478238,12.575873521367967,62-1-1,Guinea
-12.499050665730564,12.332089952031057,62-1-1,Guinea
-12.27859900557344,12.354440008997287,62-1-1,Guinea
-12.203564825885634,12.465647691289405,62-1-1,Guinea
-11.658300950557932,12.386582749882836,62-1-1,Guinea
-11.51394283695059,12.442987575729418,62-1-1,Guinea
-11.456168585648271,12.076834214725338,62-1-1,Guinea
-11.297573614944511,12.077971096235771,62-1-1,Guinea
-11.03655595543826,12.211244615116515,62-1-1,Guinea
-10.870829637078215,12.17788747807211,62-1-1,Guinea
-10.593223842806282,11.92397532800598,62-1-1,Guinea
-10.165213792348837,11.844083563682744,62-1-1,Guinea
-9.890992804392013,12.060478623904972,62-1-1,Guinea
-9.567911749703214,12.194243068892476,62-1-1,Guinea
-9.327616339546012,12.334286200403454,62-1-1,Guinea
-9.127473517279583,12.308060411015333,62-1-1,Guinea
-8.90526485842453,12.088358059126437,62-1-1,Guinea
-8.786099005559464,11.812560939984706,62-1-1,Guinea
-8.376304897484914,11.393645941610629,62-1-1,Guinea
-8.581305304386774,11.136245632364805,62-1-1,Guinea
-8.620321010767128,10.810890814655183,62-1-1,Guinea
-8.407310756860028,10.909256903522762,62-1-1,Guinea
-8.282357143578281,10.792597357623846,62-1-1,Guinea
-8.33537716310974,10.494811916541934,62-1-1,Guinea
-8.029943610048619,10.206534939001713,62-1-1,Guinea
-8.229337124046822,10.1290202905639,62-1-1,Guinea
-8.30961646161225,9.789531968622441,62-1-1,Guinea
-8.07911373537435,9.376223863152035,62-1-1,Guinea
-7.832100389019188,8.575704250518626,62-1-1,Guinea
-8.20349890790088,8.455453192575447,62-1-1,Guinea
-8.299048631208564,8.316443589710303,62-1-1,Guinea
-8.221792364932199,8.123328762235573,62-1-1,Guinea
-8.280703497744938,7.687179673692157,62-1-1,Guinea
-8.439298468448698,7.686042792181738,62-1-1,Guinea
-8.722123582382125,7.71167430259851,62-1-1,Guinea
-8.926064622422004,7.309037380396376,62-1-1,Guinea
-9.208786383490846,7.313920803247953,62-1-1,Guinea
-9.40334815106975,7.526905218938907,62-1-1,Guinea
-9.337279832384581,7.9285344507113535,62-1-1,Guinea
-9.755342169625834,8.541055202666925,62-1-1,Guinea
-10.016566534861255,8.428503933135232,62-1-1,Guinea
-10.23009355309128,8.406205552601293,62-1-1,Guinea
-10.505477260774668,8.348896389189605,62-1-1,Guinea
-10.494315151399633,8.715540676300435,62-1-1,Guinea
-10.654770473665891,8.977178452994195,62-1-1,Guinea
-10.622395188835041,9.267910061068278,62-1-1,Guinea
-10.839151984083301,9.688246161330369,62-1-1,Guinea
-11.11748124840733,10.045872911006285,62-1-1,Guinea
-11.917277390988659,10.046983954300558,62-1-1,Guinea
-12.150338100625005,9.858571682164381,62-1-1,Guinea
-12.425928514037565,9.835834051955956,62-1-1,Guinea
-12.59671912276221,9.62018830000197,62-1-1,Guinea
-12.71195756677308,9.342711696810767,62-1-1,Guinea
-13.246550258832515,8.903048610871508,62-1-1,Guinea
-13.685153977909792,9.49474376061346,62-1-1,Guinea
-14.074044969122282,9.886166897008252,62-1-1,Guinea
-14.33007585291237,10.015719712763968,62-1-1,Guinea
-14.579698859098258,10.214467271358515,62-1-1,Guinea
-14.693231980843505,10.656300767454042,62-1-1,Guinea
-14.839553798877944,10.87657156009814,62-1-1,Guinea
-15.130311245168173,11.040411688679526,62-1-1,Guinea
-14.685687221728898,11.527823798056488,62-1-1,Guinea
-14.382191534878729,11.509271958863692,62-1-1,Guinea
-14.121406419317779,11.677117010947697,62-1-1,Guinea
-13.900799729863776,11.678718980348748,62-1-1,Guinea
-13.743160773157413,11.811269029177412,62-1-1,Guinea
-13.828271857142125,12.142644151249044,62-1-1,Guinea
-13.718743658899513,12.24718557377551,62-1-1,Guinea
-13.700476040084325,12.586182969610194,62-1-1,Guinea
-16.677451951554573,12.384851589401052,63-1-1,Guinea-Bissau
-16.147716844130585,12.547761542201187,63-1-1,Guinea-Bissau
-15.816574266004254,12.515567124883347,63-1-1,Guinea-Bissau
-15.54847693527401,12.628170070847347,63-1-1,Guinea-Bissau
-13.700476040084325,12.586182969610194,63-1-1,Guinea-Bissau
-13.718743658899513,12.24718557377551,63-1-1,Guinea-Bissau
-13.828271857142125,12.142644151249044,63-1-1,Guinea-Bissau
-13.743160773157413,11.811269029177412,63-1-1,Guinea-Bissau
-13.900799729863776,11.678718980348748,63-1-1,Guinea-Bissau
-14.121406419317779,11.677117010947697,63-1-1,Guinea-Bissau
-14.382191534878729,11.509271958863692,63-1-1,Guinea-Bissau
-14.685687221728898,11.527823798056488,63-1-1,Guinea-Bissau
-15.130311245168173,11.040411688679526,63-1-1,Guinea-Bissau
-15.664180467175527,11.458474025920795,63-1-1,Guinea-Bissau
-16.085214199273565,11.52459402103824,63-1-1,Guinea-Bissau
-16.314786749730203,11.80651479740655,63-1-1,Guinea-Bissau
-16.30894731288123,11.95870189050612,63-1-1,Guinea-Bissau
-16.61383826340328,12.170911159712702,63-1-1,Guinea-Bissau
-16.677451951554573,12.384851589401052,63-1-1,Guinea-Bissau
-8.439298468448698,7.686042792181738,64-1-1,Liberia
-8.48544552248535,7.39520783124307,64-1-1,Liberia
-8.385451626000574,6.911800645368743,64-1-1,Liberia
-8.60288021486862,6.4675641951716605,64-1-1,Liberia
-8.311347622094019,6.193033148621083,64-1-1,Liberia
-7.993692592795881,6.126189683451543,64-1-1,Liberia
-7.570152553731688,5.707352199725904,64-1-1,Liberia
-7.539715135111763,5.313345241716519,64-1-1,Liberia
-7.635368211284031,5.188159084489456,64-1-1,Liberia
-7.7121593896697505,4.364565944837722,64-1-1,Liberia
-7.974107224957251,4.355755113131963,64-1-1,Liberia
-9.004793667018674,4.8324185245922,64-1-1,Liberia
-9.913420376006684,5.593560695819207,64-1-1,Liberia
-10.765383876986645,6.140710760925558,64-1-1,Liberia
-11.438779466182055,6.7859168563057475,64-1-1,Liberia
-11.19980180504828,7.1058456486247366,64-1-1,Liberia
-11.146704270868383,7.396706447779536,64-1-1,Liberia
-10.69559485517648,7.939464016141088,64-1-1,Liberia
-10.23009355309128,8.406205552601293,64-1-1,Liberia
-10.016566534861255,8.428503933135232,64-1-1,Liberia
-9.755342169625834,8.541055202666925,64-1-1,Liberia
-9.337279832384581,7.9285344507113535,64-1-1,Liberia
-9.40334815106975,7.526905218938907,64-1-1,Liberia
-9.208786383490846,7.313920803247953,64-1-1,Liberia
-8.926064622422004,7.309037380396376,64-1-1,Liberia
-8.722123582382125,7.71167430259851,64-1-1,Liberia
-8.439298468448698,7.686042792181738,64-1-1,Liberia
-13.246550258832515,8.903048610871508,65-1-1,Sierra Leone
-12.71195756677308,9.342711696810767,65-1-1,Sierra Leone
-12.59671912276221,9.62018830000197,65-1-1,Sierra Leone
-12.425928514037565,9.835834051955956,65-1-1,Sierra Leone
-12.150338100625005,9.858571682164381,65-1-1,Sierra Leone
-11.917277390988659,10.046983954300558,65-1-1,Sierra Leone
-11.11748124840733,10.045872911006285,65-1-1,Sierra Leone
-10.839151984083301,9.688246161330369,65-1-1,Sierra Leone
-10.622395188835041,9.267910061068278,65-1-1,Sierra Leone
-10.654770473665891,8.977178452994195,65-1-1,Sierra Leone
-10.494315151399633,8.715540676300435,65-1-1,Sierra Leone
-10.505477260774668,8.348896389189605,65-1-1,Sierra Leone
-10.23009355309128,8.406205552601293,65-1-1,Sierra Leone
-10.69559485517648,7.939464016141088,65-1-1,Sierra Leone
-11.146704270868383,7.396706447779536,65-1-1,Sierra Leone
-11.19980180504828,7.1058456486247366,65-1-1,Sierra Leone
-11.438779466182055,6.7859168563057475,65-1-1,Sierra Leone
-11.70819454593574,6.860098374860726,65-1-1,Sierra Leone
-12.428098924193819,7.26294200279203,65-1-1,Sierra Leone
-12.949049038128194,7.798645738145738,65-1-1,Sierra Leone
-13.124025437868482,8.163946438016978,65-1-1,Sierra Leone
-13.246550258832515,8.903048610871508,65-1-1,Sierra Leone
-5.404341599946974,10.370736802609146,66-1-1,Burkina Faso
-5.470564947929006,10.951269842976048,66-1-1,Burkina Faso
-5.1978425765086484,11.37514577885014,66-1-1,Burkina Faso
-5.220941941743121,11.713858954307227,66-1-1,Burkina Faso
-4.427166103523803,12.542645575404295,66-1-1,Burkina Faso
-4.28040503581488,13.228443508349741,66-1-1,Burkina Faso
-4.006390753587226,13.472485459848116,66-1-1,Burkina Faso
-3.522802700199861,13.337661647998615,66-1-1,Burkina Faso
-3.1037068343127596,13.541266791228594,66-1-1,Burkina Faso
-2.9676944645205765,13.79815033615151,66-1-1,Burkina Faso
-2.1918245100903846,14.246417548067356,66-1-1,Burkina Faso
-2.001035122068771,14.559008287000893,66-1-1,Burkina Faso
-1.0663634912056636,14.973815009007765,66-1-1,Burkina Faso
-0.5158544580003479,15.116157741755728,66-1-1,Burkina Faso
-0.2662572900305804,14.924308986872148,66-1-1,Burkina Faso
0.3748922054146817,14.92890818934613,66-1-1,Burkina Faso
0.29564639649510127,14.444234930880654,66-1-1,Burkina Faso
0.429927605805517,13.988733018443924,66-1-1,Burkina Faso
0.9930456884900708,13.335749620003824,66-1-1,Burkina Faso
1.0241032242974768,12.851825669806574,66-1-1,Burkina Faso
2.177107781593776,12.625017808477535,66-1-1,Burkina Faso
2.1544735042499212,11.940150051313339,66-1-1,Burkina Faso
1.9359855485198807,11.641150214072553,66-1-1,Burkina Faso
1.4471781754710662,11.547719224488858,66-1-1,Burkina Faso
1.2434696793764886,11.110510769083461,66-1-1,Burkina Faso
0.8995630224740694,10.99733938236426,66-1-1,Burkina Faso
0.023802524423700785,11.018681748900804,66-1-1,Burkina Faso
-0.43870154458858224,11.098340969278722,66-1-1,Burkina Faso
-0.7615758935481834,10.936929633015055,66-1-1,Burkina Faso
-1.2033577132114317,11.009819240762738,66-1-1,Burkina Faso
-2.9404093082704605,10.962690334512558,66-1-1,Burkina Faso
-2.9638962467471117,10.395334784380083,66-1-1,Burkina Faso
-2.8274963037127065,9.642460842319778,66-1-1,Burkina Faso
-3.511898972986273,9.90032623945622,66-1-1,Burkina Faso
-3.9804491845766847,9.8623440617217,66-1-1,Burkina Faso
-4.3302469547603835,9.610834865757141,66-1-1,Burkina Faso
-4.7798835921319665,9.821984768101743,66-1-1,Burkina Faso
-4.954653286143099,10.152713934769736,66-1-1,Burkina Faso
-5.404341599946974,10.370736802609146,66-1-1,Burkina Faso
27.37422610851749,5.233944403500061,67-1-1,Central African Republic
27.04406538260471,5.127852688004836,67-1-1,Central African Republic
26.402760857862543,5.1508745385908705,67-1-1,Central African Republic
25.650455356557472,5.256087754737123,67-1-1,Central African Republic
25.278798455514305,5.170408229997192,67-1-1,Central African Republic
25.12883344900328,4.92724477784779,67-1-1,Central African Republic
24.805028924262416,4.89724660890235,67-1-1,Central African Republic
24.410531040146253,5.10878408448913,67-1-1,Central African Republic
23.29721398285014,4.609693101414223,67-1-1,Central African Republic
22.841479526468106,4.710126247573484,67-1-1,Central African Republic
22.70412356943629,4.633050848810157,67-1-1,Central African Republic
22.405123732195538,4.029160061047321,67-1-1,Central African Republic
21.659122755630023,4.22434194581372,67-1-1,Central African Republic
20.927591180106276,4.322785549329737,67-1-1,Central African Republic
20.290679152108936,4.691677761245288,67-1-1,Central African Republic
19.46778364429315,5.03152781821278,67-1-1,Central African Republic
18.93231245288476,4.709506130385975,67-1-1,Central African Republic
18.54298221199778,4.201785183118318,67-1-1,Central African Republic
18.45306521980993,3.5043858911233485,67-1-1,Central African Republic
17.809900343505262,3.5601964379985698,67-1-1,Central African Republic
17.133042433346304,3.728196519379452,67-1-1,Central African Republic
16.537058139724138,3.198254706226279,67-1-1,Central African Republic
16.012852410555354,2.267639675298085,67-1-1,Central African Republic
15.907380812247652,2.557389431158612,67-1-1,Central African Republic
15.862732374747482,3.0135372989989833,67-1-1,Central African Republic
15.405395948964383,3.33530060466434,67-1-1,Central African Republic
15.036219516671252,3.8513672957471243,67-1-1,Central African Republic
14.950953403389661,4.210389309094921,67-1-1,Central African Republic
14.47837243008047,4.732605495620447,67-1-1,Central African Republic
14.558935988023507,5.03059764243153,67-1-1,Central African Republic
14.459407179429348,5.4517605656103,67-1-1,Central African Republic
14.536560092841114,6.2269587264206905,67-1-1,Central African Republic
14.776545444404576,6.408498033062045,67-1-1,Central African Republic
15.279460483469109,7.421924546737969,67-1-1,Central African Republic
16.106231723706742,7.497087917506462,67-1-1,Central African Republic
16.290561557691888,7.754307359239419,67-1-1,Central African Republic
16.456184523187346,7.734773667832968,67-1-1,Central African Republic
16.705988396886255,7.5083275415299795,67-1-1,Central African Republic
17.964929640380888,7.890914008002994,67-1-1,Central African Republic
18.38955488452322,8.281303615751824,67-1-1,Central African Republic
18.911021762780507,8.630894680206353,67-1-1,Central African Republic
18.812009718509273,8.982914536978598,67-1-1,Central African Republic
19.09400800952602,9.07484691002584,67-1-1,Central African Republic
20.05968549976427,9.012706000194854,67-1-1,Central African Republic
21.000868361096167,9.475985215691509,67-1-1,Central African Republic
21.723821648859456,10.567055568885976,67-1-1,Central African Republic
22.23112918466876,10.97188873946061,67-1-1,Central African Republic
22.864165480244225,11.142395127807546,67-1-1,Central African Republic
22.97754357269261,10.71446259199854,67-1-1,Central African Republic
23.554304233502194,10.089255275915308,67-1-1,Central African Republic
23.55724979014283,9.6812181665386845,67-1-1,Central African Republic
23.394779087017184,9.265067857292223,67-1-1,Central African Republic
23.459012892355986,8.954285793488893,67-1-1,Central African Republic
23.805813429466752,8.666318874542526,67-1-1,Central African Republic
24.567369012152085,8.229187933785468,67-1-1,Central African Republic
25.11493248871679,7.825104071479174,67-1-1,Central African Republic
25.124130893664727,7.500085150579437,67-1-1,Central African Republic
25.79664798351118,6.979315904158071,67-1-1,Central African Republic
26.213418409945117,6.546603298362072,67-1-1,Central African Republic
26.465909458123235,5.9467174341018705,67-1-1,Central African Republic
27.21340905122517,5.5509534773945575,67-1-1,Central African Republic
27.37422610851749,5.233944403500061,67-1-1,Central African Republic
18.45306521980993,3.5043858911233485,68-1-1,Republic of the Congo
18.393792351971143,2.90044342692822,68-1-1,Republic of the Congo
18.094275750407434,2.365721543788055,68-1-1,Republic of the Congo
17.898835483479587,1.7418319767282782,68-1-1,Republic of the Congo
17.774191928791566,0.8556586775710854,68-1-1,Republic of the Congo
17.826540154703252,0.28892324462610475,68-1-1,Republic of the Congo
17.66355268725468,-0.05808399821381727,68-1-1,Republic of the Congo
17.638644646889986,-0.4248316381892465,68-1-1,Republic of the Congo
17.523716261472856,-0.743830254726987,68-1-1,Republic of the Congo
16.865306837642123,-1.2258163387132868,68-1-1,Republic of the Congo
16.407091912510054,-1.7409270157986825,68-1-1,Republic of the Congo
15.972803175529151,-2.7123922664536124,68-1-1,Republic of the Congo
16.0062895036543,-3.535132744972529,68-1-1,Republic of the Congo
15.753540073314753,-3.8551648901560966,68-1-1,Republic of the Congo
15.170991652088444,-4.343507175314301,68-1-1,Republic of the Congo
14.582603794013181,-4.97023894615014,68-1-1,Republic of the Congo
14.209034864975223,-4.793092136253598,68-1-1,Republic of the Congo
14.144956088933299,-4.510008640158716,68-1-1,Republic of the Congo
13.600234816144678,-4.50013844159097,68-1-1,Republic of the Congo
13.258240187237048,-4.882957452009165,68-1-1,Republic of the Congo
12.995517205465177,-4.781103203961884,68-1-1,Republic of the Congo
12.620759718484493,-4.438023369976136,68-1-1,Republic of the Congo
12.318607618873926,-4.606230157086188,68-1-1,Republic of the Congo
11.91496300624209,-5.037986748884791,68-1-1,Republic of the Congo
11.093772820691925,-3.978826592630547,68-1-1,Republic of the Congo
11.855121697648116,-3.4268706193210505,68-1-1,Republic of the Congo
11.478038771214303,-2.7656189917142413,68-1-1,Republic of the Congo
11.820963575903193,-2.514161472181982,68-1-1,Republic of the Congo
12.495702752338161,-2.391688327650243,68-1-1,Republic of the Congo
12.575284458067642,-1.948511244315135,68-1-1,Republic of the Congo
13.109618767965628,-2.4287403296035137,68-1-1,Republic of the Congo
13.99240726080771,-2.4708049454890997,68-1-1,Republic of the Congo
14.299210239324566,-1.998275648612214,68-1-1,Republic of the Congo
14.425455763413595,-1.333406670744971,68-1-1,Republic of the Congo
14.316418491277744,-0.5526274552470483,68-1-1,Republic of the Congo
13.843320753645656,0.038757635901149,68-1-1,Republic of the Congo
14.276265903386957,1.1969298364266194,68-1-1,Republic of the Congo
14.026668735417218,1.3956773950211527,68-1-1,Republic of the Congo
13.282631463278818,1.3141836612968805,68-1-1,Republic of the Congo
13.003113641012078,1.8308963077833198,68-1-1,Republic of the Congo
13.075822381246752,2.2670970727590145,68-1-1,Republic of the Congo
14.33781253424658,2.2278746606494906,68-1-1,Republic of the Congo
15.146341993885244,1.9640147973671844,68-1-1,Republic of the Congo
15.940918816805066,1.7276726342802957,68-1-1,Republic of the Congo
16.012852410555354,2.267639675298085,68-1-1,Republic of the Congo
16.537058139724138,3.198254706226279,68-1-1,Republic of the Congo
17.133042433346304,3.728196519379452,68-1-1,Republic of the Congo
17.809900343505262,3.5601964379985698,68-1-1,Republic of the Congo
18.45306521980993,3.5043858911233485,68-1-1,Republic of the Congo
11.276449008843713,2.261050930180872,69-1-1,Gabon
11.75166548019979,2.3267575138399934,69-1-1,Gabon
12.359380323952221,2.19281220133945,69-1-1,Gabon
12.951333855855609,2.32161570882694,69-1-1,Gabon
13.075822381246752,2.2670970727590145,69-1-1,Gabon
13.003113641012078,1.8308963077833198,69-1-1,Gabon
13.282631463278818,1.3141836612968805,69-1-1,Gabon
14.026668735417218,1.3956773950211527,69-1-1,Gabon
14.276265903386957,1.1969298364266194,69-1-1,Gabon
13.843320753645656,0.038757635901149,69-1-1,Gabon
14.316418491277744,-0.5526274552470483,69-1-1,Gabon
14.425455763413595,-1.333406670744971,69-1-1,Gabon
14.299210239324566,-1.998275648612214,69-1-1,Gabon
13.99240726080771,-2.4708049454890997,69-1-1,Gabon
13.109618767965628,-2.4287403296035137,69-1-1,Gabon
12.575284458067642,-1.948511244315135,69-1-1,Gabon
12.495702752338161,-2.391688327650243,69-1-1,Gabon
11.820963575903193,-2.514161472181982,69-1-1,Gabon
11.478038771214303,-2.7656189917142413,69-1-1,Gabon
11.855121697648116,-3.4268706193210505,69-1-1,Gabon
11.093772820691925,-3.978826592630547,69-1-1,Gabon
10.06613528813574,-2.9694825171056816,69-1-1,Gabon
9.40524539555497,-2.144313246269043,69-1-1,Gabon
8.79799563969317,-1.111301364754496,69-1-1,Gabon
8.830086704146424,-0.7790735815500369,69-1-1,Gabon
9.048419630579588,-0.45935149496021666,69-1-1,Gabon
9.29135053878369,0.2686660831676875,69-1-1,Gabon
9.492888624721985,1.010119533691494,69-1-1,Gabon
9.830284051155644,1.0678937849937995,69-1-1,Gabon
11.285078973036462,1.0576618514000131,69-1-1,Gabon
11.276449008843713,2.261050930180872,69-1-1,Gabon
9.649158155972628,2.2838660750377358,70-1-1,Equatorial Guinea
11.276449008843713,2.261050930180872,70-1-1,Equatorial Guinea
11.285078973036462,1.0576618514000131,70-1-1,Equatorial Guinea
9.830284051155644,1.0678937849937995,70-1-1,Equatorial Guinea
9.492888624721985,1.010119533691494,70-1-1,Equatorial Guinea
9.305613234096256,1.1609113631191832,70-1-1,Equatorial Guinea
9.649158155972628,2.2838660750377358,70-1-1,Equatorial Guinea
30.740009731422095,-8.34000593035372,71-1-1,Zambia
31.15775133695005,-8.594578747317366,71-1-1,Zambia
31.556348097466497,-8.762048841998642,71-1-1,Zambia
32.19186486179194,-8.930358981973257,71-1-1,Zambia
32.75937544122132,-9.23059905358906,71-1-1,Zambia
33.2313879737753,-9.6767216935648,71-1-1,Zambia
33.48568769708359,-10.525558770391115,71-1-1,Zambia
33.315310499817286,-10.796549981329697,71-1-1,Zambia
33.114289178201915,-11.607198174692314,71-1-1,Zambia
33.306422153463075,-12.435778090060218,71-1-1,Zambia
32.991764357237884,-12.783870537978274,71-1-1,Zambia
32.68816531752313,-13.712857761289277,71-1-1,Zambia
33.214024692525214,-13.971860039936153,71-1-1,Zambia
30.17948123548183,-14.796099134991529,71-1-1,Zambia
30.27425581230511,-15.507786960515213,71-1-1,Zambia
29.516834344203147,-15.644677829656388,71-1-1,Zambia
28.947463413211267,-16.04305144619444,71-1-1,Zambia
28.8258687680285,-16.389748630440614,71-1-1,Zambia
28.467906121542683,-16.468400160388846,71-1-1,Zambia
27.59824344250276,-17.290830580314008,71-1-1,Zambia
27.044427117630732,-17.938026218337434,71-1-1,Zambia
26.70677330903564,-17.961228936436484,71-1-1,Zambia
26.381935255648926,-17.8460421688579,71-1-1,Zambia
25.264225701608012,-17.736539808831417,71-1-1,Zambia
25.08444339366457,-17.661815687737374,71-1-1,Zambia
25.07695031098226,-17.57882333747662,71-1-1,Zambia
24.682349074001507,-17.353410739819473,71-1-1,Zambia
24.033861525170778,-17.295843194246324,71-1-1,Zambia
23.215048455506064,-17.523116143465984,71-1-1,Zambia
22.56247846852426,-16.898451429921813,71-1-1,Zambia
21.887842644953874,-16.08031015387688,71-1-1,Zambia
21.933886346125917,-12.898437188369359,71-1-1,Zambia
24.016136508894675,-12.911046237848574,71-1-1,Zambia
23.930922072045377,-12.565847670138856,71-1-1,Zambia
24.079905226342845,-12.191296888887365,71-1-1,Zambia
23.904153680118185,-11.722281589406322,71-1-1,Zambia
24.01789350759259,-11.23729827234709,71-1-1,Zambia
23.912215203555718,-10.926826267137514,71-1-1,Zambia
24.25715538910399,-10.951992689663657,71-1-1,Zambia
24.31451622894795,-11.26282642989927,71-1-1,Zambia
24.78316979340295,-11.238693536018964,71-1-1,Zambia
25.418118116973204,-11.330935967659961,71-1-1,Zambia
25.752309604604733,-11.784965101776358,71-1-1,Zambia
26.553087599399618,-11.924439792532127,71-1-1,Zambia
27.164419793412463,-11.608748467661075,71-1-1,Zambia
27.388798862423783,-12.132747491100666,71-1-1,Zambia
28.155108676879987,-12.272480564017897,71-1-1,Zambia
28.523561639121027,-12.698604424696683,71-1-1,Zambia
28.934285922976837,-13.248958428605135,71-1-1,Zambia
29.69961388521949,-13.257226657771831,71-1-1,Zambia
29.61600141777123,-12.178894545137311,71-1-1,Zambia
29.34154788586909,-12.360743910372413,71-1-1,Zambia
28.642417433392353,-11.971568698782315,71-1-1,Zambia
28.372253045370428,-11.793646742401393,71-1-1,Zambia
28.49606977714177,-10.789883721564046,71-1-1,Zambia
28.67368167492893,-9.605924981324932,71-1-1,Zambia
28.449871046672826,-9.164918308146085,71-1-1,Zambia
28.734866570762502,-8.526559340044578,71-1-1,Zambia
29.00291222506047,-8.407031752153472,71-1-1,Zambia
30.346086053190817,-8.238256524288218,71-1-1,Zambia
30.740009731422095,-8.34000593035372,71-1-1,Zambia
32.75937544122132,-9.23059905358906,72-1-1,Malawi
33.73972000000009,-9.417149999999992,72-1-1,Malawi
33.940837724096525,-9.693673841980285,72-1-1,Malawi
34.27999999999997,-10.160000000000025,72-1-1,Malawi
34.55998904799935,-11.520020033415925,72-1-1,Malawi
34.28000613784198,-12.280025323132506,72-1-1,Malawi
34.55998904799935,-13.579997653866876,72-1-1,Malawi
34.907151320136165,-13.565424899960568,72-1-1,Malawi
35.26795617039801,-13.887834161029566,72-1-1,Malawi
35.68684533055594,-14.611045830954332,72-1-1,Malawi
35.77190473810836,-15.896858819240727,72-1-1,Malawi
35.339062941231646,-16.10744028083011,72-1-1,Malawi
35.033810255683534,-16.801299737213093,72-1-1,Malawi
34.38129194513405,-16.183559665596043,72-1-1,Malawi
34.307291294092096,-15.478641452702597,72-1-1,Malawi
34.51766604995231,-15.013708591372612,72-1-1,Malawi
34.45963341648854,-14.613009535381423,72-1-1,Malawi
34.064825473778626,-14.35995004644812,72-1-1,Malawi
33.789700148256685,-14.45183074306307,72-1-1,Malawi
33.214024692525214,-13.971860039936153,72-1-1,Malawi
32.68816531752313,-13.712857761289277,72-1-1,Malawi
32.991764357237884,-12.783870537978274,72-1-1,Malawi
33.306422153463075,-12.435778090060218,72-1-1,Malawi
33.114289178201915,-11.607198174692314,72-1-1,Malawi
33.315310499817286,-10.796549981329697,72-1-1,Malawi
33.48568769708359,-10.525558770391115,72-1-1,Malawi
33.2313879737753,-9.6767216935648,72-1-1,Malawi
32.75937544122132,-9.23059905358906,72-1-1,Malawi
34.55998904799935,-11.520020033415925,73-1-1,Mozambique
35.31239790216904,-11.439146416879147,73-1-1,Mozambique
36.51408165868426,-11.720938002166735,73-1-1,Mozambique
36.775150994622805,-11.594537448780805,73-1-1,Mozambique
37.471289999999954,-11.568759999999997,73-1-1,Mozambique
37.827639999999974,-11.26878999999991,73-1-1,Mozambique
38.42755659358775,-11.285202325081656,73-1-1,Mozambique
39.52099999999996,-10.89688000000001,73-1-1,Mozambique
40.31659000000002,-10.317099999999868,73-1-1,Mozambique
40.316586229110854,-10.317097752817492,73-1-1,Mozambique
40.31658857601719,-10.317096042525698,73-1-1,Mozambique
40.47838748552303,-10.765440769089993,73-1-1,Mozambique
40.437253045418686,-11.761710707245015,73-1-1,Mozambique
40.56081139502857,-12.639176527561027,73-1-1,Mozambique
40.59962039567975,-14.201975192931862,73-1-1,Mozambique
40.775475294768995,-14.691764418194241,73-1-1,Mozambique
40.4772506040126,-15.406294447493972,73-1-1,Mozambique
40.08926395036522,-16.10077402106446,73-1-1,Mozambique
39.45255862809705,-16.72089120856694,73-1-1,Mozambique
38.53835086442152,-17.101023044505958,73-1-1,Mozambique
37.41113284683888,-17.586368096591237,73-1-1,Mozambique
36.28127933120936,-18.659687595293448,73-1-1,Mozambique
35.89649661636406,-18.842260430580637,73-1-1,Mozambique
35.198399692533144,-19.552811374593894,73-1-1,Mozambique
34.78638349787005,-19.784011732667736,73-1-1,Mozambique
34.70189253107284,-20.49704314543101,73-1-1,Mozambique
35.176127150215365,-21.25436126066841,73-1-1,Mozambique
35.37342776870574,-21.840837090748877,73-1-1,Mozambique
35.385848253705404,-22.14,73-1-1,Mozambique
35.562545536369086,-22.090000000000003,73-1-1,Mozambique
35.533934767404304,-23.070787855727758,73-1-1,Mozambique
35.37177412287238,-23.5353589820317,73-1-1,Mozambique
35.60747033055563,-23.706563002214683,73-1-1,Mozambique
35.45874555841962,-24.12260995859655,73-1-1,Mozambique
35.04073489761066,-24.478350518493805,73-1-1,Mozambique
34.21582400893547,-24.81631438568266,73-1-1,Mozambique
33.01321007663901,-25.357573337507738,73-1-1,Mozambique
32.574632195777866,-25.727318210556092,73-1-1,Mozambique
32.66036339695009,-26.148584486599447,73-1-1,Mozambique
32.91595503106569,-26.215867201443466,73-1-1,Mozambique
32.830120477028885,-26.742191664336197,73-1-1,Mozambique
32.07166548028107,-26.73382008230491,73-1-1,Mozambique
31.98577924981197,-26.291779880480227,73-1-1,Mozambique
31.83777794772806,-25.84333180105135,73-1-1,Mozambique
31.75240848158188,-25.484283949487413,73-1-1,Mozambique
31.930588820124253,-24.36941659922254,73-1-1,Mozambique
31.670397983534656,-23.658969008073864,73-1-1,Mozambique
31.19140913262129,-22.2515096981724,73-1-1,Mozambique
32.244988234188014,-21.116488539313693,73-1-1,Mozambique
32.50869306817344,-20.395292250248307,73-1-1,Mozambique
32.65974327976258,-20.304290052982317,73-1-1,Mozambique
32.772707960752626,-19.715592136313298,73-1-1,Mozambique
32.61199425632489,-19.419382826416275,73-1-1,Mozambique
32.65488569512715,-18.672089939043495,73-1-1,Mozambique
32.84986087416439,-17.97905730557718,73-1-1,Mozambique
32.847638787575846,-16.713398125884616,73-1-1,Mozambique
32.32823896661023,-16.392074069893752,73-1-1,Mozambique
31.8520406430406,-16.319417006091378,73-1-1,Mozambique
31.636498243951195,-16.071990248277885,73-1-1,Mozambique
31.17306399915768,-15.860943698797874,73-1-1,Mozambique
30.338954705534544,-15.880839125230246,73-1-1,Mozambique
30.27425581230511,-15.507786960515213,73-1-1,Mozambique
30.17948123548183,-14.796099134991529,73-1-1,Mozambique
33.214024692525214,-13.971860039936153,73-1-1,Mozambique
33.789700148256685,-14.45183074306307,73-1-1,Mozambique
34.064825473778626,-14.35995004644812,73-1-1,Mozambique
34.45963341648854,-14.613009535381423,73-1-1,Mozambique
34.51766604995231,-15.013708591372612,73-1-1,Mozambique
34.307291294092096,-15.478641452702597,73-1-1,Mozambique
34.38129194513405,-16.183559665596043,73-1-1,Mozambique
35.033810255683534,-16.801299737213093,73-1-1,Mozambique
35.339062941231646,-16.10744028083011,73-1-1,Mozambique
35.77190473810836,-15.896858819240727,73-1-1,Mozambique
35.68684533055594,-14.611045830954332,73-1-1,Mozambique
35.26795617039801,-13.887834161029566,73-1-1,Mozambique
34.907151320136165,-13.565424899960568,73-1-1,Mozambique
34.55998904799935,-13.579997653866876,73-1-1,Mozambique
34.28000613784198,-12.280025323132506,73-1-1,Mozambique
34.55998904799935,-11.520020033415925,73-1-1,Mozambique
32.07166548028107,-26.73382008230491,74-1-1,Kingdom of eSwatini
31.86806033705108,-27.177927341421277,74-1-1,Kingdom of eSwatini
31.28277306491333,-27.285879408478998,74-1-1,Kingdom of eSwatini
30.68596194837448,-26.743845310169533,74-1-1,Kingdom of eSwatini
30.67660851412964,-26.398078301704608,74-1-1,Kingdom of eSwatini
30.949666782359913,-26.02264902110415,74-1-1,Kingdom of eSwatini
31.04407962415715,-25.731452325139443,74-1-1,Kingdom of eSwatini
31.333157586397903,-25.66019052500895,74-1-1,Kingdom of eSwatini
31.83777794772806,-25.84333180105135,74-1-1,Kingdom of eSwatini
31.98577924981197,-26.291779880480227,74-1-1,Kingdom of eSwatini
32.07166548028107,-26.73382008230491,74-1-1,Kingdom of eSwatini
12.995517205465177,-4.781103203961884,75-1-1,Angola
12.63161176926579,-4.991271254092936,75-1-1,Angola
12.468004184629736,-5.248361504745005,75-1-1,Angola
12.436688266660868,-5.6843038875592455,75-1-1,Angola
12.182336866920252,-5.789930515163839,75-1-1,Angola
11.91496300624209,-5.037986748884791,75-1-1,Angola
12.318607618873926,-4.606230157086188,75-1-1,Angola
12.620759718484493,-4.438023369976136,75-1-1,Angola
12.995517205465177,-4.781103203961884,75-1-1,Angola
12.32243167486351,-6.10009246177966,75-2-1,Angola
12.735171339578699,-5.965682061388499,75-2-1,Angola
13.024869419006961,-5.984388929878158,75-2-1,Angola
13.375597364971895,-5.8642412247995495,75-2-1,Angola
16.326528354567046,-5.877470391466268,75-2-1,Angola
16.573179965896145,-6.6226445451150875,75-2-1,Angola
16.8601908708452,-7.2222978654299865,75-2-1,Angola
17.08999596524717,-7.545688978712526,75-2-1,Angola
17.472970004962235,-8.0685511206417,75-2-1,Angola
18.13422163256905,-7.987677504104923,75-2-1,Angola
18.464175652752687,-7.847014255406443,75-2-1,Angola
19.01675174324967,-7.988245944860132,75-2-1,Angola
19.16661339689611,-7.738183688999754,75-2-1,Angola
19.41750247567316,-7.155428562044299,75-2-1,Angola
20.037723016040218,-7.116361179231646,75-2-1,Angola
20.091621534920648,-6.943090101756994,75-2-1,Angola
20.6018229509383,-6.939317722199682,75-2-1,Angola
20.5147481625265,-7.2996058081386295,75-2-1,Angola
21.7281107927397,-7.290872491081302,75-2-1,Angola
21.74645592620331,-7.920084730667149,75-2-1,Angola
21.949130893652043,-8.305900974158277,75-2-1,Angola
21.8018013851879,-8.90870655684298,75-2-1,Angola
21.875181919042348,-9.523707777548566,75-2-1,Angola
22.208753289486395,-9.894796237836509,75-2-1,Angola
22.155268182064308,-11.084801120653772,75-2-1,Angola
22.402798292742375,-10.993075453335692,75-2-1,Angola
22.83734541188474,-11.01762175867433,75-2-1,Angola
23.45679080576744,-10.867863457892483,75-2-1,Angola
23.912215203555718,-10.926826267137514,75-2-1,Angola
24.01789350759259,-11.23729827234709,75-2-1,Angola
23.904153680118185,-11.722281589406322,75-2-1,Angola
24.079905226342845,-12.191296888887365,75-2-1,Angola
23.930922072045377,-12.565847670138856,75-2-1,Angola
24.016136508894675,-12.911046237848574,75-2-1,Angola
21.933886346125917,-12.898437188369359,75-2-1,Angola
21.887842644953874,-16.08031015387688,75-2-1,Angola
22.56247846852426,-16.898451429921813,75-2-1,Angola
23.215048455506064,-17.523116143465984,75-2-1,Angola
21.377176141045567,-17.930636488519696,75-2-1,Angola
18.956186964603603,-17.789094740472258,75-2-1,Angola
18.263309360434164,-17.309950860262006,75-2-1,Angola
14.209706658595024,-17.35310068122572,75-2-1,Angola
14.05850141770901,-17.423380629142663,75-2-1,Angola
13.462362094789967,-16.971211846588773,75-2-1,Angola
12.814081251688407,-16.94134286872407,75-2-1,Angola
12.215461460019355,-17.111668389558083,75-2-1,Angola
11.734198846085121,-17.301889336824473,75-2-1,Angola
11.64009606288161,-16.67314218512925,75-2-1,Angola
11.778537224991537,-15.793816013250735,75-2-1,Angola
12.12358076340439,-14.878316338767904,75-2-1,Angola
12.175618930722294,-14.449143568583892,75-2-1,Angola
12.50009524908299,-13.54769988368445,75-2-1,Angola
12.738478631245385,-13.137905775609902,75-2-1,Angola
13.312913852601866,-12.483630466362492,75-2-1,Angola
13.6337211442698,-12.03864470789717,75-2-1,Angola
13.738727654686897,-11.297863050993165,75-2-1,Angola
13.686379428775238,-10.73107594161589,75-2-1,Angola
13.387327915102162,-10.373578383020714,75-2-1,Angola
13.120987583069846,-9.766897067914122,75-2-1,Angola
12.875369500386569,-9.166933689005468,75-2-1,Angola
12.92906131353783,-8.959091078327553,75-2-1,Angola
13.236432732809874,-8.562629489784307,75-2-1,Angola
12.93304039882429,-7.596538588087733,75-2-1,Angola
12.728298374083892,-6.927122084178805,75-2-1,Angola
12.227347039446471,-6.294447523629394,75-2-1,Angola
12.32243167486351,-6.10009246177966,75-2-1,Angola
30.469673645761223,-2.41385475710134,76-1-1,Burundi
30.527660000000026,-2.807619999999986,76-1-1,Burundi
30.743010000000027,-3.034309999999948,76-1-1,Burundi
30.752240000000086,-3.3593099999999936,76-1-1,Burundi
30.505539999999996,-3.5685799999999404,76-1-1,Burundi
30.11632000000003,-4.090120000000013,76-1-1,Burundi
29.753512404099865,-4.452389418153302,76-1-1,Burundi
29.339997592900346,-4.4999834122940925,76-1-1,Burundi
29.276383904749053,-3.293907159034063,76-1-1,Burundi
29.024926385216787,-2.8392579077301576,76-1-1,Burundi
29.632176141078588,-2.917857761246097,76-1-1,Burundi
29.93835900240794,-2.348486830254238,76-1-1,Burundi
30.469673645761223,-2.41385475710134,76-1-1,Burundi
35.71991824722275,32.709192409794866,77-1-1,Israel
35.54566531753454,32.393992011030576,77-1-1,Israel
35.183930291491436,32.53251068778894,77-1-1,Israel
34.97464074070933,31.866582343059722,77-1-1,Israel
35.22589155451243,31.754341132121766,77-1-1,Israel
34.970506626125996,31.61677846936081,77-1-1,Israel
34.92740848159457,31.353435370401414,77-1-1,Israel
35.397560662586045,31.489086005167582,77-1-1,Israel
35.420918409981965,31.100065822874356,77-1-1,Israel
34.92260257339143,29.501326198844524,77-1-1,Israel
34.823243288783814,29.76108076171822,77-1-1,Israel
34.265440000000005,31.219359999999998,77-1-1,Israel
34.26543474464621,31.21935730952032,77-1-1,Israel
34.26543338393569,31.219360866820153,77-1-1,Israel
34.55637169773891,31.548823960896996,77-1-1,Israel
34.48810713068136,31.60553884533732,77-1-1,Israel
34.75258711115117,32.07292633720117,77-1-1,Israel
34.95541710789678,32.82737641044638,77-1-1,Israel
35.098457472480675,33.080539252244265,77-1-1,Israel
35.126052687324545,33.09090037691878,77-1-1,Israel
35.460709262846706,33.08904002535628,77-1-1,Israel
35.55279666519081,33.26427480725802,77-1-1,Israel
35.82110070165024,33.2774264592763,77-1-1,Israel
35.836396925608625,32.86812327730851,77-1-1,Israel
35.70079796727475,32.71601369885738,77-1-1,Israel
35.71991824722275,32.709192409794866,77-1-1,Israel
35.82110070165024,33.2774264592763,78-1-1,Lebanon
35.55279666519081,33.26427480725802,78-1-1,Lebanon
35.460709262846706,33.08904002535628,78-1-1,Lebanon
35.126052687324545,33.09090037691878,78-1-1,Lebanon
35.48220665868013,33.90545014091944,78-1-1,Lebanon
35.9795923194894,34.61005829521913,78-1-1,Lebanon
35.99840254084364,34.644914048800004,78-1-1,Lebanon
36.4481942075121,34.59393524834407,78-1-1,Lebanon
36.61175011571589,34.20178864189718,78-1-1,Lebanon
36.066460402172055,33.82491242119255,78-1-1,Lebanon
35.82110070165024,33.2774264592763,78-1-1,Lebanon
49.54351891459575,-12.469832858940554,79-1-1,Madagascar
49.808980747279094,-12.895284925999555,79-1-1,Madagascar
50.056510857957164,-13.555761407121985,79-1-1,Madagascar
50.21743126811407,-14.758788750876796,79-1-1,Madagascar
50.47653689962553,-15.226512139550543,79-1-1,Madagascar
50.377111443895956,-15.706069431219127,79-1-1,Madagascar
50.20027469259318,-16.000263360256767,79-1-1,Madagascar
49.86060550313868,-15.414252618066918,79-1-1,Madagascar
49.67260664246086,-15.710203545802479,79-1-1,Madagascar
49.863344354050156,-16.451036879138776,79-1-1,Madagascar
49.77456424337271,-16.8750420060936,79-1-1,Madagascar
49.49861209493412,-17.106035658438273,79-1-1,Madagascar
49.435618523970305,-17.953064060134366,79-1-1,Madagascar
49.041792433473944,-19.118781019774445,79-1-1,Madagascar
48.54854088724801,-20.496888116134127,79-1-1,Madagascar
47.93074913919867,-22.391501153251085,79-1-1,Madagascar
47.54772342305131,-23.781958916928517,79-1-1,Madagascar
47.095761346226595,-24.941629733990453,79-1-1,Madagascar
46.282477654817086,-25.178462823184105,79-1-1,Madagascar
45.40950768411045,-25.60143442149309,79-1-1,Madagascar
44.833573846217554,-25.34610116953894,79-1-1,Madagascar
44.03972049334976,-24.988345228782308,79-1-1,Madagascar
43.76376834491117,-24.46067717864999,79-1-1,Madagascar
43.697777540874455,-23.574116306250602,79-1-1,Madagascar
43.345654331237625,-22.776903985283873,79-1-1,Madagascar
43.254187046081,-22.057413018484123,79-1-1,Madagascar
43.43329756040464,-21.33647511158019,79-1-1,Madagascar
43.893682895692926,-21.16330738697013,79-1-1,Madagascar
43.896370070172104,-20.830459486578174,79-1-1,Madagascar
44.37432539243966,-20.07236622485639,79-1-1,Madagascar
44.46439741392439,-19.435454196859048,79-1-1,Madagascar
44.23242190936617,-18.961994724200906,79-1-1,Madagascar
44.042976108584156,-18.33138722094317,79-1-1,Madagascar
43.96308434426091,-17.409944756746782,79-1-1,Madagascar
44.31246870298628,-16.850495700754955,79-1-1,Madagascar
44.4465173683514,-16.216219170804507,79-1-1,Madagascar
44.94493655780653,-16.1793738745804,79-1-1,Madagascar
45.50273196796499,-15.97437346767854,79-1-1,Madagascar
45.87299360533626,-15.793454278224687,79-1-1,Madagascar
46.31224327981721,-15.780018405828798,79-1-1,Madagascar
46.882182651564285,-15.210182386946315,79-1-1,Madagascar
47.70512983581236,-14.594302666891764,79-1-1,Madagascar
48.005214878131255,-14.091232598530375,79-1-1,Madagascar
47.869047479042166,-13.663868503476586,79-1-1,Madagascar
48.29382775248138,-13.784067884987486,79-1-1,Madagascar
48.84506025573879,-13.089174899958664,79-1-1,Madagascar
48.86350874206698,-12.48786793381042,79-1-1,Madagascar
49.194651320193316,-12.04055673589197,79-1-1,Madagascar
49.54351891459575,-12.469832858940554,79-1-1,Madagascar
35.397560662586045,31.489086005167582,80-1-1,Palestine
34.92740848159457,31.353435370401414,80-1-1,Palestine
34.970506626125996,31.61677846936081,80-1-1,Palestine
35.22589155451243,31.754341132121766,80-1-1,Palestine
34.97464074070933,31.866582343059722,80-1-1,Palestine
35.183930291491436,32.53251068778894,80-1-1,Palestine
35.54566531753454,32.393992011030576,80-1-1,Palestine
35.5452519060762,31.78250478772084,80-1-1,Palestine
35.397560662586045,31.489086005167582,80-1-1,Palestine
-16.71372880702347,13.594958604379855,81-1-1,The Gambia
-15.624596320039942,13.62358734786956,81-1-1,The Gambia
-15.39877031092446,13.86036876063092,81-1-1,The Gambia
-15.08173539881382,13.876491807505985,81-1-1,The Gambia
-14.687030808968487,13.630356960499784,81-1-1,The Gambia
-14.376713833055788,13.625680243377374,81-1-1,The Gambia
-14.046992356817482,13.79406789800045,81-1-1,The Gambia
-13.844963344772408,13.505041612192002,81-1-1,The Gambia
-14.277701788784555,13.280585028532244,81-1-1,The Gambia
-14.712197231494628,13.298206691943777,81-1-1,The Gambia
-15.141163295949468,13.509511623585238,81-1-1,The Gambia
-15.511812506562933,13.278569647672867,81-1-1,The Gambia
-15.691000535534995,13.270353094938457,81-1-1,The Gambia
-15.931295945692211,13.130284125211332,81-1-1,The Gambia
-16.841524624081273,13.15139394780256,81-1-1,The Gambia
-16.71372880702347,13.594958604379855,81-1-1,The Gambia
9.482139926805274,30.307556057246188,82-1-1,Tunisia
9.05560265466815,32.10269196220129,82-1-1,Tunisia
8.439102817426118,32.50628489840082,82-1-1,Tunisia
8.430472853233368,32.74833730725595,82-1-1,Tunisia
7.6126416357821824,33.34411489514896,82-1-1,Tunisia
7.524481642292244,34.09737641045146,82-1-1,Tunisia
8.140981479534304,34.65514598239379,82-1-1,Tunisia
8.376367628623768,35.479876003555944,82-1-1,Tunisia
8.217824334352315,36.433176988260286,82-1-1,Tunisia
8.420964389691676,36.94642731378316,82-1-1,Tunisia
9.509993523810607,37.349994411766545,82-1-1,Tunisia
10.210002475636317,37.230001735984814,82-1-1,Tunisia
10.180650262094531,36.724037787415085,82-1-1,Tunisia
11.02886722173335,37.09210317641396,82-1-1,Tunisia
11.100025668999251,36.899996039368915,82-1-1,Tunisia
10.600004510143094,36.410000108377375,82-1-1,Tunisia
10.593286573945138,35.94744436293281,82-1-1,Tunisia
10.939518670300687,35.698984076473494,82-1-1,Tunisia
10.807847120821009,34.83350718844919,82-1-1,Tunisia
10.149592726287125,34.33077301689771,82-1-1,Tunisia
10.339658644256616,33.78574168551532,82-1-1,Tunisia
10.856836378633687,33.76874013929128,82-1-1,Tunisia
11.108500603895122,33.293342800422195,82-1-1,Tunisia
11.488787469131012,33.13699575452324,82-1-1,Tunisia
11.432253452203696,32.368903103152874,82-1-1,Tunisia
10.944789666394456,32.081814683555365,82-1-1,Tunisia
10.636901482799487,31.761420803345757,82-1-1,Tunisia
9.950225050505082,31.376069647745258,82-1-1,Tunisia
10.056575148161699,30.961831366493527,82-1-1,Tunisia
9.970017124072854,30.53932485607524,82-1-1,Tunisia
9.482139926805274,30.307556057246188,82-1-1,Tunisia
-8.684399786809053,27.395744126896005,83-1-1,Algeria
-8.665124477564191,27.589479071558227,83-1-1,Algeria
-8.665589565454809,27.656425889592356,83-1-1,Algeria
-8.674116176782974,28.84128896739658,83-1-1,Algeria
-7.059227667661958,29.5792284205246,83-1-1,Algeria
-6.060632290053774,29.731699734001694,83-1-1,Algeria
-5.242129278982787,30.00044302013559,83-1-1,Algeria
-4.859646165374471,30.501187649043846,83-1-1,Algeria
-3.6904410465547244,30.896951605751156,83-1-1,Algeria
-3.647497931320146,31.637294012980675,83-1-1,Algeria
-3.068980271812648,31.724497992473218,83-1-1,Algeria
-2.616604783529567,32.09434621838619,83-1-1,Algeria
-1.30789913573787,32.2628889023061,83-1-1,Algeria
-1.1245511539663084,32.65152151135713,83-1-1,Algeria
-1.388049282222596,32.86401500094138,83-1-1,Algeria
-1.7334545556614671,33.91971283623212,83-1-1,Algeria
-1.792985805661715,34.527918606091305,83-1-1,Algeria
-2.169913702798624,35.16839630791668,83-1-1,Algeria
-1.208602871089056,35.7148487411871,83-1-1,Algeria
-0.12745439289460592,35.888662421200806,83-1-1,Algeria
0.5038765804152092,36.30127289483528,83-1-1,Algeria
1.466918572606545,36.605647081034405,83-1-1,Algeria
3.1616988460508253,36.78390493422522,83-1-1,Algeria
4.81575809084913,36.86503693292346,83-1-1,Algeria
5.3201200700177935,36.71651886651662,83-1-1,Algeria
6.261819695672613,37.11065501560674,83-1-1,Algeria
7.330384962603971,37.11838064223437,83-1-1,Algeria
7.737078484741005,36.885707505840216,83-1-1,Algeria
8.420964389691676,36.94642731378316,83-1-1,Algeria
8.217824334352315,36.433176988260286,83-1-1,Algeria
8.376367628623768,35.479876003555944,83-1-1,Algeria
8.140981479534304,34.65514598239379,83-1-1,Algeria
7.524481642292244,34.09737641045146,83-1-1,Algeria
7.6126416357821824,33.34411489514896,83-1-1,Algeria
8.430472853233368,32.74833730725595,83-1-1,Algeria
8.439102817426118,32.50628489840082,83-1-1,Algeria
9.05560265466815,32.10269196220129,83-1-1,Algeria
9.482139926805274,30.307556057246188,83-1-1,Algeria
9.805634392952356,29.424638373323376,83-1-1,Algeria
9.859997999723447,28.959989732371014,83-1-1,Algeria
9.683884718472768,28.1441738957792,83-1-1,Algeria
9.756128370816782,27.688258571884205,83-1-1,Algeria
9.629056023811074,27.14095347748092,83-1-1,Algeria
9.716285841519664,26.512206325785655,83-1-1,Algeria
9.319410841518163,26.094324856057455,83-1-1,Algeria
9.910692579801776,25.365454616796796,83-1-1,Algeria
9.94826134607797,24.936953640232517,83-1-1,Algeria
10.303846876678362,24.379313259370917,83-1-1,Algeria
10.771363559622927,24.56253205006175,83-1-1,Algeria
11.560669386449005,24.097909247325518,83-1-1,Algeria
11.999505649471613,23.47166840259645,83-1-1,Algeria
8.572893100629784,21.565660712159143,83-1-1,Algeria
5.677565952180686,19.601206976799716,83-1-1,Algeria
4.267419467800039,19.155265204337,83-1-1,Algeria
3.158133172222705,19.057364203360038,83-1-1,Algeria
3.1466610042539003,19.693578599521445,83-1-1,Algeria
2.683588494486429,19.856230170160117,83-1-1,Algeria
2.06099083823392,20.142233384679486,83-1-1,Algeria
1.8232275732590324,20.610809434486043,83-1-1,Algeria
-1.5500548974576134,22.792665920497384,83-1-1,Algeria
-4.923337368174231,24.974574082941,83-1-1,Algeria
-8.684399786809053,27.395744126896005,83-1-1,Algeria
35.54566531753454,32.393992011030576,84-1-1,Jordan
35.71991824722275,32.709192409794866,84-1-1,Jordan
36.834062127435544,32.312937526980775,84-1-1,Jordan
38.792340529136084,33.378686428352225,84-1-1,Jordan
39.19546837744497,32.16100881604267,84-1-1,Jordan
39.00488569515255,32.01021698661498,84-1-1,Jordan
37.00216556168101,31.508412990844747,84-1-1,Jordan
37.998848911294374,30.508499864213135,84-1-1,Jordan
37.66811974462638,30.3386652694859,84-1-1,Jordan
37.503581984209035,30.003776150018407,84-1-1,Jordan
36.74052778498725,29.86528331147619,84-1-1,Jordan
36.50121422704359,29.505253607698705,84-1-1,Jordan
36.06894087092206,29.197494615184453,84-1-1,Jordan
34.95603722508426,29.356554673778845,84-1-1,Jordan
34.92260257339143,29.501326198844524,84-1-1,Jordan
35.420918409981965,31.100065822874356,84-1-1,Jordan
35.397560662586045,31.489086005167582,84-1-1,Jordan
35.5452519060762,31.78250478772084,84-1-1,Jordan
35.54566531753454,32.393992011030576,84-1-1,Jordan
51.57951867046327,24.245497137951105,85-1-1,United Arab Emirates
51.757440626844186,24.29407298430547,85-1-1,United Arab Emirates
51.79438927593287,24.019826158132506,85-1-1,United Arab Emirates
52.57708051942561,24.177439276622707,85-1-1,United Arab Emirates
53.404006788960146,24.15131684009917,85-1-1,United Arab Emirates
54.00800092958758,24.121757920828216,85-1-1,United Arab Emirates
54.69302371604863,24.79789236093509,85-1-1,United Arab Emirates
55.43902469261414,25.43914520924494,85-1-1,United Arab Emirates
56.07082075381456,26.05546417897398,85-1-1,United Arab Emirates
56.261041701080956,25.71460643157677,85-1-1,United Arab Emirates
56.396847365144005,24.924732163995486,85-1-1,United Arab Emirates
55.88623253766801,24.920830593357447,85-1-1,United Arab Emirates
55.804118686756226,24.269604193615265,85-1-1,United Arab Emirates
55.98121382022046,24.13054291431783,85-1-1,United Arab Emirates
55.52863162620824,23.933604030853502,85-1-1,United Arab Emirates
55.525841098864475,23.524869289640932,85-1-1,United Arab Emirates
55.234489373602884,23.110992743415324,85-1-1,United Arab Emirates
55.208341098863194,22.708329982997046,85-1-1,United Arab Emirates
55.006803012924905,22.496947536707136,85-1-1,United Arab Emirates
52.000733270074335,23.00115448657894,85-1-1,United Arab Emirates
51.61770755392698,24.01421926522883,85-1-1,United Arab Emirates
51.57951867046327,24.245497137951105,85-1-1,United Arab Emirates
50.81010827006958,24.754742539971378,86-1-1,Qatar
50.74391076030369,25.482424221289396,86-1-1,Qatar
51.013351678273494,26.006991685484195,86-1-1,Qatar
51.28646162293606,26.11458201751587,86-1-1,Qatar
51.58907881043726,25.80111277923338,86-1-1,Qatar
51.60670047384881,25.21567047779874,86-1-1,Qatar
51.38960778179063,24.62738597258806,86-1-1,Qatar
51.11241539897702,24.556330878186724,86-1-1,Qatar
50.81010827006958,24.754742539971378,86-1-1,Qatar
47.974519077349896,29.975819200148504,87-1-1,Kuwait
48.18318851094449,29.534476630159762,87-1-1,Kuwait
48.09394331237642,29.306299343375002,87-1-1,Kuwait
48.416094191283946,28.55200429942667,87-1-1,Kuwait
47.708850538937384,28.526062730416143,87-1-1,Kuwait
47.45982181172283,29.002519436147224,87-1-1,Kuwait
46.568713413281756,29.09902517345229,87-1-1,Kuwait
47.30262210469096,30.059069932570722,87-1-1,Kuwait
47.974519077349896,29.975819200148504,87-1-1,Kuwait
39.19546837744497,32.16100881604267,88-1-1,Iraq
38.792340529136084,33.378686428352225,88-1-1,Iraq
41.006158888519934,34.41937226006212,88-1-1,Iraq
41.383965285005814,35.628316555314356,88-1-1,Iraq
41.289707472505455,36.35881460219227,88-1-1,Iraq
41.83706424334096,36.605853786763575,88-1-1,Iraq
42.34959109881177,37.2298725449041,88-1-1,Iraq
42.77912560402183,37.385263576805755,88-1-1,Iraq
43.9422587420473,37.25622752537295,88-1-1,Iraq
44.29345177590287,37.0015143906063,88-1-1,Iraq
44.77267710159504,37.17043692561684,88-1-1,Iraq
45.42061811705321,35.977545884742824,88-1-1,Iraq
46.0763403664048,35.67738332777549,88-1-1,Iraq
46.15178795755094,35.09325877536429,88-1-1,Iraq
45.64845950702809,34.748137722303014,88-1-1,Iraq
45.41669070819904,33.967797756479584,88-1-1,Iraq
46.10936160663932,33.017287299119005,88-1-1,Iraq
47.33466149271191,32.46915538179911,88-1-1,Iraq
47.8492037290421,31.70917593029867,88-1-1,Iraq
47.68528608581227,30.984853217079632,88-1-1,Iraq
48.004698113808324,30.985137437457244,88-1-1,Iraq
48.0145683123761,30.452456773392598,88-1-1,Iraq
48.567971225789755,29.926778265903522,88-1-1,Iraq
47.974519077349896,29.975819200148504,88-1-1,Iraq
47.30262210469096,30.059069932570722,88-1-1,Iraq
46.568713413281756,29.09902517345229,88-1-1,Iraq
44.70949873228474,29.178891099559383,88-1-1,Iraq
41.889980910007836,31.19000865327837,88-1-1,Iraq
40.399994337736246,31.889991766887935,88-1-1,Iraq
39.19546837744497,32.16100881604267,88-1-1,Iraq
55.208341098863194,22.708329982997046,89-1-1,Oman
55.234489373602884,23.110992743415324,89-1-1,Oman
55.525841098864475,23.524869289640932,89-1-1,Oman
55.52863162620824,23.933604030853502,89-1-1,Oman
55.98121382022046,24.13054291431783,89-1-1,Oman
55.804118686756226,24.269604193615265,89-1-1,Oman
55.88623253766801,24.920830593357447,89-1-1,Oman
56.396847365144005,24.924732163995486,89-1-1,Oman
56.845140415276006,24.241673081961505,89-1-1,Oman
57.4034525897574,23.878594468678813,89-1-1,Oman
58.13694786970825,23.74793060962881,89-1-1,Oman
58.72921146020542,23.56566783293536,89-1-1,Oman
59.18050174341033,22.992395331305474,89-1-1,Oman
59.45009769067703,22.6602709009656,89-1-1,Oman
59.80806033716286,22.533611965418217,89-1-1,Oman
59.806148309168066,22.310524807214193,89-1-1,Oman
59.442191196536385,21.714540513592027,89-1-1,Oman
59.28240766788991,21.43388580981485,89-1-1,Oman
58.86114139184656,21.114034532144302,89-1-1,Oman
58.48798587426694,20.428985907467094,89-1-1,Oman
58.034318475176605,20.481437486243337,89-1-1,Oman
57.826372511634105,20.24300242764863,89-1-1,Oman
57.665762160070955,19.73600495043307,89-1-1,Oman
57.788700392493325,19.067570298737678,89-1-1,Oman
57.694390903560645,18.94470958096376,89-1-1,Oman
57.234263950433814,18.947991034414287,89-1-1,Oman
56.60965091332193,18.574267076079465,89-1-1,Oman
56.51218916201947,18.087113348863966,89-1-1,Oman
56.28352094912793,17.876066799383963,89-1-1,Oman
55.66149173363064,17.884128322821496,89-1-1,Oman
55.26993940615512,17.632309068263197,89-1-1,Oman
55.27490034365513,17.22835439703762,89-1-1,Oman
54.79100223167404,16.95069692633338,89-1-1,Oman
54.23925296409371,17.044980577049913,89-1-1,Oman
53.570508253804576,16.707662665264706,89-1-1,Oman
53.10857262554751,16.651051133688952,89-1-1,Oman
52.78218427919205,17.349742336491232,89-1-1,Oman
52.00000980002224,19.000003363516058,89-1-1,Oman
54.99998172386236,19.999994004796108,89-1-1,Oman
55.666659376859826,22.00000112557234,89-1-1,Oman
55.208341098863194,22.708329982997046,89-1-1,Oman
56.261041701080956,25.71460643157677,89-2-1,Oman
56.07082075381456,26.05546417897398,89-2-1,Oman
56.36201744977927,26.39593435312898,89-2-1,Oman
56.48567915225374,26.309117946878633,89-2-1,Oman
56.39142133975335,25.895990708921246,89-2-1,Oman
56.261041701080956,25.71460643157677,89-2-1,Oman
167.2168013857696,-15.89184620530842,90-1-1,Vanuatu
167.84487674384502,-16.46633310309717,90-1-1,Vanuatu
167.51518110582288,-16.59784962327999,90-1-1,Vanuatu
167.1800077659778,-16.159995212470946,90-1-1,Vanuatu
167.2168013857696,-15.89184620530842,90-1-1,Vanuatu
166.79315799384085,-15.668810723536687,90-2-1,Vanuatu
166.6498592470955,-15.392703545801211,90-2-1,Vanuatu
166.6291369977464,-14.626497084209605,90-2-1,Vanuatu
167.10771243720149,-14.933920179913954,90-2-1,Vanuatu
167.27002811103023,-15.740020847234888,90-2-1,Vanuatu
167.00120731024793,-15.614602146062516,90-2-1,Vanuatu
166.79315799384085,-15.668810723536687,90-2-1,Vanuatu
102.5849324890267,12.186594956913282,91-1-1,Cambodia
102.34809939983302,13.394247341358223,91-1-1,Cambodia
102.98842207236163,14.225721136934467,91-1-1,Cambodia
104.28141808473661,14.416743068901367,91-1-1,Cambodia
105.21877689007889,14.273211778210694,91-1-1,Cambodia
106.04394616091552,13.881091009979956,91-1-1,Cambodia
106.49637332563088,14.570583807834282,91-1-1,Cambodia
107.38272749230109,14.202440904186972,91-1-1,Cambodia
107.61454796756243,13.535530707244206,91-1-1,Cambodia
107.49140302941089,12.337205918827948,91-1-1,Cambodia
105.81052371625313,11.567614650921229,91-1-1,Cambodia
106.24967003786946,10.961811835163587,91-1-1,Cambodia
105.19991499229235,10.889309800658097,91-1-1,Cambodia
104.33433475140347,10.48654368737523,91-1-1,Cambodia
103.4972799011397,10.632555446815928,91-1-1,Cambodia
103.09068973186726,11.153660590047165,91-1-1,Cambodia
102.5849324890267,12.186594956913282,91-1-1,Cambodia
105.21877689007889,14.273211778210694,92-1-1,Thailand
104.28141808473661,14.416743068901367,92-1-1,Thailand
102.98842207236163,14.225721136934467,92-1-1,Thailand
102.34809939983302,13.394247341358223,92-1-1,Thailand
102.5849324890267,12.186594956913282,92-1-1,Thailand
101.68715783081996,12.645740057826572,92-1-1,Thailand
100.83180952352487,12.627084865769206,92-1-1,Thailand
100.9784672383692,13.412721665902566,92-1-1,Thailand
100.09779747925111,13.406856390837433,92-1-1,Thailand
100.01873253784456,12.307001044153354,92-1-1,Thailand
99.47892052612363,10.846366685423547,92-1-1,Thailand
99.15377241414316,9.963061428258555,92-1-1,Thailand
99.22239871622676,9.239255479362427,92-1-1,Thailand
99.87383182169813,9.20786204674512,92-1-1,Thailand
100.27964684448622,8.295152899606052,92-1-1,Thailand
100.45927412313276,7.429572658717177,92-1-1,Thailand
101.01732791545273,6.856868597842478,92-1-1,Thailand
101.62307905477806,6.74062246340192,92-1-1,Thailand
102.14118696493638,6.221636053894628,92-1-1,Thailand
101.81428185425798,5.8108084171742425,92-1-1,Thailand
101.15421878459387,5.691384182147715,92-1-1,Thailand
101.07551557821336,6.2048670516159214,92-1-1,Thailand
100.25959638875696,6.6428248152895435,92-1-1,Thailand
100.0857568705271,6.4644894474502905,92-1-1,Thailand
99.69069054565576,6.8482127954335965,92-1-1,Thailand
99.51964155476963,7.34345388430276,92-1-1,Thailand
98.9882528015123,7.907993068875328,92-1-1,Thailand
98.503786248776,8.382305202666288,92-1-1,Thailand
98.339661899817,7.794511623562386,92-1-1,Thailand
98.15000939330582,8.350007432483878,92-1-1,Thailand
98.25915001830626,8.973922837759801,92-1-1,Thailand
98.55355065307305,9.932959906448545,92-1-1,Thailand
99.03812055867398,10.960545762572437,92-1-1,Thailand
99.58728600463972,11.892762762901697,92-1-1,Thailand
99.19635379435167,12.80474843998867,92-1-1,Thailand
99.21201175333609,13.269293728076464,92-1-1,Thailand
99.09775516153876,13.827502549693278,92-1-1,Thailand
98.43081912637987,14.622027696180837,92-1-1,Thailand
98.1920740091914,15.123702500870351,92-1-1,Thailand
98.53737592976572,15.308497422746084,92-1-1,Thailand
98.90334842325676,16.17782420497612,92-1-1,Thailand
98.49376102091135,16.83783559820793,92-1-1,Thailand
97.85912275593486,17.567946071843664,92-1-1,Thailand
97.37589643757354,18.445437730375815,92-1-1,Thailand
97.79778283080441,18.627080389881755,92-1-1,Thailand
98.25372399291561,19.708203029860044,92-1-1,Thailand
98.95967573445488,19.752980658440947,92-1-1,Thailand
99.54330936075931,20.186597601802063,92-1-1,Thailand
100.11598758341785,20.417849636308187,92-1-1,Thailand
100.54888105672688,20.109237982661128,92-1-1,Thailand
100.60629357300316,19.508344427971224,92-1-1,Thailand
101.2820146016517,19.462584947176765,92-1-1,Thailand
101.03593143107777,18.408928330961615,92-1-1,Thailand
101.05954756063517,17.51249725999449,92-1-1,Thailand
102.11359175009248,18.109101670804165,92-1-1,Thailand
102.41300499879162,17.932781683824288,92-1-1,Thailand
102.99870568238771,17.9616946476916,92-1-1,Thailand
103.20019209189374,18.309632066312773,92-1-1,Thailand
103.9564766784853,18.24095408779688,92-1-1,Thailand
104.7169470560925,17.42885895433008,92-1-1,Thailand
104.7793205098688,16.44186493577145,92-1-1,Thailand
105.58903852745016,15.570316066952858,92-1-1,Thailand
105.54433841351769,14.723933620660418,92-1-1,Thailand
105.21877689007889,14.273211778210694,92-1-1,Thailand
107.38272749230109,14.202440904186972,93-1-1,Lao PDR
106.49637332563088,14.570583807834282,93-1-1,Lao PDR
106.04394616091552,13.881091009979956,93-1-1,Lao PDR
105.21877689007889,14.273211778210694,93-1-1,Lao PDR
105.54433841351769,14.723933620660418,93-1-1,Lao PDR
105.58903852745016,15.570316066952858,93-1-1,Lao PDR
104.7793205098688,16.44186493577145,93-1-1,Lao PDR
104.7169470560925,17.42885895433008,93-1-1,Lao PDR
103.9564766784853,18.24095408779688,93-1-1,Lao PDR
103.20019209189374,18.309632066312773,93-1-1,Lao PDR
102.99870568238771,17.9616946476916,93-1-1,Lao PDR
102.41300499879162,17.932781683824288,93-1-1,Lao PDR
102.11359175009248,18.109101670804165,93-1-1,Lao PDR
101.05954756063517,17.51249725999449,93-1-1,Lao PDR
101.03593143107777,18.408928330961615,93-1-1,Lao PDR
101.2820146016517,19.462584947176765,93-1-1,Lao PDR
100.60629357300316,19.508344427971224,93-1-1,Lao PDR
100.54888105672688,20.109237982661128,93-1-1,Lao PDR
100.11598758341785,20.417849636308187,93-1-1,Lao PDR
100.32910119018953,20.786121731036232,93-1-1,Lao PDR
101.18000532430754,21.436572984294028,93-1-1,Lao PDR
101.27002566935997,21.201651923095184,93-1-1,Lao PDR
101.80311974488293,21.17436676684507,93-1-1,Lao PDR
101.65201785686152,22.318198757409547,93-1-1,Lao PDR
102.17043582561358,22.464753119389304,93-1-1,Lao PDR
102.75489627483466,21.675137233969465,93-1-1,Lao PDR
103.20386111858645,20.76656220141375,93-1-1,Lao PDR
104.43500044150805,20.75873322192153,93-1-1,Lao PDR
104.8225736836971,19.886641750563882,93-1-1,Lao PDR
104.18338789267894,19.62466807706022,93-1-1,Lao PDR
103.89653201702671,19.265180975821806,93-1-1,Lao PDR
105.09459842328152,18.66697459561108,93-1-1,Lao PDR
105.92576216026403,17.48531545660896,93-1-1,Lao PDR
106.55600792849569,16.604283962464805,93-1-1,Lao PDR
107.3127059265456,15.90853831630318,93-1-1,Lao PDR
107.5645251811039,15.20217316330556,93-1-1,Lao PDR
107.38272749230109,14.202440904186972,93-1-1,Lao PDR
100.11598758341785,20.417849636308187,94-1-1,Myanmar
99.54330936075931,20.186597601802063,94-1-1,Myanmar
98.95967573445488,19.752980658440947,94-1-1,Myanmar
98.25372399291561,19.708203029860044,94-1-1,Myanmar
97.79778283080441,18.627080389881755,94-1-1,Myanmar
97.37589643757354,18.445437730375815,94-1-1,Myanmar
97.85912275593486,17.567946071843664,94-1-1,Myanmar
98.49376102091135,16.83783559820793,94-1-1,Myanmar
98.90334842325676,16.17782420497612,94-1-1,Myanmar
98.53737592976572,15.308497422746084,94-1-1,Myanmar
98.1920740091914,15.123702500870351,94-1-1,Myanmar
98.43081912637987,14.622027696180837,94-1-1,Myanmar
99.09775516153876,13.827502549693278,94-1-1,Myanmar
99.21201175333609,13.269293728076464,94-1-1,Myanmar
99.19635379435167,12.80474843998867,94-1-1,Myanmar
99.58728600463972,11.892762762901697,94-1-1,Myanmar
99.03812055867398,10.960545762572437,94-1-1,Myanmar
98.55355065307305,9.932959906448545,94-1-1,Myanmar
98.45717410684873,10.67526601810515,94-1-1,Myanmar
98.76454552612078,11.441291612183749,94-1-1,Myanmar
98.42833865762985,12.032986761925685,94-1-1,Myanmar
98.50957400919268,13.122377631070677,94-1-1,Myanmar
98.1036039571077,13.640459703012851,94-1-1,Myanmar
97.77773237507517,14.837285874892642,94-1-1,Myanmar
97.59707156778276,16.10056793869977,94-1-1,Myanmar
97.1645398294998,16.92873444260934,94-1-1,Myanmar
96.505768670643,16.42724050543285,94-1-1,Myanmar
95.3693522481124,15.7143899601826,94-1-1,Myanmar
94.80840457558412,15.80345429123764,94-1-1,Myanmar
94.18880415240454,16.037936102762018,94-1-1,Myanmar
94.53348595579135,17.277240301985728,94-1-1,Myanmar
94.32481652219676,18.2135139022499,94-1-1,Myanmar
93.54098839719364,19.366492621330025,94-1-1,Myanmar
93.66325483599621,19.726961574781996,94-1-1,Myanmar
93.07827762245219,19.855144965081976,94-1-1,Myanmar
92.36855350135562,20.670883287025347,94-1-1,Myanmar
92.30323449093868,21.47548533780982,94-1-1,Myanmar
92.65225711463799,21.324047552978485,94-1-1,Myanmar
92.67272098182556,22.041238918541254,94-1-1,Myanmar
93.16612755734837,22.278459580977103,94-1-1,Myanmar
93.06029422401463,22.70311066333557,94-1-1,Myanmar
93.28632693885928,23.043658352139005,94-1-1,Myanmar
93.3251876159428,24.078556423432204,94-1-1,Myanmar
94.10674197792507,23.85074087167348,94-1-1,Myanmar
94.55265791217164,24.675238348890336,94-1-1,Myanmar
94.60324913938538,25.162495428970402,94-1-1,Myanmar
95.1551534362626,26.001307277932085,94-1-1,Myanmar
95.12476769407496,26.5735720891323,94-1-1,Myanmar
96.41936567585097,27.264589341739224,94-1-1,Myanmar
97.1339990580153,27.083773505149964,94-1-1,Myanmar
97.0519885599681,27.69905894623315,94-1-1,Myanmar
97.40256147663614,27.882536119085444,94-1-1,Myanmar
97.32711388549004,28.26158274994634,94-1-1,Myanmar
97.91198774616944,28.335945136014345,94-1-1,Myanmar
98.2462309102333,27.74722138112918,94-1-1,Myanmar
98.68269005737046,27.50881216075062,94-1-1,Myanmar
98.71209394734451,26.743535874940267,94-1-1,Myanmar
98.67183800658916,25.918702500913525,94-1-1,Myanmar
97.72460900267914,25.083637193293,94-1-1,Myanmar
97.60471967976198,23.897404690033042,94-1-1,Myanmar
98.66026248575577,24.063286037689966,94-1-1,Myanmar
98.89874922078278,23.14272207284253,94-1-1,Myanmar
99.5319922220874,22.94903880461258,94-1-1,Myanmar
99.24089887898725,22.11831431730458,94-1-1,Myanmar
99.98348921102149,21.7429367131364,94-1-1,Myanmar
100.41653771362738,21.558839423096614,94-1-1,Myanmar
101.15003299357825,21.849984442629022,94-1-1,Myanmar
101.18000532430754,21.436572984294028,94-1-1,Myanmar
100.32910119018953,20.786121731036232,94-1-1,Myanmar
100.11598758341785,20.417849636308187,94-1-1,Myanmar
104.33433475140347,10.48654368737523,95-1-1,Vietnam
105.19991499229235,10.889309800658097,95-1-1,Vietnam
106.24967003786946,10.961811835163587,95-1-1,Vietnam
105.81052371625313,11.567614650921229,95-1-1,Vietnam
107.49140302941089,12.337205918827948,95-1-1,Vietnam
107.61454796756243,13.535530707244206,95-1-1,Vietnam
107.38272749230109,14.202440904186972,95-1-1,Vietnam
107.5645251811039,15.20217316330556,95-1-1,Vietnam
107.3127059265456,15.90853831630318,95-1-1,Vietnam
106.55600792849569,16.604283962464805,95-1-1,Vietnam
105.92576216026403,17.48531545660896,95-1-1,Vietnam
105.09459842328152,18.66697459561108,95-1-1,Vietnam
103.89653201702671,19.265180975821806,95-1-1,Vietnam
104.18338789267894,19.62466807706022,95-1-1,Vietnam
104.8225736836971,19.886641750563882,95-1-1,Vietnam
104.43500044150805,20.75873322192153,95-1-1,Vietnam
103.20386111858645,20.76656220141375,95-1-1,Vietnam
102.75489627483466,21.675137233969465,95-1-1,Vietnam
102.17043582561358,22.464753119389304,95-1-1,Vietnam
102.7069922221001,22.708795070887675,95-1-1,Vietnam
103.50451460166056,22.70375661873921,95-1-1,Vietnam
104.47685835166448,22.819150092046968,95-1-1,Vietnam
105.32920942588663,23.352063300056912,95-1-1,Vietnam
105.81124718630522,22.976892401617903,95-1-1,Vietnam
106.72540327354847,22.79426788989842,95-1-1,Vietnam
106.56727339073532,22.21820486092477,95-1-1,Vietnam
107.04342003787264,21.811898912029914,95-1-1,Vietnam
108.05018029178294,21.55237986906012,95-1-1,Vietnam
106.7150679870901,20.69685069425202,95-1-1,Vietnam
105.88168216351903,19.752050482659698,95-1-1,Vietnam
105.66200564984631,19.05816518806057,95-1-1,Vietnam
106.42681684776602,18.004120998603227,95-1-1,Vietnam
107.36195356651974,16.697456569887052,95-1-1,Vietnam
108.26949507042963,16.07974233648615,95-1-1,Vietnam
108.87710656131748,15.27669057867044,95-1-1,Vietnam
109.33526981001722,13.426028347217724,95-1-1,Vietnam
109.20013593957398,11.666859239137764,95-1-1,Vietnam
108.36612999881545,11.008320624226272,95-1-1,Vietnam
107.22092858279524,10.364483954301832,95-1-1,Vietnam
106.40511274620343,9.53083974856932,95-1-1,Vietnam
105.15826378786511,8.599759629750494,95-1-1,Vietnam
104.79518517458239,9.241038316276502,95-1-1,Vietnam
105.07620161338562,9.918490505406808,95-1-1,Vietnam
104.33433475140347,10.48654368737523,95-1-1,Vietnam
130.78000366004676,42.220007813203225,96-1-1,Dem. Rep. Korea
130.78000485358513,42.22001036108258,96-1-1,Dem. Rep. Korea
130.78000735893113,42.22000722916885,96-1-1,Dem. Rep. Korea
130.78000366004676,42.220007813203225,96-1-1,Dem. Rep. Korea
130.63999970690955,42.39502427522179,96-2-1,Dem. Rep. Korea
130.6400000000001,42.39500000000004,96-2-1,Dem. Rep. Korea
130.77999231657833,42.22000960427719,96-2-1,Dem. Rep. Korea
130.40003055228902,42.28000356705971,96-2-1,Dem. Rep. Korea
129.96594852103726,41.94136790625106,96-2-1,Dem. Rep. Korea
129.66736209525482,41.60110443782523,96-2-1,Dem. Rep. Korea
129.70518924369247,40.88282786718433,96-2-1,Dem. Rep. Korea
129.18811486218,40.66180776627199,96-2-1,Dem. Rep. Korea
129.01039961152821,40.485436102859815,96-2-1,Dem. Rep. Korea
128.63336836152672,40.18984691015031,96-2-1,Dem. Rep. Korea
127.96741417858135,40.02541250259756,96-2-1,Dem. Rep. Korea
127.53343550019417,39.7568500839767,96-2-1,Dem. Rep. Korea
127.5021195822253,39.32393077245153,96-2-1,Dem. Rep. Korea
127.38543419811027,39.213472398427655,96-2-1,Dem. Rep. Korea
127.78334272675772,39.05089834243742,96-2-1,Dem. Rep. Korea
128.34971642467661,38.61224294692785,96-2-1,Dem. Rep. Korea
128.20574588431145,38.37039724380189,96-2-1,Dem. Rep. Korea
127.78003543509101,38.30453563084589,96-2-1,Dem. Rep. Korea
127.07330854706737,38.2561148137884,96-2-1,Dem. Rep. Korea
126.68371992401893,37.80477285415118,96-2-1,Dem. Rep. Korea
126.23733890188176,37.84037791600028,96-2-1,Dem. Rep. Korea
126.17475874237624,37.74968577732804,96-2-1,Dem. Rep. Korea
125.68910363169721,37.94001007745902,96-2-1,Dem. Rep. Korea
125.5684391622957,37.75208873142962,96-2-1,Dem. Rep. Korea
125.2753304383362,37.669070542952724,96-2-1,Dem. Rep. Korea
125.24008711151316,37.85722443292744,96-2-1,Dem. Rep. Korea
124.98103315643397,37.94882090916478,96-2-1,Dem. Rep. Korea
124.71216067921938,38.10834605564979,96-2-1,Dem. Rep. Korea
124.98599409393398,38.54847422947968,96-2-1,Dem. Rep. Korea
125.2219486837787,38.66585724543067,96-2-1,Dem. Rep. Korea
125.13285851450752,38.84855927179859,96-2-1,Dem. Rep. Korea
125.3865897970606,39.387957872061165,96-2-1,Dem. Rep. Korea
125.32111575734682,39.55138458918421,96-2-1,Dem. Rep. Korea
124.7374821310424,39.66034434667162,96-2-1,Dem. Rep. Korea
124.26562462778531,39.928493353834156,96-2-1,Dem. Rep. Korea
125.07994184784064,40.56982371679245,96-2-1,Dem. Rep. Korea
126.18204511932943,41.10733612727637,96-2-1,Dem. Rep. Korea
126.86908328664987,41.81656932226619,96-2-1,Dem. Rep. Korea
127.34378299368302,41.50315176041597,96-2-1,Dem. Rep. Korea
128.20843305879066,41.46677155208249,96-2-1,Dem. Rep. Korea
128.0522152039723,41.99428457291795,96-2-1,Dem. Rep. Korea
129.59666873587952,42.42498179785456,96-2-1,Dem. Rep. Korea
129.99426720593323,42.985386867843786,96-2-1,Dem. Rep. Korea
130.63999970690955,42.39502427522179,96-2-1,Dem. Rep. Korea
126.17475874237624,37.74968577732804,97-1-1,Republic of Korea
126.23733890188176,37.84037791600028,97-1-1,Republic of Korea
126.68371992401893,37.80477285415118,97-1-1,Republic of Korea
127.07330854706737,38.2561148137884,97-1-1,Republic of Korea
127.78003543509101,38.30453563084589,97-1-1,Republic of Korea
128.20574588431145,38.37039724380189,97-1-1,Republic of Korea
128.34971642467661,38.61224294692785,97-1-1,Republic of Korea
129.21291954968007,37.43239248305595,97-1-1,Republic of Korea
129.46044966035817,36.78418915460283,97-1-1,Republic of Korea
129.4683044780665,35.63214061130395,97-1-1,Republic of Korea
129.0913765809296,35.082484239231434,97-1-1,Republic of Korea
128.1858504578791,34.89037710218639,97-1-1,Republic of Korea
127.3865194031884,34.47567373304412,97-1-1,Republic of Korea
126.48574751190876,34.39004588473648,97-1-1,Republic of Korea
126.37391971242914,34.934560451795946,97-1-1,Republic of Korea
126.55923139862779,35.6845405136479,97-1-1,Republic of Korea
126.11739790253229,36.72548472751926,97-1-1,Republic of Korea
126.86014326386339,36.893924058574626,97-1-1,Republic of Korea
126.17475874237624,37.74968577732804,97-1-1,Republic of Korea
87.75126427607671,49.297197984405486,98-1-1,Mongolia
88.80556684769552,49.47052073831242,98-1-1,Mongolia
90.71366743364068,50.33181183532109,98-1-1,Mongolia
92.23471154171968,50.80217072204172,98-1-1,Mongolia
93.10421000000002,50.49529000000001,98-1-1,Mongolia
94.14756635943559,50.48053660745717,98-1-1,Mongolia
94.81594933469873,50.01343333597085,98-1-1,Mongolia
95.8140200000002,49.97746000000012,98-1-1,Mongolia
97.25976000000014,49.72605000000004,98-1-1,Mongolia
98.23176150919156,50.422400621128745,98-1-1,Mongolia
97.82573978067431,51.01099518493318,98-1-1,Mongolia
98.86149051310034,52.04736603454669,98-1-1,Mongolia
99.98173221232354,51.63400625264399,98-1-1,Mongolia
100.88948042196262,51.51685578063832,98-1-1,Mongolia
102.06521000000004,51.25991000000005,98-1-1,Mongolia
102.25589000000008,50.51056000000011,98-1-1,Mongolia
103.67654544476022,50.089966132195116,98-1-1,Mongolia
104.62158,50.27532000000019,98-1-1,Mongolia
105.88659142458675,50.406019192092224,98-1-1,Mongolia
106.8888041524553,50.27429596618032,98-1-1,Mongolia
107.86817589725095,49.793705145865815,98-1-1,Mongolia
108.47516727095129,49.28254771585074,98-1-1,Mongolia
109.40244917199664,49.292960516957635,98-1-1,Mongolia
110.66201053267878,49.13012807880585,98-1-1,Mongolia
111.58123091028662,49.37796824807769,98-1-1,Mongolia
112.89773969935436,49.54356537535699,98-1-1,Mongolia
114.36245649623527,50.248302720737414,98-1-1,Mongolia
114.96210981655018,50.140247300815126,98-1-1,Mongolia
115.48569542853136,49.80517731383475,98-1-1,Mongolia
116.67880089728612,49.888531399121405,98-1-1,Mongolia
116.19180219936757,49.134598090199106,98-1-1,Mongolia
115.48528201707306,48.13538259540344,98-1-1,Mongolia
115.74283735561579,47.72654450132629,98-1-1,Mongolia
116.30895267137323,47.85341014260284,98-1-1,Mongolia
117.29550744025741,47.69770905210743,98-1-1,Mongolia
118.06414269416672,48.06673045510369,98-1-1,Mongolia
118.86657433479495,47.74706004494617,98-1-1,Mongolia
119.7728239278975,47.04805878355013,98-1-1,Mongolia
119.66326989143876,46.69267995867892,98-1-1,Mongolia
118.87432579963873,46.80541209572365,98-1-1,Mongolia
117.42170128791419,46.67273285581426,98-1-1,Mongolia
116.71786828009886,46.38820241961521,98-1-1,Mongolia
115.98509647020009,45.727235012386004,98-1-1,Mongolia
114.46033165899607,45.339816799493825,98-1-1,Mongolia
113.46390669154417,44.80889313412712,98-1-1,Mongolia
112.43606245325881,45.01164561622429,98-1-1,Mongolia
111.8733061056003,45.10207937273506,98-1-1,Mongolia
111.34837690637946,44.45744171811009,98-1-1,Mongolia
111.66773725794323,44.07317576758771,98-1-1,Mongolia
111.82958784388137,43.74311839453952,98-1-1,Mongolia
111.12968224492023,43.40683401140015,98-1-1,Mongolia
110.41210330611528,42.87123362891103,98-1-1,Mongolia
109.24359581913146,42.5194463160841,98-1-1,Mongolia
107.74477257693795,42.48151581478187,98-1-1,Mongolia
106.12931562706169,42.13432770442891,98-1-1,Mongolia
104.96499393109347,41.59740957291635,98-1-1,Mongolia
104.52228193564899,41.908346666016556,98-1-1,Mongolia
103.31227827353482,41.9074681666676,98-1-1,Mongolia
101.83304039917994,42.51487295182628,98-1-1,Mongolia
100.84586551310827,42.66380442969145,98-1-1,Mongolia
99.51581749878004,42.524691473961724,98-1-1,Mongolia
97.45175744017801,42.74888967546002,98-1-1,Mongolia
96.34939578652781,42.725635280928685,98-1-1,Mongolia
95.76245486855669,43.319449164394605,98-1-1,Mongolia
95.30687544147153,44.24133087826547,98-1-1,Mongolia
94.68892866412533,44.35233185482842,98-1-1,Mongolia
93.4807336771413,44.975472113619965,98-1-1,Mongolia
92.13389082231822,45.11507599545646,98-1-1,Mongolia
90.9455395853343,45.28607330991028,98-1-1,Mongolia
90.58576826371828,45.71971609148753,98-1-1,Mongolia
90.97080936072501,46.88814606382293,98-1-1,Mongolia
90.28082563676392,47.69354909930793,98-1-1,Mongolia
88.85429772334676,48.069081732772965,98-1-1,Mongolia
88.01383222855173,48.599462795600616,98-1-1,Mongolia
87.75126427607671,49.297197984405486,98-1-1,Mongolia
97.32711388549004,28.26158274994634,99-1-1,India
97.40256147663614,27.882536119085444,99-1-1,India
97.0519885599681,27.69905894623315,99-1-1,India
97.1339990580153,27.083773505149964,99-1-1,India
96.41936567585097,27.264589341739224,99-1-1,India
95.12476769407496,26.5735720891323,99-1-1,India
95.1551534362626,26.001307277932085,99-1-1,India
94.60324913938538,25.162495428970402,99-1-1,India
94.55265791217164,24.675238348890336,99-1-1,India
94.10674197792507,23.85074087167348,99-1-1,India
93.3251876159428,24.078556423432204,99-1-1,India
93.28632693885928,23.043658352139005,99-1-1,India
93.06029422401463,22.70311066333557,99-1-1,India
93.16612755734837,22.278459580977103,99-1-1,India
92.67272098182556,22.041238918541254,99-1-1,India
92.14603478390681,23.627498684172593,99-1-1,India
91.86992760617132,23.624346421802784,99-1-1,India
91.70647505083211,22.985263983649187,99-1-1,India
91.15896325069973,23.50352692310439,99-1-1,India
91.46772993364368,24.072639471934792,99-1-1,India
91.91509280799443,24.130413723237112,99-1-1,India
92.37620161333481,24.976692816664965,99-1-1,India
91.79959598182208,25.147431748957317,99-1-1,India
90.87221072791212,25.132600612889547,99-1-1,India
89.92069258012185,25.26974986419218,99-1-1,India
89.83248091019962,25.96508209889548,99-1-1,India
89.35509402868729,26.014407253518073,99-1-1,India
88.56304935094977,26.446525580342723,99-1-1,India
88.2097892598025,25.768065700782714,99-1-1,India
88.93155398962308,25.238692328384776,99-1-1,India
88.30637251175602,24.866079413344206,99-1-1,India
88.08442223506242,24.501657212821925,99-1-1,India
88.69994022009092,24.23371491138856,99-1-1,India
88.52976972855379,23.631141872649167,99-1-1,India
88.87631188350309,22.87914642993783,99-1-1,India
89.03196129756623,22.055708319582976,99-1-1,India
88.88876590368542,21.690588487224748,99-1-1,India
88.20849734899522,21.703171698487807,99-1-1,India
86.97570438024027,21.49556163175521,99-1-1,India
87.03316857294887,20.743307806882413,99-1-1,India
86.49935102737379,20.151638495356607,99-1-1,India
85.0602657409097,19.4785788029711,99-1-1,India
83.94100589390001,18.302009792549725,99-1-1,India
83.18921715691785,17.67122142177898,99-1-1,India
82.19279218946592,17.016636053937816,99-1-1,India
82.19124189649719,16.556664130107848,99-1-1,India
81.69271935417748,16.310219224507904,99-1-1,India
80.79199913933014,15.951972357644493,99-1-1,India
80.32489586784388,15.89918488205835,99-1-1,India
80.02506920768644,15.136414903214147,99-1-1,India
80.2332735533904,13.835770778859981,99-1-1,India
80.28629357292186,13.006260687710835,99-1-1,India
79.8625468281285,12.056215318240888,99-1-1,India
79.85799930208682,10.35727509199711,99-1-1,India
79.340511509116,10.30885427493962,99-1-1,India
78.88534549348918,9.546135972527722,99-1-1,India
79.1897196796883,9.216543687370148,99-1-1,India
78.2779407083305,8.933046779816934,99-1-1,India
77.94116539908435,8.252959092639742,99-1-1,India
77.53989790233794,7.965534776232332,99-1-1,India
76.59297895702167,8.89927623131419,99-1-1,India
76.13006147655108,10.299630031775521,99-1-1,India
75.7464673196485,11.308250637248307,99-1-1,India
75.39610110870959,11.781245022015824,99-1-1,India
74.86481570831683,12.741935736537897,99-1-1,India
74.61671715688354,13.99258291264968,99-1-1,India
74.44385949086723,14.617221787977698,99-1-1,India
73.5341992532334,15.99065216721496,99-1-1,India
73.11990929554943,17.928570054592498,99-1-1,India
72.82090945830865,19.208233547436166,99-1-1,India
72.8244751321368,20.419503282141534,99-1-1,India
72.6305334817454,21.356009426351008,99-1-1,India
71.17527347197395,20.757441311114235,99-1-1,India
70.4704586119451,20.877330634031384,99-1-1,India
69.16413008003883,22.0892980005727,99-1-1,India
69.6449276060824,22.450774644454338,99-1-1,India
69.34959679553435,22.84317963306269,99-1-1,India
68.1766451353734,23.69196503345671,99-1-1,India
68.84259931831878,24.35913361256094,99-1-1,India
71.04324018746823,24.3565239527302,99-1-1,India
70.84469933460284,25.21510203704352,99-1-1,India
70.2828731627256,25.72222870533983,99-1-1,India
70.16892662952202,26.491871649678842,99-1-1,India
69.51439293811313,26.940965684511372,99-1-1,India
70.61649620960193,27.989196275335868,99-1-1,India
71.77766564320032,27.913180243434525,99-1-1,India
72.8237516620847,28.961591701772054,99-1-1,India
73.45063846221743,29.97641347911987,99-1-1,India
74.42138024282028,30.979814764931177,99-1-1,India
74.40592898956501,31.69263947196528,99-1-1,India
75.25864179881322,32.2711054550405,99-1-1,India
74.45155927927871,32.7648996038055,99-1-1,India
74.10429365427734,33.44147329358685,99-1-1,India
73.74994835805197,34.31769887952785,99-1-1,India
74.24020267120497,34.748887030571254,99-1-1,India
75.75706098826834,34.50492259372132,99-1-1,India
76.87172163280403,34.65354401299274,99-1-1,India
77.83745079947457,35.494009507787766,99-1-1,India
78.91226891471322,34.32193634697579,99-1-1,India
78.81108646028574,33.50619802503242,99-1-1,India
79.20889163606859,32.994394639613716,99-1-1,India
79.17612877799553,32.48377981213771,99-1-1,India
78.45844648632601,32.61816437431273,99-1-1,India
78.73889448437401,31.515906073527063,99-1-1,India
79.7213668151071,30.88271474865473,99-1-1,India
81.11125613802932,30.183480943313402,99-1-1,India
80.4767212259174,29.72986522065534,99-1-1,India
80.08842451367627,28.79447011974014,99-1-1,India
81.05720258985203,28.416095282499043,99-1-1,India
81.99998742058497,27.925479234319994,99-1-1,India
83.30424889519955,27.36450572357556,99-1-1,India
84.6750179381738,27.234901231387536,99-1-1,India
85.25177859898338,26.726198431906344,99-1-1,India
86.02439293817918,26.63098460540857,99-1-1,India
87.2274719583663,26.397898057556077,99-1-1,India
88.06023766474982,26.41461538340249,99-1-1,India
88.17480431514092,26.81040517832595,99-1-1,India
88.04313276566123,27.445818589786825,99-1-1,India
88.12044070836987,27.876541652939594,99-1-1,India
88.73032596227856,28.086864732367516,99-1-1,India
88.81424848832056,27.299315904239364,99-1-1,India
88.83564253128938,27.098966376243762,99-1-1,India
89.74452762243885,26.719402981059957,99-1-1,India
90.37327477413407,26.87572418874288,99-1-1,India
91.21751264848643,26.808648179628022,99-1-1,India
92.03348351437509,26.83831045176356,99-1-1,India
92.10371178585974,27.452614040633208,99-1-1,India
91.69665652869668,27.771741848251665,99-1-1,India
92.50311893104364,27.89687632904645,99-1-1,India
93.41334760943269,28.640629380807226,99-1-1,India
94.56599043170294,29.277438055939985,99-1-1,India
95.40480228066464,29.03171662039213,99-1-1,India
96.11767866413103,29.452802028922466,99-1-1,India
96.58659061074749,28.83097951915434,99-1-1,India
96.24883344928779,28.411030992134442,99-1-1,India
97.32711388549004,28.26158274994634,99-1-1,India
92.67272098182556,22.041238918541254,100-1-1,Bangladesh
92.65225711463799,21.324047552978485,100-1-1,Bangladesh
92.30323449093868,21.47548533780982,100-1-1,Bangladesh
92.36855350135562,20.670883287025347,100-1-1,Bangladesh
92.08288618364614,21.19219513598577,100-1-1,Bangladesh
92.02521528520839,21.701569729086767,100-1-1,Bangladesh
91.83489098507744,22.182935695885565,100-1-1,Bangladesh
91.41708702999766,22.76501902922122,100-1-1,Bangladesh
90.49600630082728,22.80501658781513,100-1-1,Bangladesh
90.58695682166098,22.392793687422866,100-1-1,Bangladesh
90.27297081905556,21.83636770272011,100-1-1,Bangladesh
89.84746707556428,22.039146023033425,100-1-1,Bangladesh
89.70204959509493,21.857115790285306,100-1-1,Bangladesh
89.41886274613549,21.9661789006373,100-1-1,Bangladesh
89.03196129756623,22.055708319582976,100-1-1,Bangladesh
88.87631188350309,22.87914642993783,100-1-1,Bangladesh
88.52976972855379,23.631141872649167,100-1-1,Bangladesh
88.69994022009092,24.23371491138856,100-1-1,Bangladesh
88.08442223506242,24.501657212821925,100-1-1,Bangladesh
88.30637251175602,24.866079413344206,100-1-1,Bangladesh
88.93155398962308,25.238692328384776,100-1-1,Bangladesh
88.2097892598025,25.768065700782714,100-1-1,Bangladesh
88.56304935094977,26.446525580342723,100-1-1,Bangladesh
89.35509402868729,26.014407253518073,100-1-1,Bangladesh
89.83248091019962,25.96508209889548,100-1-1,Bangladesh
89.92069258012185,25.26974986419218,100-1-1,Bangladesh
90.87221072791212,25.132600612889547,100-1-1,Bangladesh
91.79959598182208,25.147431748957317,100-1-1,Bangladesh
92.37620161333481,24.976692816664965,100-1-1,Bangladesh
91.91509280799443,24.130413723237112,100-1-1,Bangladesh
91.46772993364368,24.072639471934792,100-1-1,Bangladesh
91.15896325069973,23.50352692310439,100-1-1,Bangladesh
91.70647505083211,22.985263983649187,100-1-1,Bangladesh
91.86992760617132,23.624346421802784,100-1-1,Bangladesh
92.14603478390681,23.627498684172593,100-1-1,Bangladesh
92.67272098182556,22.041238918541254,100-1-1,Bangladesh
91.69665652869668,27.771741848251665,101-1-1,Bhutan
92.10371178585974,27.452614040633208,101-1-1,Bhutan
92.03348351437509,26.83831045176356,101-1-1,Bhutan
91.21751264848643,26.808648179628022,101-1-1,Bhutan
90.37327477413407,26.87572418874288,101-1-1,Bhutan
89.74452762243885,26.719402981059957,101-1-1,Bhutan
88.83564253128938,27.098966376243762,101-1-1,Bhutan
88.81424848832056,27.299315904239364,101-1-1,Bhutan
89.47581017452111,28.042758897406397,101-1-1,Bhutan
90.01582889197118,28.296438503527217,101-1-1,Bhutan
90.7305139505678,28.064953925075756,101-1-1,Bhutan
91.25885379431992,28.040614325466294,101-1-1,Bhutan
91.69665652869668,27.771741848251665,101-1-1,Bhutan
88.12044070836987,27.876541652939594,102-1-1,Nepal
88.04313276566123,27.445818589786825,102-1-1,Nepal
88.17480431514092,26.81040517832595,102-1-1,Nepal
88.06023766474982,26.41461538340249,102-1-1,Nepal
87.2274719583663,26.397898057556077,102-1-1,Nepal
86.02439293817918,26.63098460540857,102-1-1,Nepal
85.25177859898338,26.726198431906344,102-1-1,Nepal
84.6750179381738,27.234901231387536,102-1-1,Nepal
83.30424889519955,27.36450572357556,102-1-1,Nepal
81.99998742058497,27.925479234319994,102-1-1,Nepal
81.05720258985203,28.416095282499043,102-1-1,Nepal
80.08842451367627,28.79447011974014,102-1-1,Nepal
80.4767212259174,29.72986522065534,102-1-1,Nepal
81.11125613802932,30.183480943313402,102-1-1,Nepal
81.52580447787474,30.42271698660863,102-1-1,Nepal
82.32751264845088,30.115268052688137,102-1-1,Nepal
83.33711510613719,29.463731594352197,102-1-1,Nepal
83.89899295444673,29.320226141877658,102-1-1,Nepal
84.23457970575015,28.839893703724698,102-1-1,Nepal
85.01163821812304,28.642773952747344,102-1-1,Nepal
85.82331994013151,28.203575954698707,102-1-1,Nepal
86.9545170430006,27.974261786403517,102-1-1,Nepal
88.12044070836987,27.876541652939594,102-1-1,Nepal
77.83745079947457,35.494009507787766,103-1-1,Pakistan
76.87172163280403,34.65354401299274,103-1-1,Pakistan
75.75706098826834,34.50492259372132,103-1-1,Pakistan
74.24020267120497,34.748887030571254,103-1-1,Pakistan
73.74994835805197,34.31769887952785,103-1-1,Pakistan
74.10429365427734,33.44147329358685,103-1-1,Pakistan
74.45155927927871,32.7648996038055,103-1-1,Pakistan
75.25864179881322,32.2711054550405,103-1-1,Pakistan
74.40592898956501,31.69263947196528,103-1-1,Pakistan
74.42138024282028,30.979814764931177,103-1-1,Pakistan
73.45063846221743,29.97641347911987,103-1-1,Pakistan
72.8237516620847,28.961591701772054,103-1-1,Pakistan
71.77766564320032,27.913180243434525,103-1-1,Pakistan
70.61649620960193,27.989196275335868,103-1-1,Pakistan
69.51439293811313,26.940965684511372,103-1-1,Pakistan
70.16892662952202,26.491871649678842,103-1-1,Pakistan
70.2828731627256,25.72222870533983,103-1-1,Pakistan
70.84469933460284,25.21510203704352,103-1-1,Pakistan
71.04324018746823,24.3565239527302,103-1-1,Pakistan
68.84259931831878,24.35913361256094,103-1-1,Pakistan
68.1766451353734,23.69196503345671,103-1-1,Pakistan
67.44366661974547,23.94484365487699,103-1-1,Pakistan
67.14544192898907,24.663611151624647,103-1-1,Pakistan
66.37282758979327,25.42514089609385,103-1-1,Pakistan
64.53040774929113,25.23703868255143,103-1-1,Pakistan
62.90570071803461,25.21840932871021,103-1-1,Pakistan
61.49736290878419,25.0782370061185,103-1-1,Pakistan
61.87418745305655,26.239974880472104,103-1-1,Pakistan
63.31663170761959,26.756532497661667,103-1-1,Pakistan
63.2338977395203,27.21704702403071,103-1-1,Pakistan
62.75542565292986,27.378923448184988,103-1-1,Pakistan
62.72783043808599,28.25964488373539,103-1-1,Pakistan
61.77186811711863,28.6993338078908,103-1-1,Pakistan
61.36930870956494,29.303276272085924,103-1-1,Pakistan
60.87424848820879,29.829238999952608,103-1-1,Pakistan
62.54985680527278,29.31857249604431,103-1-1,Pakistan
63.55026085801117,29.468330796826166,103-1-1,Pakistan
64.14800215033125,29.340819200145972,103-1-1,Pakistan
64.35041873561852,29.560030625928093,103-1-1,Pakistan
65.0468620136161,29.472180691031905,103-1-1,Pakistan
66.34647260932442,29.887943427036177,103-1-1,Pakistan
66.38145755398602,30.738899237586452,103-1-1,Pakistan
66.93889122911847,31.304911200479353,103-1-1,Pakistan
67.68339358914747,31.30315420178142,103-1-1,Pakistan
67.79268924344478,31.58293040620963,103-1-1,Pakistan
68.55693200060932,31.713310044882018,103-1-1,Pakistan
68.92667687365767,31.620189113892067,103-1-1,Pakistan
69.31776411324256,31.901412258424443,103-1-1,Pakistan
69.26252200712256,32.5019440780883,103-1-1,Pakistan
69.68714725126486,33.105498969041236,103-1-1,Pakistan
70.3235941913716,33.35853261975839,103-1-1,Pakistan
69.9305432473596,34.02012014417511,103-1-1,Pakistan
70.8818030129884,33.98885590263852,103-1-1,Pakistan
71.15677330921346,34.34891144463215,103-1-1,Pakistan
71.11501875192164,34.733125718722235,103-1-1,Pakistan
71.61307620635071,35.153203436822864,103-1-1,Pakistan
71.49876793812109,35.650563259416,103-1-1,Pakistan
71.26234826038575,36.074387518857804,103-1-1,Pakistan
71.84629194528392,36.50994232842986,103-1-1,Pakistan
72.92002485544447,36.72000702569632,103-1-1,Pakistan
74.06755171091783,36.83617564548845,103-1-1,Pakistan
74.57589277537298,37.02084137628346,103-1-1,Pakistan
75.15802778514092,37.13303091078912,103-1-1,Pakistan
75.89689741405013,36.666806138651836,103-1-1,Pakistan
76.19284834178569,35.89840342868783,103-1-1,Pakistan
77.83745079947457,35.494009507787766,103-1-1,Pakistan
66.51860680528867,37.36278432875879,104-1-1,Afghanistan
67.07578209825962,37.35614390720929,104-1-1,Afghanistan
67.82999962755952,37.144994004864685,104-1-1,Afghanistan
68.13556237170138,37.02311513930431,104-1-1,Afghanistan
68.85944583524594,37.344335842430596,104-1-1,Afghanistan
69.19627282092438,37.15114350030743,104-1-1,Afghanistan
69.51878543485796,37.60899669041342,104-1-1,Afghanistan
70.11657840361033,37.58822276463209,104-1-1,Afghanistan
70.27057417184014,37.735164699854025,104-1-1,Afghanistan
70.3763041523093,38.13839590102752,104-1-1,Afghanistan
70.80682050973289,38.486281643216415,104-1-1,Afghanistan
71.34813113799026,38.25890534113216,104-1-1,Afghanistan
71.23940392444817,37.953265082341886,104-1-1,Afghanistan
71.54191775908478,37.905774441065645,104-1-1,Afghanistan
71.44869347523024,37.06564484308052,104-1-1,Afghanistan
71.8446382994506,36.73817129164692,104-1-1,Afghanistan
72.1930408059624,36.948287665345674,104-1-1,Afghanistan
72.63688968291729,37.047558091778356,104-1-1,Afghanistan
73.26005577992501,37.495256862939,104-1-1,Afghanistan
73.9486959166465,37.4215662704908,104-1-1,Afghanistan
74.98000247589542,37.419990139305895,104-1-1,Afghanistan
75.15802778514092,37.13303091078912,104-1-1,Afghanistan
74.57589277537298,37.02084137628346,104-1-1,Afghanistan
74.06755171091783,36.83617564548845,104-1-1,Afghanistan
72.92002485544447,36.72000702569632,104-1-1,Afghanistan
71.84629194528392,36.50994232842986,104-1-1,Afghanistan
71.26234826038575,36.074387518857804,104-1-1,Afghanistan
71.49876793812109,35.650563259416,104-1-1,Afghanistan
71.61307620635071,35.153203436822864,104-1-1,Afghanistan
71.11501875192164,34.733125718722235,104-1-1,Afghanistan
71.15677330921346,34.34891144463215,104-1-1,Afghanistan
70.8818030129884,33.98885590263852,104-1-1,Afghanistan
69.9305432473596,34.02012014417511,104-1-1,Afghanistan
70.3235941913716,33.35853261975839,104-1-1,Afghanistan
69.68714725126486,33.105498969041236,104-1-1,Afghanistan
69.26252200712256,32.5019440780883,104-1-1,Afghanistan
69.31776411324256,31.901412258424443,104-1-1,Afghanistan
68.92667687365767,31.620189113892067,104-1-1,Afghanistan
68.55693200060932,31.713310044882018,104-1-1,Afghanistan
67.79268924344478,31.58293040620963,104-1-1,Afghanistan
67.68339358914747,31.30315420178142,104-1-1,Afghanistan
66.93889122911847,31.304911200479353,104-1-1,Afghanistan
66.38145755398602,30.738899237586452,104-1-1,Afghanistan
66.34647260932442,29.887943427036177,104-1-1,Afghanistan
65.0468620136161,29.472180691031905,104-1-1,Afghanistan
64.35041873561852,29.560030625928093,104-1-1,Afghanistan
64.14800215033125,29.340819200145972,104-1-1,Afghanistan
63.55026085801117,29.468330796826166,104-1-1,Afghanistan
62.54985680527278,29.31857249604431,104-1-1,Afghanistan
60.87424848820879,29.829238999952608,104-1-1,Afghanistan
61.781221551363444,30.735850328081238,104-1-1,Afghanistan
61.69931440618083,31.379506130492672,104-1-1,Afghanistan
60.94194461451113,31.548074652628753,104-1-1,Afghanistan
60.863654819588966,32.18291962333443,104-1-1,Afghanistan
60.536077915290775,32.98126882581157,104-1-1,Afghanistan
60.963700392506006,33.52883230237626,104-1-1,Afghanistan
60.52842980331158,33.676446031218006,104-1-1,Afghanistan
60.80319339380745,34.40410187431986,104-1-1,Afghanistan
61.210817091725744,35.650072333309225,104-1-1,Afghanistan
62.230651483005886,35.270663967422294,104-1-1,Afghanistan
62.98466230657661,35.40404083916762,104-1-1,Afghanistan
63.19353844590035,35.857165635718914,104-1-1,Afghanistan
63.98289594915871,36.0079574651466,104-1-1,Afghanistan
64.5464791197339,36.31207326918427,104-1-1,Afghanistan
64.7461051776774,37.111817735333304,104-1-1,Afghanistan
65.58894778835784,37.30521678318564,104-1-1,Afghanistan
65.74563073106683,37.66116404881207,104-1-1,Afghanistan
66.21738488145934,37.39379018813392,104-1-1,Afghanistan
66.51860680528867,37.36278432875879,104-1-1,Afghanistan
67.82999962755952,37.144994004864685,105-1-1,Tajikistan
68.39203250516596,38.15702525486874,105-1-1,Tajikistan
68.17602501818592,38.901553453113905,105-1-1,Tajikistan
67.44221967964131,39.140143541005486,105-1-1,Tajikistan
67.70142866401736,39.58047842056453,105-1-1,Tajikistan
68.53641645698943,39.53345286717894,105-1-1,Tajikistan
69.0116329283455,40.08615814875667,105-1-1,Tajikistan
69.32949466337283,40.72782440852485,105-1-1,Tajikistan
70.66662234892505,40.960213324541414,105-1-1,Tajikistan
70.45815962105962,40.49649485937029,105-1-1,Tajikistan
70.60140669137269,40.21852733007229,105-1-1,Tajikistan
71.01419803252017,40.24436554621823,105-1-1,Tajikistan
70.64801883329997,39.93575389257117,105-1-1,Tajikistan
69.55960981636852,40.10321137141298,105-1-1,Tajikistan
69.46488691597753,39.5266832545487,105-1-1,Tajikistan
70.54916181832562,39.6041979029865,105-1-1,Tajikistan
71.784693637992,39.27946320246437,105-1-1,Tajikistan
73.6753792662548,39.4312368841056,105-1-1,Tajikistan
73.92885216664644,38.50581533462274,105-1-1,Tajikistan
74.25751427602273,38.60650686294345,105-1-1,Tajikistan
74.86481570831683,38.3788463404816,105-1-1,Tajikistan
74.8299857929521,37.9900070257014,105-1-1,Tajikistan
74.98000247589542,37.419990139305895,105-1-1,Tajikistan
73.9486959166465,37.4215662704908,105-1-1,Tajikistan
73.26005577992501,37.495256862939,105-1-1,Tajikistan
72.63688968291729,37.047558091778356,105-1-1,Tajikistan
72.1930408059624,36.948287665345674,105-1-1,Tajikistan
71.8446382994506,36.73817129164692,105-1-1,Tajikistan
71.44869347523024,37.06564484308052,105-1-1,Tajikistan
71.54191775908478,37.905774441065645,105-1-1,Tajikistan
71.23940392444817,37.953265082341886,105-1-1,Tajikistan
71.34813113799026,38.25890534113216,105-1-1,Tajikistan
70.80682050973289,38.486281643216415,105-1-1,Tajikistan
70.3763041523093,38.13839590102752,105-1-1,Tajikistan
70.27057417184014,37.735164699854025,105-1-1,Tajikistan
70.11657840361033,37.58822276463209,105-1-1,Tajikistan
69.51878543485796,37.60899669041342,105-1-1,Tajikistan
69.19627282092438,37.15114350030743,105-1-1,Tajikistan
68.85944583524594,37.344335842430596,105-1-1,Tajikistan
68.13556237170138,37.02311513930431,105-1-1,Tajikistan
67.82999962755952,37.144994004864685,105-1-1,Tajikistan
70.96231489449914,42.266154283205495,106-1-1,Kyrgyzstan
71.18628055205212,42.70429291439214,106-1-1,Kyrgyzstan
71.8446382994506,42.8453954127651,106-1-1,Kyrgyzstan
73.48975752146237,42.50089447689132,106-1-1,Kyrgyzstan
73.64530358266092,43.09127187760987,106-1-1,Kyrgyzstan
74.21286583852256,43.29833934180337,106-1-1,Kyrgyzstan
75.63696495962202,42.87789988867668,106-1-1,Kyrgyzstan
76.00035363149846,42.98802236589067,106-1-1,Kyrgyzstan
77.65839196158322,42.96068553320826,106-1-1,Kyrgyzstan
79.14217736197978,42.85609243424952,106-1-1,Kyrgyzstan
79.64364546094012,42.49668284765953,106-1-1,Kyrgyzstan
80.2599902688853,42.34999929459906,106-1-1,Kyrgyzstan
80.11943037305139,42.12394074153825,106-1-1,Kyrgyzstan
78.54366092317531,41.58224254003869,106-1-1,Kyrgyzstan
78.18719689322597,41.185315863604806,106-1-1,Kyrgyzstan
76.90448449087708,41.06648590754965,106-1-1,Kyrgyzstan
76.52636803579745,40.42794607193512,106-1-1,Kyrgyzstan
75.4678279967307,40.56207225194867,106-1-1,Kyrgyzstan
74.77686242055606,40.36642527929163,106-1-1,Kyrgyzstan
73.8222436868283,39.893973497063186,106-1-1,Kyrgyzstan
73.96001305531843,39.660008449861735,106-1-1,Kyrgyzstan
73.6753792662548,39.4312368841056,106-1-1,Kyrgyzstan
71.784693637992,39.27946320246437,106-1-1,Kyrgyzstan
70.54916181832562,39.6041979029865,106-1-1,Kyrgyzstan
69.46488691597753,39.5266832545487,106-1-1,Kyrgyzstan
69.55960981636852,40.10321137141298,106-1-1,Kyrgyzstan
70.64801883329997,39.93575389257117,106-1-1,Kyrgyzstan
71.01419803252017,40.24436554621823,106-1-1,Kyrgyzstan
71.77487511585656,40.14584442805378,106-1-1,Kyrgyzstan
73.05541710804917,40.866033026689465,106-1-1,Kyrgyzstan
71.87011478057047,41.392900092121266,106-1-1,Kyrgyzstan
71.1578585142916,41.14358714452912,106-1-1,Kyrgyzstan
70.42002241402821,41.51999827734314,106-1-1,Kyrgyzstan
71.25924767444823,42.16771067968946,106-1-1,Kyrgyzstan
70.96231489449914,42.266154283205495,106-1-1,Kyrgyzstan
52.50245975119615,41.78331553808637,107-1-1,Turkmenistan
52.944293247291654,42.11603424739759,107-1-1,Turkmenistan
54.07941775901495,42.32410940202083,107-1-1,Turkmenistan
54.75534549339264,42.043971462566574,107-1-1,Turkmenistan
55.45525109235377,41.25985911718584,107-1-1,Turkmenistan
55.96819135928291,41.30864166926936,107-1-1,Turkmenistan
57.0963912290791,41.32231008561057,107-1-1,Turkmenistan
56.932215203687804,41.826026109375604,107-1-1,Turkmenistan
57.78652998233708,42.17055288346552,107-1-1,Turkmenistan
58.62901085799146,42.75155101172305,107-1-1,Turkmenistan
59.976422153569786,42.22308197689021,107-1-1,Turkmenistan
60.083340691981675,41.425146185871405,107-1-1,Turkmenistan
60.465952996670694,41.22032664648255,107-1-1,Turkmenistan
61.54717898951356,41.266370347654615,107-1-1,Turkmenistan
61.88271406438469,41.084856879229406,107-1-1,Turkmenistan
62.374260288345006,40.05388621679039,107-1-1,Turkmenistan
63.51801476426103,39.36325653742564,107-1-1,Turkmenistan
64.17022301621677,38.892406724598246,107-1-1,Turkmenistan
65.2159989765074,38.4026950139843,107-1-1,Turkmenistan
66.54615034370022,37.97468496352687,107-1-1,Turkmenistan
66.51860680528867,37.36278432875879,107-1-1,Turkmenistan
66.21738488145934,37.39379018813392,107-1-1,Turkmenistan
65.74563073106683,37.66116404881207,107-1-1,Turkmenistan
65.58894778835784,37.30521678318564,107-1-1,Turkmenistan
64.7461051776774,37.111817735333304,107-1-1,Turkmenistan
64.5464791197339,36.31207326918427,107-1-1,Turkmenistan
63.98289594915871,36.0079574651466,107-1-1,Turkmenistan
63.19353844590035,35.857165635718914,107-1-1,Turkmenistan
62.98466230657661,35.40404083916762,107-1-1,Turkmenistan
62.230651483005886,35.270663967422294,107-1-1,Turkmenistan
61.210817091725744,35.650072333309225,107-1-1,Turkmenistan
61.123070509694145,36.491597194966246,107-1-1,Turkmenistan
60.37763797388388,36.52738312432837,107-1-1,Turkmenistan
59.23476199731681,37.41298798273034,107-1-1,Turkmenistan
58.436154412678206,37.5223094752438,107-1-1,Turkmenistan
57.330433790928986,38.02922943781094,107-1-1,Turkmenistan
56.61936608259282,38.121394354803485,107-1-1,Turkmenistan
56.18037479027333,37.93512665460743,107-1-1,Turkmenistan
55.51157840355191,37.96411713312317,107-1-1,Turkmenistan
54.800303989486565,37.392420762678185,107-1-1,Turkmenistan
53.92159793479556,37.19891836196126,107-1-1,Turkmenistan
53.73551110211252,37.90613617609169,107-1-1,Turkmenistan
53.880928582581845,38.95209300389536,107-1-1,Turkmenistan
53.1010278664329,39.29057363540713,107-1-1,Turkmenistan
53.35780805849123,39.97528636327445,107-1-1,Turkmenistan
52.69397260926982,40.03362905533197,107-1-1,Turkmenistan
52.915251092343624,40.87652334244473,107-1-1,Turkmenistan
53.858139275941134,40.63103445084218,107-1-1,Turkmenistan
54.73684533063215,40.95101491959346,107-1-1,Turkmenistan
54.008310988181314,41.55121084244742,107-1-1,Turkmenistan
53.72171349469059,42.12319143327003,107-1-1,Turkmenistan
52.916749708880076,41.86811656347733,107-1-1,Turkmenistan
52.81468875510362,41.13537059179471,107-1-1,Turkmenistan
52.50245975119615,41.78331553808637,107-1-1,Turkmenistan
48.567971225789755,29.926778265903522,108-1-1,Iran
48.0145683123761,30.452456773392598,108-1-1,Iran
48.004698113808324,30.985137437457244,108-1-1,Iran
47.68528608581227,30.984853217079632,108-1-1,Iran
47.8492037290421,31.70917593029867,108-1-1,Iran
47.33466149271191,32.46915538179911,108-1-1,Iran
46.10936160663932,33.017287299119005,108-1-1,Iran
45.41669070819904,33.967797756479584,108-1-1,Iran
45.64845950702809,34.748137722303014,108-1-1,Iran
46.15178795755094,35.09325877536429,108-1-1,Iran
46.0763403664048,35.67738332777549,108-1-1,Iran
45.42061811705321,35.977545884742824,108-1-1,Iran
44.77267710159504,37.17043692561684,108-1-1,Iran
44.77267,37.17045,108-1-1,Iran
44.22575564960053,37.97158437758935,108-1-1,Iran
44.421402622257546,38.28128123631454,108-1-1,Iran
44.10922529478234,39.4281362981681,108-1-1,Iran
44.79398969908195,39.71300263117705,108-1-1,Iran
44.95268802265031,39.33576467544637,108-1-1,Iran
45.45772179543877,38.87413910578306,108-1-1,Iran
46.14362308124882,38.74120148371222,108-1-1,Iran
46.50571984231797,38.770605373686294,108-1-1,Iran
47.685079380083096,39.50836395930122,108-1-1,Iran
48.06009524922524,39.58223541926246,108-1-1,Iran
48.35552941263788,39.28876496027691,108-1-1,Iran
48.01074425638648,38.79401479751452,108-1-1,Iran
48.63437544128482,38.27037750910097,108-1-1,Iran
48.88324913920249,38.32024526626262,108-1-1,Iran
49.19961225769334,37.582874253889884,108-1-1,Iran
50.14777143738462,37.37456655532134,108-1-1,Iran
50.84235436381971,36.8728142359834,108-1-1,Iran
52.264024692601424,36.7004216578577,108-1-1,Iran
53.82578982932642,36.965030829408235,108-1-1,Iran
53.92159793479556,37.19891836196126,108-1-1,Iran
54.800303989486565,37.392420762678185,108-1-1,Iran
55.51157840355191,37.96411713312317,108-1-1,Iran
56.18037479027333,37.93512665460743,108-1-1,Iran
56.61936608259282,38.121394354803485,108-1-1,Iran
57.330433790928986,38.02922943781094,108-1-1,Iran
58.436154412678206,37.5223094752438,108-1-1,Iran
59.23476199731681,37.41298798273034,108-1-1,Iran
60.37763797388388,36.52738312432837,108-1-1,Iran
61.123070509694145,36.491597194966246,108-1-1,Iran
61.210817091725744,35.650072333309225,108-1-1,Iran
60.80319339380745,34.40410187431986,108-1-1,Iran
60.52842980331158,33.676446031218006,108-1-1,Iran
60.963700392506006,33.52883230237626,108-1-1,Iran
60.536077915290775,32.98126882581157,108-1-1,Iran
60.863654819588966,32.18291962333443,108-1-1,Iran
60.94194461451113,31.548074652628753,108-1-1,Iran
61.69931440618083,31.379506130492672,108-1-1,Iran
61.781221551363444,30.735850328081238,108-1-1,Iran
60.87424848820879,29.829238999952608,108-1-1,Iran
61.36930870956494,29.303276272085924,108-1-1,Iran
61.77186811711863,28.6993338078908,108-1-1,Iran
62.72783043808599,28.25964488373539,108-1-1,Iran
62.75542565292986,27.378923448184988,108-1-1,Iran
63.2338977395203,27.21704702403071,108-1-1,Iran
63.31663170761959,26.756532497661667,108-1-1,Iran
61.87418745305655,26.239974880472104,108-1-1,Iran
61.49736290878419,25.0782370061185,108-1-1,Iran
59.616134067630846,25.380156561783778,108-1-1,Iran
58.525761346272304,25.60996165618573,108-1-1,Iran
57.39725141788239,25.73990204518364,108-1-1,Iran
56.970765822177555,26.966106268821363,108-1-1,Iran
56.492138706290206,27.143304755150197,108-1-1,Iran
55.723710158110066,26.964633490501043,108-1-1,Iran
54.71508955263727,26.480657863871514,108-1-1,Iran
53.49309695823135,26.81236888275305,108-1-1,Iran
52.48359785340961,27.580849107365495,108-1-1,Iran
51.52076256694742,27.865689602158298,108-1-1,Iran
50.85294803243954,28.814520575469388,108-1-1,Iran
50.115008579311585,30.147772528599717,108-1-1,Iran
49.576850213423995,29.985715236932407,108-1-1,Iran
48.94133344909855,30.317090359004037,108-1-1,Iran
48.567971225789755,29.926778265903522,108-1-1,Iran
35.71991824722275,32.709192409794866,109-1-1,Syria
35.70079796727475,32.71601369885738,109-1-1,Syria
35.836396925608625,32.86812327730851,109-1-1,Syria
35.82110070165024,33.2774264592763,109-1-1,Syria
36.066460402172055,33.82491242119255,109-1-1,Syria
36.61175011571589,34.20178864189718,109-1-1,Syria
36.4481942075121,34.59393524834407,109-1-1,Syria
35.99840254084364,34.644914048800004,109-1-1,Syria
35.905023227692226,35.410009467097325,109-1-1,Syria
36.149762811026534,35.82153473565367,109-1-1,Syria
36.417550083163036,36.04061697035506,109-1-1,Syria
36.6853890317318,36.259699205056464,109-1-1,Syria
36.7394942563414,36.81752045343109,109-1-1,Syria
37.06676110204583,36.62303620050062,109-1-1,Syria
38.1677274920242,36.90121043552777,109-1-1,Syria
38.6998913917659,36.71292735447234,109-1-1,Syria
39.52258019385255,36.71605377862599,109-1-1,Syria
40.67325931169569,37.09127635349729,109-1-1,Syria
41.21208947120305,37.074352321921694,109-1-1,Syria
42.34959109881177,37.2298725449041,109-1-1,Syria
41.83706424334096,36.605853786763575,109-1-1,Syria
41.289707472505455,36.35881460219227,109-1-1,Syria
41.383965285005814,35.628316555314356,109-1-1,Syria
41.006158888519934,34.41937226006212,109-1-1,Syria
38.792340529136084,33.378686428352225,109-1-1,Syria
36.834062127435544,32.312937526980775,109-1-1,Syria
35.71991824722275,32.709192409794866,109-1-1,Syria
46.50571984231797,38.770605373686294,110-1-1,Armenia
46.14362308124882,38.74120148371222,110-1-1,Armenia
45.73537926614301,39.31971914321974,110-1-1,Armenia
45.73997846861698,39.47399913182713,110-1-1,Armenia
45.29814497252146,39.471751207022436,110-1-1,Armenia
45.00198733905675,39.740003567049555,110-1-1,Armenia
44.79398969908195,39.71300263117705,110-1-1,Armenia
44.4000085792887,40.00500031184228,110-1-1,Armenia
43.65643639504094,40.253563951166186,110-1-1,Armenia
43.75265791196841,40.74020091405876,110-1-1,Armenia
43.58274580259273,41.09214325618257,110-1-1,Armenia
44.97248009621808,41.248128567055595,110-1-1,Armenia
45.17949588397934,40.98535390885141,110-1-1,Armenia
45.56035118997045,40.812289537105926,110-1-1,Armenia
45.35917483905817,40.56150381119346,110-1-1,Armenia
45.89190717955509,40.21847565364,110-1-1,Armenia
45.61001224140293,39.89999380142518,110-1-1,Armenia
46.034534132680676,39.628020738273065,110-1-1,Armenia
46.48349897643246,39.464154771475535,110-1-1,Armenia
46.50571984231797,38.770605373686294,110-1-1,Armenia
11.027368605196868,58.85614940045936,111-1-1,Sweden
11.468271925511146,59.43239329694604,111-1-1,Sweden
12.3003658382749,60.11793284773003,111-1-1,Sweden
12.631146681375185,61.293571682370136,111-1-1,Sweden
11.992064243221563,61.80036245385655,111-1-1,Sweden
11.930569288794231,63.12831757267698,111-1-1,Sweden
12.579935336973934,64.06621898055833,111-1-1,Sweden
13.571916131248713,64.04911408146971,111-1-1,Sweden
13.919905226302204,64.44542064071608,111-1-1,Sweden
13.55568973150909,64.78702769638151,111-1-1,Sweden
15.108411492583002,66.19386688909547,111-1-1,Sweden
16.108712192456778,67.30245555283689,111-1-1,Sweden
16.768878614985482,68.0139366726314,111-1-1,Sweden
17.729181756265348,68.01055186631628,111-1-1,Sweden
17.993868442464333,68.56739126247736,111-1-1,Sweden
19.878559604581255,68.40719432237258,111-1-1,Sweden
20.025268995857886,69.0651386583127,111-1-1,Sweden
20.645592889089528,69.10624726020087,111-1-1,Sweden
21.978534783626117,68.6168456081807,111-1-1,Sweden
23.53947309743444,67.93600861273525,111-1-1,Sweden
23.565879754335583,66.39605093043743,111-1-1,Sweden
23.903378533633802,66.00692739527962,111-1-1,Sweden
22.18317345550193,65.72374054632017,111-1-1,Sweden
21.21351687997722,65.02600535751527,111-1-1,Sweden
21.369631381930958,64.41358795842429,111-1-1,Sweden
19.77887576669022,63.60955434839504,111-1-1,Sweden
17.84777916837521,62.74940013289681,111-1-1,Sweden
17.119554884518124,61.34116567651097,111-1-1,Sweden
17.83134606290639,60.63658336042741,111-1-1,Sweden
18.78772179533209,60.081914374422595,111-1-1,Sweden
17.86922488777634,58.9537661810587,111-1-1,Sweden
16.829185011470088,58.71982697207339,111-1-1,Sweden
16.447709588291474,57.041118069071885,111-1-1,Sweden
15.879785597403783,56.10430186626866,111-1-1,Sweden
14.666681349352075,56.200885118222175,111-1-1,Sweden
14.100721062891465,55.40778107362265,111-1-1,Sweden
12.942910597392057,55.36173737245058,111-1-1,Sweden
12.625100538797028,56.30708018658197,111-1-1,Sweden
11.787942335668674,57.44181712506307,111-1-1,Sweden
11.027368605196868,58.85614940045936,111-1-1,Sweden
28.17670942557794,56.16912995057879,112-1-1,Belarus
29.229513380660308,55.91834422466636,112-1-1,Belarus
29.371571893030673,55.670090643936184,112-1-1,Belarus
29.896294386522356,55.78946320253041,112-1-1,Belarus
30.87390913262001,55.55097646750341,112-1-1,Belarus
30.971835971813135,55.08154775656404,112-1-1,Belarus
30.75753380709872,54.81177094178432,112-1-1,Belarus
31.38447228366374,54.15705638286238,112-1-1,Belarus
31.79142418796224,53.974638576872124,112-1-1,Belarus
31.731272820774507,53.79402944601202,112-1-1,Belarus
32.405598585751164,53.61804535584204,112-1-1,Belarus
32.69364301934604,53.35142080343218,112-1-1,Belarus
32.30451948418823,53.13272614197291,112-1-1,Belarus
31.49763999999999,53.16743000000014,112-1-1,Belarus
31.305200636528014,53.07399587667321,112-1-1,Belarus
31.54001834486226,52.74205231384636,112-1-1,Belarus
31.785970000000077,52.1016800000001,112-1-1,Belarus
31.785992447555252,52.1016775699397,112-1-1,Belarus
30.927549269338982,52.04235342061439,112-1-1,Belarus
30.619454380014815,51.822806098022454,112-1-1,Belarus
30.555117221811457,51.31950348571566,112-1-1,Belarus
30.157363722460897,51.41613841410147,112-1-1,Belarus
29.25493818534784,51.36823436136689,112-1-1,Belarus
28.992835320763533,51.602044379271476,112-1-1,Belarus
28.61761274589225,51.42771393493484,112-1-1,Belarus
28.24161502453657,51.57222707783907,112-1-1,Belarus
27.454066196408405,51.592303371784396,112-1-1,Belarus
26.337958611768556,51.83228872334797,112-1-1,Belarus
25.32778771332701,51.91065603291855,112-1-1,Belarus
24.553106316839518,51.888461005249184,112-1-1,Belarus
24.00507775238418,51.617443956094405,112-1-1,Belarus
23.52707075368437,51.57845408793031,112-1-1,Belarus
23.508002150168693,52.02364655212473,112-1-1,Belarus
23.199493849386187,52.48697744405367,112-1-1,Belarus
23.79919884613338,52.69109935160657,112-1-1,Belarus
23.80493493011778,53.089731350306074,112-1-1,Belarus
23.527535841575002,53.470121568406555,112-1-1,Belarus
23.48412763844985,53.91249766704114,112-1-1,Belarus
24.450683628037037,53.905702216194754,112-1-1,Belarus
25.536353794056993,54.28242340760253,112-1-1,Belarus
25.7684326514798,54.84696259217509,112-1-1,Belarus
26.58827924979039,55.16717560487167,112-1-1,Belarus
26.494331495883756,55.615106919977634,112-1-1,Belarus
27.10245975109453,55.783313707087686,112-1-1,Belarus
28.17670942557794,56.16912995057879,112-1-1,Belarus
31.785992447555252,52.1016775699397,113-1-1,Ukraine
32.15944000000013,52.06125000000014,113-1-1,Ukraine
32.41205813978769,52.28869497334978,113-1-1,Ukraine
32.715760532367085,52.23846548116211,113-1-1,Ukraine
33.75269982273579,52.3350745713318,113-1-1,Ukraine
34.39173058445709,51.768881740925906,113-1-1,Ukraine
34.141978387190534,51.566413479206346,113-1-1,Ukraine
34.22481570815427,51.25599315042888,113-1-1,Ukraine
35.02218305841791,51.2075723333715,113-1-1,Ukraine
35.377909999999986,50.773940000000096,113-1-1,Ukraine
35.356116163887975,50.57719737405904,113-1-1,Ukraine
36.62616784032542,50.225590928745135,113-1-1,Ukraine
37.39345950699516,50.38395335550365,113-1-1,Ukraine
38.01063113785693,49.9156615260747,113-1-1,Ukraine
38.59498823421342,49.9264619004237,113-1-1,Ukraine
40.06904000000014,49.60104999999999,113-1-1,Ukraine
40.080789015469406,49.30742991799934,113-1-1,Ukraine
39.674649999999986,48.78382000000016,113-1-1,Ukraine
39.89562000000018,48.23241000000007,113-1-1,Ukraine
39.738277622238854,47.89893707945197,113-1-1,Ukraine
38.77057000000008,47.825620000000185,113-1-1,Ukraine
38.25511233902978,47.54640045835691,113-1-1,Ukraine
38.223538038899335,47.10218984637595,113-1-1,Ukraine
37.4251371599899,47.02222056740419,113-1-1,Ukraine
36.75985477066445,46.69870026304102,113-1-1,Ukraine
35.82368452326489,46.64596446388714,113-1-1,Ukraine
34.96234174982385,46.27319651954974,113-1-1,Ukraine
35.01265897004737,45.73772519982549,113-1-1,Ukraine
34.861792128174045,45.76818243191957,113-1-1,Ukraine
34.73201738827845,45.96566573176062,113-1-1,Ukraine
34.41040172853718,46.005162391728845,113-1-1,Ukraine
33.69946184910907,46.219572831556434,113-1-1,Ukraine
33.435988094713366,45.971917370797485,113-1-1,Ukraine
33.29856733575474,46.08059845639781,113-1-1,Ukraine
31.744140252415207,46.33334788673733,113-1-1,Ukraine
31.67530724460255,46.70624502215554,113-1-1,Ukraine
30.74874881360921,46.583100084004116,113-1-1,Ukraine
30.377608676888883,46.03241018328572,113-1-1,Ukraine
29.603289015427436,45.293308010431126,113-1-1,Ukraine
29.149724969201653,45.464925442072456,113-1-1,Ukraine
28.67977949393938,45.304030870131704,113-1-1,Ukraine
28.23355350109904,45.48828318946829,113-1-1,Ukraine
28.485269402792767,45.5969070501459,113-1-1,Ukraine
28.65998742037158,45.93998688413164,113-1-1,Ukraine
28.933717482221596,46.25883047137256,113-1-1,Ukraine
28.862972446414062,46.43788930926383,113-1-1,Ukraine
29.07210696789929,46.517677720722496,113-1-1,Ukraine
29.170653924279804,46.37926239682872,113-1-1,Ukraine
29.759971958136394,46.34998769793536,113-1-1,Ukraine
30.024658644335375,46.42393667254504,113-1-1,Ukraine
29.838210076626297,46.52532583270169,113-1-1,Ukraine
29.908851759569302,46.67436066343146,113-1-1,Ukraine
29.559674106573112,46.928582872091326,113-1-1,Ukraine
29.415135125452736,47.34664520933258,113-1-1,Ukraine
29.05086795422727,47.5102269557525,113-1-1,Ukraine
29.12269819511303,47.849095160506465,113-1-1,Ukraine
28.670891147585166,48.1181485052341,113-1-1,Ukraine
28.259546746541844,48.15556224221342,113-1-1,Ukraine
27.522537469195157,48.467119452501116,113-1-1,Ukraine
26.857823520624805,48.368210761094495,113-1-1,Ukraine
26.619336785597795,48.22072622333347,113-1-1,Ukraine
26.19745039236693,48.22088125263035,113-1-1,Ukraine
25.9459411964024,47.987148749374214,113-1-1,Ukraine
25.20774336111299,47.89105642352747,113-1-1,Ukraine
24.866317172960578,47.737525743188314,113-1-1,Ukraine
24.40205610525038,47.98187775328043,113-1-1,Ukraine
23.76095828623741,47.985598456405455,113-1-1,Ukraine
23.142236362406805,48.09634105080695,113-1-1,Ukraine
22.710531447040495,47.88219391538941,113-1-1,Ukraine
22.640819939878725,48.150239569687415,113-1-1,Ukraine
22.085608351334855,48.42226430927179,113-1-1,Ukraine
22.28084191253356,48.82539215758067,113-1-1,Ukraine
22.558137648211755,49.085738023467144,113-1-1,Ukraine
22.776418898212626,49.02739533140962,113-1-1,Ukraine
22.518450148211603,49.47677358661974,113-1-1,Ukraine
23.426508416444392,50.30850576435745,113-1-1,Ukraine
23.92275719574326,50.42488108987874,113-1-1,Ukraine
24.029985792748903,50.70540660257518,113-1-1,Ukraine
23.52707075368437,51.57845408793031,113-1-1,Ukraine
24.00507775238418,51.617443956094405,113-1-1,Ukraine
24.553106316839518,51.888461005249184,113-1-1,Ukraine
25.32778771332701,51.91065603291855,113-1-1,Ukraine
26.337958611768556,51.83228872334797,113-1-1,Ukraine
27.454066196408405,51.592303371784396,113-1-1,Ukraine
28.24161502453657,51.57222707783907,113-1-1,Ukraine
28.61761274589225,51.42771393493484,113-1-1,Ukraine
28.992835320763533,51.602044379271476,113-1-1,Ukraine
29.25493818534784,51.36823436136689,113-1-1,Ukraine
30.157363722460897,51.41613841410147,113-1-1,Ukraine
30.555117221811457,51.31950348571566,113-1-1,Ukraine
30.619454380014815,51.822806098022454,113-1-1,Ukraine
30.927549269338982,52.04235342061439,113-1-1,Ukraine
31.785992447555252,52.1016775699397,113-1-1,Ukraine
23.48412763844985,53.91249766704114,114-1-1,Poland
23.527535841575002,53.470121568406555,114-1-1,Poland
23.80493493011778,53.089731350306074,114-1-1,Poland
23.79919884613338,52.69109935160657,114-1-1,Poland
23.199493849386187,52.48697744405367,114-1-1,Poland
23.508002150168693,52.02364655212473,114-1-1,Poland
23.52707075368437,51.57845408793031,114-1-1,Poland
24.029985792748903,50.70540660257518,114-1-1,Poland
23.92275719574326,50.42488108987874,114-1-1,Poland
23.426508416444392,50.30850576435745,114-1-1,Poland
22.518450148211603,49.47677358661974,114-1-1,Poland
22.776418898212626,49.02739533140962,114-1-1,Poland
22.558137648211755,49.085738023467144,114-1-1,Poland
21.607808058364213,49.47010732685409,114-1-1,Poland
20.887955356538413,49.32877228453583,114-1-1,Poland
20.415839471119853,49.43145335549977,114-1-1,Poland
19.825022820726872,49.21712535256923,114-1-1,Poland
19.320712517990472,49.571574001659194,114-1-1,Poland
18.90957482267632,49.435845852244576,114-1-1,Poland
18.853144158613617,49.49622976337764,114-1-1,Poland
18.392913852622172,49.98862864847075,114-1-1,Poland
17.64944502123899,50.049038397819956,114-1-1,Poland
17.55456709155112,50.36214590107642,114-1-1,Poland
16.86876915860566,50.47397370055603,114-1-1,Poland
16.719475945714436,50.21574656839354,114-1-1,Poland
16.176253289462267,50.42260732685791,114-1-1,Poland
16.23862674323857,50.69773265237984,114-1-1,Poland
15.490972120839729,50.78472992614321,114-1-1,Poland
15.01699588385867,51.10667409932158,114-1-1,Poland
14.607098422919535,51.74518809671997,114-1-1,Poland
14.685026482815687,52.0899474147552,114-1-1,Poland
14.437599725002201,52.62485016540839,114-1-1,Poland
14.074521111719434,52.98126251892535,114-1-1,Poland
14.353315463934138,53.24817129171297,114-1-1,Poland
14.119686313542559,53.75702912049104,114-1-1,Poland
14.802900424873458,54.05070628520575,114-1-1,Poland
16.36347700365573,54.513158677785725,114-1-1,Poland
17.622831658608675,54.85153595643291,114-1-1,Poland
18.62085859546164,54.68260569927078,114-1-1,Poland
18.696254510175464,54.43871877706929,114-1-1,Poland
19.660640089606403,54.42608388937393,114-1-1,Poland
20.892244500418627,54.31252492941253,114-1-1,Poland
22.731098667092652,54.327536932993326,114-1-1,Poland
23.24398725758951,54.22056671814914,114-1-1,Poland
23.48412763844985,53.91249766704114,114-1-1,Poland
16.979666782304037,48.123497015976305,115-1-1,Austria
16.90375410326726,47.71486562762833,115-1-1,Austria
16.340584344150415,47.71290192320123,115-1-1,Austria
16.534267612380376,47.49617096616912,115-1-1,Austria
16.202298211337364,46.85238597267696,115-1-1,Austria
16.011663852612656,46.6836107448117,115-1-1,Austria
15.137091912504985,46.65870270444703,115-1-1,Austria
14.63247155117483,46.43181732846955,115-1-1,Austria
13.806475457421527,46.509306138691215,115-1-1,Austria
12.376485223040817,46.76755910906985,115-1-1,Austria
12.153088006243054,47.11539317482645,115-1-1,Austria
11.16482791509327,46.94157949481273,115-1-1,Austria
11.048555942436536,46.75135854754634,115-1-1,Austria
10.44270145024663,46.89354625099743,115-1-1,Austria
9.932448357796659,46.92072805438296,115-1-1,Austria
9.479969516649021,47.102809963563374,115-1-1,Austria
9.632931756232978,47.34760122332999,115-1-1,Austria
9.59422610844635,47.52505809182027,115-1-1,Austria
9.89606814946319,47.580196845075704,115-1-1,Austria
10.402083774465211,47.30248769793916,115-1-1,Austria
10.544504021861599,47.5663992376538,115-1-1,Austria
11.426414015354737,47.523766181012974,115-1-1,Austria
12.141357456112788,47.703083401065776,115-1-1,Austria
12.620759718484493,47.67238760028441,115-1-1,Austria
12.932626987365948,47.467645575544,115-1-1,Austria
13.02585127122049,47.63758352313583,115-1-1,Austria
12.884102817443875,48.28914581968786,115-1-1,Austria
13.243357374737,48.416114813829054,115-1-1,Austria
13.595945672264437,48.87717194273715,115-1-1,Austria
14.338897739324722,48.55530528420721,115-1-1,Austria
14.901447381254057,48.964401760445824,115-1-1,Austria
15.253415561593982,49.03907420510758,115-1-1,Austria
16.02964725105022,48.73389903420793,115-1-1,Austria
16.499282667718774,48.78580801044511,115-1-1,Austria
16.960288120194576,48.5969823268506,115-1-1,Austria
16.879982944413,48.47001333270947,115-1-1,Austria
16.979666782304037,48.123497015976305,115-1-1,Austria
22.085608351334855,48.42226430927179,116-1-1,Hungary
22.640819939878725,48.150239569687415,116-1-1,Hungary
22.710531447040495,47.88219391538941,116-1-1,Hungary
22.099767693782837,47.6724392767167,116-1-1,Hungary
21.626514926853872,46.99423777931816,116-1-1,Hungary
21.02195234547125,46.3160879583519,116-1-1,Hungary
20.220192498462836,46.127468980486555,116-1-1,Hungary
19.596044549241583,46.17172984474454,116-1-1,Hungary
18.82983808764996,45.90887767189193,116-1-1,Hungary
18.829824792873946,45.908872358025285,116-1-1,Hungary
18.45606245288286,45.75948110613615,116-1-1,Hungary
17.630066359129557,45.95176911069419,116-1-1,Hungary
16.8825150895953,46.38063182228444,116-1-1,Hungary
16.564808383864857,46.50375092221983,116-1-1,Hungary
16.370504998447416,46.841327216166505,116-1-1,Hungary
16.202298211337364,46.85238597267696,116-1-1,Hungary
16.534267612380376,47.49617096616912,116-1-1,Hungary
16.340584344150415,47.71290192320123,116-1-1,Hungary
16.90375410326726,47.71486562762833,116-1-1,Hungary
16.979666782304037,48.123497015976305,116-1-1,Hungary
17.48847293464982,47.867466132186216,116-1-1,Hungary
17.857132602620027,47.75842886005037,116-1-1,Hungary
18.696512892336926,47.880953681014404,116-1-1,Hungary
18.77702477384767,48.081768296900634,116-1-1,Hungary
19.17436486173989,48.11137889260387,116-1-1,Hungary
19.661363559658497,48.26661489520866,116-1-1,Hungary
19.769470656013112,48.202691148463614,116-1-1,Hungary
20.239054396249347,48.32756724709692,116-1-1,Hungary
20.473562045989866,48.562850043321816,116-1-1,Hungary
20.801293979584926,48.623854071642384,116-1-1,Hungary
21.872236362401736,48.31997081155002,116-1-1,Hungary
22.085608351334855,48.42226430927179,116-1-1,Hungary
26.619336785597795,48.22072622333347,117-1-1,Moldova
26.857823520624805,48.368210761094495,117-1-1,Moldova
27.522537469195157,48.467119452501116,117-1-1,Moldova
28.259546746541844,48.15556224221342,117-1-1,Moldova
28.670891147585166,48.1181485052341,117-1-1,Moldova
29.12269819511303,47.849095160506465,117-1-1,Moldova
29.05086795422727,47.5102269557525,117-1-1,Moldova
29.415135125452736,47.34664520933258,117-1-1,Moldova
29.559674106573112,46.928582872091326,117-1-1,Moldova
29.908851759569302,46.67436066343146,117-1-1,Moldova
29.838210076626297,46.52532583270169,117-1-1,Moldova
30.024658644335375,46.42393667254504,117-1-1,Moldova
29.759971958136394,46.34998769793536,117-1-1,Moldova
29.170653924279804,46.37926239682872,117-1-1,Moldova
29.07210696789929,46.517677720722496,117-1-1,Moldova
28.862972446414062,46.43788930926383,117-1-1,Moldova
28.933717482221596,46.25883047137256,117-1-1,Moldova
28.65998742037158,45.93998688413164,117-1-1,Moldova
28.485269402792767,45.5969070501459,117-1-1,Moldova
28.23355350109904,45.48828318946829,117-1-1,Moldova
28.0544429867754,45.944586086605625,117-1-1,Moldova
28.160017937947714,46.37156260841722,117-1-1,Moldova
28.128030226359044,46.810476386088254,117-1-1,Moldova
27.551166212684848,47.40511709247083,117-1-1,Moldova
27.233872918412743,47.82677094175638,117-1-1,Moldova
26.924176059687568,48.123264472030996,117-1-1,Moldova
26.619336785597795,48.22072622333347,117-1-1,Moldova
28.23355350109904,45.48828318946829,118-1-1,Romania
28.67977949393938,45.304030870131704,118-1-1,Romania
29.149724969201653,45.464925442072456,118-1-1,Romania
29.603289015427436,45.293308010431126,118-1-1,Romania
29.62654340995877,45.0353909368624,118-1-1,Romania
29.141611769331835,44.820210272799045,118-1-1,Romania
28.8378577003202,44.913873806328056,118-1-1,Romania
28.558081495891997,43.70746165625813,118-1-1,Romania
27.970107049275075,43.81246816667522,118-1-1,Romania
27.242399529740908,44.175986029632405,118-1-1,Romania
26.065158725699746,43.94349376075127,118-1-1,Romania
25.569271681426926,43.68844472917472,118-1-1,Romania
24.100679152124172,43.74105133724785,118-1-1,Romania
23.332302280376325,43.897010809904714,118-1-1,Romania
22.944832391051847,43.82378530534713,118-1-1,Romania
22.65714969248299,44.23492300066128,118-1-1,Romania
22.4740084164406,44.40922760678177,118-1-1,Romania
22.705725538837356,44.57800283464702,118-1-1,Romania
22.459022251075936,44.7025171982543,118-1-1,Romania
22.14508792490281,44.47842234962059,118-1-1,Romania
21.56202273935361,44.7689472519655,118-1-1,Romania
21.48352623870221,45.18117015235788,118-1-1,Romania
20.874312778413355,45.416375433934235,118-1-1,Romania
20.762174920339987,45.734573065771485,118-1-1,Romania
20.220192498462836,46.127468980486555,118-1-1,Romania
21.02195234547125,46.3160879583519,118-1-1,Romania
21.626514926853872,46.99423777931816,118-1-1,Romania
22.099767693782837,47.6724392767167,118-1-1,Romania
22.710531447040495,47.88219391538941,118-1-1,Romania
23.142236362406805,48.09634105080695,118-1-1,Romania
23.76095828623741,47.985598456405455,118-1-1,Romania
24.40205610525038,47.98187775328043,118-1-1,Romania
24.866317172960578,47.737525743188314,118-1-1,Romania
25.20774336111299,47.89105642352747,118-1-1,Romania
25.9459411964024,47.987148749374214,118-1-1,Romania
26.19745039236693,48.22088125263035,118-1-1,Romania
26.619336785597795,48.22072622333347,118-1-1,Romania
26.924176059687568,48.123264472030996,118-1-1,Romania
27.233872918412743,47.82677094175638,118-1-1,Romania
27.551166212684848,47.40511709247083,118-1-1,Romania
28.128030226359044,46.810476386088254,118-1-1,Romania
28.160017937947714,46.37156260841722,118-1-1,Romania
28.0544429867754,45.944586086605625,118-1-1,Romania
28.23355350109904,45.48828318946829,118-1-1,Romania
26.494331495883756,55.615106919977634,119-1-1,Lithuania
26.58827924979039,55.16717560487167,119-1-1,Lithuania
25.7684326514798,54.84696259217509,119-1-1,Lithuania
25.536353794056993,54.28242340760253,119-1-1,Lithuania
24.450683628037037,53.905702216194754,119-1-1,Lithuania
23.48412763844985,53.91249766704114,119-1-1,Lithuania
23.24398725758951,54.22056671814914,119-1-1,Lithuania
22.731098667092652,54.327536932993326,119-1-1,Lithuania
22.65105187347254,54.582740993866736,119-1-1,Lithuania
22.75776370615526,54.85657440858138,119-1-1,Lithuania
22.315723504330577,55.015298570365864,119-1-1,Lithuania
21.268448927503467,55.190481675835315,119-1-1,Lithuania
21.055800408622417,56.031076361711065,119-1-1,Lithuania
22.201156853939494,56.33780182557949,119-1-1,Lithuania
23.878263787539964,56.27367137310527,119-1-1,Lithuania
24.86068444184076,56.37252838807963,119-1-1,Lithuania
25.000934279080894,56.16453074810484,119-1-1,Lithuania
25.533046502390334,56.100296942766036,119-1-1,Lithuania
26.494331495883756,55.615106919977634,119-1-1,Lithuania
27.288184848751513,57.47452830670383,120-1-1,Latvia
27.77001590344093,57.24425812441123,120-1-1,Latvia
27.855282016722526,56.75932648378429,120-1-1,Latvia
28.17670942557794,56.16912995057879,120-1-1,Latvia
27.10245975109453,55.783313707087686,120-1-1,Latvia
26.494331495883756,55.615106919977634,120-1-1,Latvia
25.533046502390334,56.100296942766036,120-1-1,Latvia
25.000934279080894,56.16453074810484,120-1-1,Latvia
24.86068444184076,56.37252838807963,120-1-1,Latvia
23.878263787539964,56.27367137310527,120-1-1,Latvia
22.201156853939494,56.33780182557949,120-1-1,Latvia
21.055800408622417,56.031076361711065,120-1-1,Latvia
21.090423618257972,56.78387278912294,120-1-1,Latvia
21.581866489353672,57.411870632549935,120-1-1,Latvia
22.52434126149288,57.75337433535076,120-1-1,Latvia
23.318452996522097,57.00623647727487,120-1-1,Latvia
24.12072960785343,57.02569265403277,120-1-1,Latvia
24.312862583114622,57.79342357037697,120-1-1,Latvia
25.16459354014927,57.97015696881519,120-1-1,Latvia
25.60280968598437,57.84752879498657,120-1-1,Latvia
26.463532342237787,57.47638865826633,120-1-1,Latvia
27.288184848751513,57.47452830670383,120-1-1,Latvia
27.981126857000987,59.47537333432527,121-1-1,Estonia
27.981120000000033,59.47537000000011,121-1-1,Estonia
28.13169925305175,59.300825100330925,121-1-1,Estonia
27.42015000000015,58.72457000000014,121-1-1,Estonia
27.71668582531572,57.79189911562436,121-1-1,Estonia
27.288184848751513,57.47452830670383,121-1-1,Estonia
26.463532342237787,57.47638865826633,121-1-1,Estonia
25.60280968598437,57.84752879498657,121-1-1,Estonia
25.16459354014927,57.97015696881519,121-1-1,Estonia
24.312862583114622,57.79342357037697,121-1-1,Estonia
24.42892785004216,58.38341339785329,121-1-1,Estonia
24.061198357853186,58.25737457949341,121-1-1,Estonia
23.426560092876684,58.612753404364625,121-1-1,Estonia
23.339795363058645,59.187240302153384,121-1-1,Estonia
24.604214308376186,59.46585378685502,121-1-1,Estonia
25.86418908051664,59.61109039981133,121-1-1,Estonia
26.949135776484525,59.445803331125774,121-1-1,Estonia
27.981114129353244,59.475388088612874,121-1-1,Estonia
27.981126857000987,59.47537333432527,121-1-1,Estonia
14.119686313542559,53.75702912049104,122-1-1,Germany
14.353315463934138,53.24817129171297,122-1-1,Germany
14.074521111719434,52.98126251892535,122-1-1,Germany
14.437599725002201,52.62485016540839,122-1-1,Germany
14.685026482815687,52.0899474147552,122-1-1,Germany
14.607098422919535,51.74518809671997,122-1-1,Germany
15.01699588385867,51.10667409932158,122-1-1,Germany
14.570718214586066,51.002339382524276,122-1-1,Germany
14.307013380600637,51.117267767941414,122-1-1,Germany
14.056227654688172,50.9269176295943,122-1-1,Germany
13.338131951560285,50.73323436136435,122-1-1,Germany
12.966836785543194,50.484076443069085,122-1-1,Germany
12.240111118222558,50.266337795607285,122-1-1,Germany
12.415190870827445,49.96912079528057,122-1-1,Germany
12.521024204161193,49.547415269562734,122-1-1,Germany
13.031328973043431,49.30706818297324,122-1-1,Germany
13.595945672264437,48.87717194273715,122-1-1,Germany
13.243357374737,48.416114813829054,122-1-1,Germany
12.884102817443875,48.28914581968786,122-1-1,Germany
13.02585127122049,47.63758352313583,122-1-1,Germany
12.932626987365948,47.467645575544,122-1-1,Germany
12.620759718484493,47.67238760028441,122-1-1,Germany
12.141357456112788,47.703083401065776,122-1-1,Germany
11.426414015354737,47.523766181012974,122-1-1,Germany
10.544504021861599,47.5663992376538,122-1-1,Germany
10.402083774465211,47.30248769793916,122-1-1,Germany
9.89606814946319,47.580196845075704,122-1-1,Germany
9.59422610844635,47.52505809182027,122-1-1,Germany
8.522611932009767,47.83082754169129,122-1-1,Germany
8.317301466514095,47.61357982033627,122-1-1,Germany
7.466759067422231,47.62058197691181,122-1-1,Germany
7.593676385131062,48.33301911070372,122-1-1,Germany
8.099278598674744,49.01778351500333,122-1-1,Germany
6.658229607783568,49.20195831969157,122-1-1,Germany
6.186320428094177,49.463802802114515,122-1-1,Germany
6.242751092156993,49.90222565367873,122-1-1,Germany
6.043073357781111,50.128051662794235,122-1-1,Germany
6.15665815595878,50.80372101501058,122-1-1,Germany
5.988658074577813,51.851615709025054,122-1-1,Germany
6.589396599970826,51.852029120483394,122-1-1,Germany
6.842869500362383,52.22844025329755,122-1-1,Germany
7.092053256873896,53.144043280644894,122-1-1,Germany
6.905139601274129,53.48216217713065,122-1-1,Germany
7.100424838905269,53.69393219666267,122-1-1,Germany
7.936239454793963,53.74829580343379,122-1-1,Germany
8.121706170289485,53.52779246684429,122-1-1,Germany
8.800734490604668,54.020785630908904,122-1-1,Germany
8.57211795414537,54.39564647075406,122-1-1,Germany
8.526229282270208,54.96274363872516,122-1-1,Germany
9.282048780971138,54.830865383516176,122-1-1,Germany
9.921906365609118,54.98310415304803,122-1-1,Germany
9.9395797054529,54.596641954153256,122-1-1,Germany
10.950112338920519,54.363607082733154,122-1-1,Germany
10.93946699386845,54.00869334575259,122-1-1,Germany
11.956252475643282,54.19648550070116,122-1-1,Germany
12.518440382546714,54.470370591847995,122-1-1,Germany
13.647467075259499,54.0755109727059,122-1-1,Germany
14.119686313542559,53.75702912049104,122-1-1,Germany
22.65714969248299,44.23492300066128,123-1-1,Bulgaria
22.944832391051847,43.82378530534713,123-1-1,Bulgaria
23.332302280376325,43.897010809904714,123-1-1,Bulgaria
24.100679152124172,43.74105133724785,123-1-1,Bulgaria
25.569271681426926,43.68844472917472,123-1-1,Bulgaria
26.065158725699746,43.94349376075127,123-1-1,Bulgaria
27.242399529740908,44.175986029632405,123-1-1,Bulgaria
27.970107049275075,43.81246816667522,123-1-1,Bulgaria
28.558081495891997,43.70746165625813,123-1-1,Bulgaria
28.03909508638472,43.293171698574184,123-1-1,Bulgaria
27.67389773937805,42.57789236100622,123-1-1,Bulgaria
27.99672041190539,42.00735871028779,123-1-1,Bulgaria
27.13573937349048,42.14148489030134,123-1-1,Bulgaria
26.1170418637208,41.82690460872456,123-1-1,Bulgaria
26.106138136507127,41.32889883072784,123-1-1,Bulgaria
25.197201368925448,41.23448598893053,123-1-1,Bulgaria
24.492644891057978,41.58389618587205,123-1-1,Bulgaria
23.692073601992348,41.309080918943856,123-1-1,Bulgaria
22.952377150166452,41.33799388281115,123-1-1,Bulgaria
22.881373732197346,41.999297186850356,123-1-1,Bulgaria
22.380525750424592,42.32025950781509,123-1-1,Bulgaria
22.54501183440962,42.46136200618804,123-1-1,Bulgaria
22.43659467946128,42.580321153323936,123-1-1,Bulgaria
22.60480146657133,42.898518785161144,123-1-1,Bulgaria
22.986018507588483,43.2111612005271,123-1-1,Bulgaria
22.500156691180223,43.642814439461006,123-1-1,Bulgaria
22.410446404721597,44.008063462899955,123-1-1,Bulgaria
22.65714969248299,44.23492300066128,123-1-1,Bulgaria
26.290002882601698,35.29999034274793,124-1-1,Greece
26.16499759288766,35.00499542900977,124-1-1,Greece
24.724982130642303,34.91998769788964,124-1-1,Greece
24.735007358506916,35.08499054619759,124-1-1,Greece
23.51497846852808,35.27999156345098,124-1-1,Greece
23.699980096133004,35.70500438083549,124-1-1,Greece
24.246665073348705,35.368022365860185,124-1-1,Greece
25.02501549652891,35.42499563246197,124-1-1,Greece
25.769207797964185,35.35401805270908,124-1-1,Greece
25.745023227651586,35.1799976669662,124-1-1,Greece
26.290002882601698,35.29999034274793,124-1-1,Greece
22.952377150166452,41.33799388281115,124-2-1,Greece
23.692073601992348,41.309080918943856,124-2-1,Greece
24.492644891057978,41.58389618587205,124-2-1,Greece
25.197201368925448,41.23448598893053,124-2-1,Greece
26.106138136507127,41.32889883072784,124-2-1,Greece
26.1170418637208,41.82690460872456,124-2-1,Greece
26.60419559093623,41.562114569661105,124-2-1,Greece
26.294602085075667,40.93626129817413,124-2-1,Greece
26.05694217296534,40.82412344010076,124-2-1,Greece
25.44767703624416,40.85254547786144,124-2-1,Greece
24.92584842296094,40.947061672523205,124-2-1,Greece
23.71481123220076,40.687129218095095,124-2-1,Greece
24.40799889496401,40.12499298762407,124-2-1,Greece
23.899967889102584,39.962005520175524,124-2-1,Greece
23.342999301860743,39.96099782974579,124-2-1,Greece
22.813987664488934,40.476005153966526,124-2-1,Greece
22.626298862404724,40.25656118423916,124-2-1,Greece
22.84974775563478,39.659310818025745,124-2-1,Greece
23.35002729665257,39.190011298167235,124-2-1,Greece
22.973099399515547,38.97090322524963,124-2-1,Greece
23.530016310324925,38.51000112563844,124-2-1,Greece
24.025024855248887,38.21999298761642,124-2-1,Greece
24.040011020613576,37.655014553369426,124-2-1,Greece
23.115002882589124,37.920011298162194,124-2-1,Greece
23.409971958111043,37.40999074965737,124-2-1,Greece
22.77497195810861,37.30501007745653,124-2-1,Greece
23.15422529469862,36.422505804992056,124-2-1,Greece
22.490028110451078,36.4100001083774,124-2-1,Greece
21.67002648284364,36.8449864771942,124-2-1,Greece
21.29501061370155,37.64498932550464,124-2-1,Greece
21.120034213961333,38.31032339126273,124-2-1,Greece
20.730032179454554,38.769985256498785,124-2-1,Greece
20.217712029712857,39.34023468683961,124-2-1,Greece
20.15001590341052,39.62499766698397,124-2-1,Greece
20.615000441172754,40.11000682225938,124-2-1,Greece
20.674996779063633,40.43499990494303,124-2-1,Greece
20.999989861747224,40.58000397395398,124-2-1,Greece
21.0200403174764,40.84272695572588,124-2-1,Greece
21.674160597426976,40.931274522457954,124-2-1,Greece
22.05537763844427,41.14986583105269,124-2-1,Greece
22.597308383889015,41.130487168943205,124-2-1,Greece
22.761770000000013,41.30480000000006,124-2-1,Greece
22.952377150166452,41.33799388281115,124-2-1,Greece
44.77267710159504,37.17043692561684,125-1-1,Turkey
44.29345177590287,37.0015143906063,125-1-1,Turkey
43.9422587420473,37.25622752537295,125-1-1,Turkey
42.77912560402183,37.385263576805755,125-1-1,Turkey
42.34959109881177,37.2298725449041,125-1-1,Turkey
41.21208947120305,37.074352321921694,125-1-1,Turkey
40.67325931169569,37.09127635349729,125-1-1,Turkey
39.52258019385255,36.71605377862599,125-1-1,Turkey
38.6998913917659,36.71292735447234,125-1-1,Turkey
38.1677274920242,36.90121043552777,125-1-1,Turkey
37.06676110204583,36.62303620050062,125-1-1,Turkey
36.7394942563414,36.81752045343109,125-1-1,Turkey
36.6853890317318,36.259699205056464,125-1-1,Turkey
36.417550083163036,36.04061697035506,125-1-1,Turkey
36.149762811026534,35.82153473565367,125-1-1,Turkey
35.782084995269855,36.27499542901485,125-1-1,Turkey
36.160821567537,36.65060557712833,125-1-1,Turkey
35.55093631362831,36.565442816711325,125-1-1,Turkey
34.714553256984345,36.7955321314909,125-1-1,Turkey
34.026894972476384,36.219960028624016,125-1-1,Turkey
32.509158156064075,36.107563788389186,125-1-1,Turkey
31.699595167779567,36.64427521417258,125-1-1,Turkey
30.621624790171097,36.6778648951623,125-1-1,Turkey
30.391096225717064,36.26298065850699,125-1-1,Turkey
29.69997562024554,36.144357408180994,125-1-1,Turkey
28.732902866335422,36.67683136651647,125-1-1,Turkey
27.641186557737317,36.65882212986274,125-1-1,Turkey
27.048767937943264,37.653360907536,125-1-1,Turkey
26.318218214633045,38.208133246405396,125-1-1,Turkey
26.804700148228733,38.985760199533516,125-1-1,Turkey
26.17078535330433,39.463612168936464,125-1-1,Turkey
27.28001997244939,40.42001373957831,125-1-1,Turkey
28.81997765474722,40.46001129817221,125-1-1,Turkey
29.240003696415584,41.21999074967267,125-1-1,Turkey
31.14593387220444,41.08762156835702,125-1-1,Turkey
32.34797936374571,41.736264146484615,125-1-1,Turkey
33.51328291192746,42.01896006933731,125-1-1,Turkey
35.167703891751785,42.040224921225416,125-1-1,Turkey
36.9131270688421,41.33535838476427,125-1-1,Turkey
38.34766482926452,40.94858612727573,125-1-1,Turkey
39.512606642420195,41.10276276301855,125-1-1,Turkey
40.373432651538224,41.01367259374735,125-1-1,Turkey
41.55408410011066,41.53565623632757,125-1-1,Turkey
42.61954878110449,41.58317271581994,125-1-1,Turkey
43.58274580259273,41.09214325618257,125-1-1,Turkey
43.75265791196841,40.74020091405876,125-1-1,Turkey
43.65643639504094,40.253563951166186,125-1-1,Turkey
44.4000085792887,40.00500031184228,125-1-1,Turkey
44.79398969908195,39.71300263117705,125-1-1,Turkey
44.10922529478234,39.4281362981681,125-1-1,Turkey
44.421402622257546,38.28128123631454,125-1-1,Turkey
44.22575564960053,37.97158437758935,125-1-1,Turkey
44.77267,37.17045,125-1-1,Turkey
44.77267710159504,37.17043692561684,125-1-1,Turkey
26.1170418637208,41.82690460872456,125-2-1,Turkey
27.13573937349048,42.14148489030134,125-2-1,Turkey
27.99672041190539,42.00735871028779,125-2-1,Turkey
28.115524529744416,41.62288605403624,125-2-1,Turkey
28.988442824018733,41.29993419042819,125-2-1,Turkey
28.806438429486743,41.05496206314856,125-2-1,Turkey
27.61901736828409,40.99982330989314,125-2-1,Turkey
27.19237674328238,40.69056570084242,125-2-1,Turkey
26.35800906749779,40.151993923496505,125-2-1,Turkey
26.04335127127257,40.61775360774317,125-2-1,Turkey
26.05694217296534,40.82412344010076,125-2-1,Turkey
26.294602085075667,40.93626129817413,125-2-1,Turkey
26.60419559093623,41.562114569661105,125-2-1,Turkey
26.1170418637208,41.82690460872456,125-2-1,Turkey
21.0200403174764,40.84272695572588,126-1-1,Albania
20.999989861747224,40.58000397395398,126-1-1,Albania
20.674996779063633,40.43499990494303,126-1-1,Albania
20.615000441172754,40.11000682225938,126-1-1,Albania
20.15001590341052,39.62499766698397,126-1-1,Albania
19.980000441170148,39.69499339452341,126-1-1,Albania
19.960001661873207,39.91500580500605,126-1-1,Albania
19.406081984136733,40.250773423822466,126-1-1,Albania
19.319058872157143,40.72723012955356,126-1-1,Albania
19.40354983895429,41.40956574153546,126-1-1,Albania
19.540027296637106,41.71998607031276,126-1-1,Albania
19.37176883309496,41.877547512370654,126-1-1,Albania
19.37176816334725,41.877550679783496,126-1-1,Albania
19.304486118250793,42.19574514420782,126-1-1,Albania
19.73805138517963,42.68824738216557,126-1-1,Albania
19.801613396898688,42.50009349219084,126-1-1,Albania
20.070700000000045,42.58863000000008,126-1-1,Albania
20.283754510181893,42.32025950781508,126-1-1,Albania
20.522950000000037,42.21787000000006,126-1-1,Albania
20.590246546680227,41.855408919283626,126-1-1,Albania
20.59024743010491,41.855404161133606,126-1-1,Albania
20.463175083099202,41.51508901627534,126-1-1,Albania
20.605181919037364,41.086226304685226,126-1-1,Albania
21.0200403174764,40.84272695572588,126-1-1,Albania
16.564808383864857,46.50375092221983,127-1-1,Croatia
16.8825150895953,46.38063182228444,127-1-1,Croatia
17.630066359129557,45.95176911069419,127-1-1,Croatia
18.45606245288286,45.75948110613615,127-1-1,Croatia
18.829824792873946,45.908872358025285,127-1-1,Croatia
19.072768995854176,45.52151113543209,127-1-1,Croatia
19.39047570158459,45.236515611342384,127-1-1,Croatia
19.005484597557594,44.86023449354299,127-1-1,Croatia
18.553214145591653,45.08158966733146,127-1-1,Croatia
17.861783481526402,45.067740383477144,127-1-1,Croatia
17.002146030351014,45.23377676043094,127-1-1,Croatia
16.534939406000206,45.21160757097772,127-1-1,Croatia
16.318156772535872,45.00412669532591,127-1-1,Croatia
15.959367303133376,45.23377676043094,127-1-1,Croatia
15.750026075918981,44.818711656262565,127-1-1,Croatia
16.23966027188453,44.35114329688571,127-1-1,Croatia
16.456442905348865,44.04123973243128,127-1-1,Croatia
16.91615644701733,43.66772247982567,127-1-1,Croatia
17.297373488034452,43.44634064388737,127-1-1,Croatia
17.674921502358984,43.02856252702361,127-1-1,Croatia
18.559999999999945,42.64999999999998,127-1-1,Croatia
18.45001688302086,42.47999224531218,127-1-1,Croatia
18.450016310304818,42.47999136002932,127-1-1,Croatia
17.509970330483327,42.849994615239154,127-1-1,Croatia
16.930005730871642,43.20999848080038,127-1-1,Croatia
16.015384555737683,43.50721548112722,127-1-1,Croatia
15.174453973052096,44.243191229827914,127-1-1,Croatia
15.376250441151797,44.31791535092208,127-1-1,Croatia
14.92030927904051,44.73848399512946,127-1-1,Croatia
14.901602410550879,45.07606028907611,127-1-1,Croatia
14.258747592839995,45.23377676043094,127-1-1,Croatia
13.952254672917036,44.80212352149687,127-1-1,Croatia
13.656975538801191,45.13693512631596,127-1-1,Croatia
13.67940311041582,45.48414907488501,127-1-1,Croatia
13.715059848697223,45.500323798192376,127-1-1,Croatia
14.411968214585414,45.46616567644746,127-1-1,Croatia
14.595109490627806,45.634940904312714,127-1-1,Croatia
14.935243767972935,45.471695054702685,127-1-1,Croatia
15.327674594797429,45.45231639259333,127-1-1,Croatia
15.323953891672405,45.73178253842768,127-1-1,Croatia
15.671529575267556,45.83415355079788,127-1-1,Croatia
15.768732944408553,46.23810822202345,127-1-1,Croatia
16.564808383864857,46.50375092221983,127-1-1,Croatia
9.59422610844635,47.52505809182027,128-1-1,Switzerland
9.632931756232978,47.34760122332999,128-1-1,Switzerland
9.479969516649021,47.102809963563374,128-1-1,Switzerland
9.932448357796659,46.92072805438296,128-1-1,Switzerland
10.44270145024663,46.89354625099743,128-1-1,Switzerland
10.363378126678612,46.48357127540986,128-1-1,Switzerland
9.922836541390382,46.31489940040919,128-1-1,Switzerland
9.182881707403055,46.44021474871698,128-1-1,Switzerland
8.966305779667806,46.03693187111119,128-1-1,Switzerland
8.489952426801324,46.005150865251686,128-1-1,Switzerland
8.31662967289438,46.16364248309086,128-1-1,Switzerland
7.7559920589598335,45.82449005795931,128-1-1,Switzerland
7.2738509456766565,45.776947740250776,128-1-1,Switzerland
6.843592970414505,45.99114655210061,128-1-1,Switzerland
6.5000997249704255,46.42967275652944,128-1-1,Switzerland
6.022609490593538,46.27298981382047,128-1-1,Switzerland
6.037388950229001,46.725778713561866,128-1-1,Switzerland
6.768713820023606,47.2877082383037,128-1-1,Switzerland
6.736571079138059,47.541801255882845,128-1-1,Switzerland
7.192202182655507,47.44976552997102,128-1-1,Switzerland
7.466759067422231,47.62058197691181,128-1-1,Switzerland
8.317301466514095,47.61357982033627,128-1-1,Switzerland
8.522611932009767,47.83082754169129,128-1-1,Switzerland
9.59422610844635,47.52505809182027,128-1-1,Switzerland
6.043073357781111,50.128051662794235,129-1-1,Luxembourg
6.242751092156993,49.90222565367873,129-1-1,Luxembourg
6.186320428094177,49.463802802114515,129-1-1,Luxembourg
5.897759230176348,49.44266714130711,129-1-1,Luxembourg
5.674051954784829,49.529483547557504,129-1-1,Luxembourg
5.782417433300907,50.09032786722122,129-1-1,Luxembourg
6.043073357781111,50.128051662794235,129-1-1,Luxembourg
6.15665815595878,50.80372101501058,130-1-1,Belgium
6.043073357781111,50.128051662794235,130-1-1,Belgium
5.782417433300907,50.09032786722122,130-1-1,Belgium
5.674051954784829,49.529483547557504,130-1-1,Belgium
4.799221632515724,49.98537303323637,130-1-1,Belgium
4.2860229834250845,49.907496649772554,130-1-1,Belgium
3.588184441755658,50.37899241800356,130-1-1,Belgium
3.1232515804256877,50.78036326761455,130-1-1,Belgium
2.658422071960274,50.796848049515745,130-1-1,Belgium
2.5135730322461427,51.14850617126183,130-1-1,Belgium
3.3149711442285366,51.345780951536085,130-1-1,Belgium
3.3150114849641596,51.34577662473805,130-1-1,Belgium
3.3149711442285366,51.34575511331991,130-1-1,Belgium
4.047071160507528,51.26725861266857,130-1-1,Belgium
4.973991326526914,51.47502370869813,130-1-1,Belgium
5.606975945670001,51.03729848896978,130-1-1,Belgium
6.15665815595878,50.80372101501058,130-1-1,Belgium
6.905139601274129,53.48216217713065,131-1-1,Netherlands
7.092053256873896,53.144043280644894,131-1-1,Netherlands
6.842869500362383,52.22844025329755,131-1-1,Netherlands
6.589396599970826,51.852029120483394,131-1-1,Netherlands
5.988658074577813,51.851615709025054,131-1-1,Netherlands
6.15665815595878,50.80372101501058,131-1-1,Netherlands
5.606975945670001,51.03729848896978,131-1-1,Netherlands
4.973991326526914,51.47502370869813,131-1-1,Netherlands
4.047071160507528,51.26725861266857,131-1-1,Netherlands
3.3149711442285366,51.34575511331991,131-1-1,Netherlands
3.3150114849641596,51.34577662473805,131-1-1,Netherlands
3.8302885270431375,51.62054454203195,131-1-1,Netherlands
4.705997348661185,53.091798407597764,131-1-1,Netherlands
6.074182570020923,53.510403347378144,131-1-1,Netherlands
6.905139601274129,53.48216217713065,131-1-1,Netherlands
-9.034817674180246,41.880570583659676,132-1-1,Portugal
-8.67194576662672,42.13468943945496,132-1-1,Portugal
-8.263856980817792,42.28046865495034,132-1-1,Portugal
-8.013174607769912,41.790886135417125,132-1-1,Portugal
-7.422512986673795,41.79207469335984,132-1-1,Portugal
-7.251308966490824,41.91834605566505,132-1-1,Portugal
-6.6686055159676565,41.883386949219584,132-1-1,Portugal
-6.389087693700915,41.381815497394655,132-1-1,Portugal
-6.851126674822552,41.11108266861753,132-1-1,Portugal
-6.864019944679385,40.33087189387483,132-1-1,Portugal
-7.026413133156595,40.184524237624245,132-1-1,Portugal
-7.066591559263529,39.711891587882775,132-1-1,Portugal
-7.498632371439726,39.62957103124181,132-1-1,Portugal
-7.098036668313128,39.03007274022379,132-1-1,Portugal
-7.374092169616318,38.37305858006492,132-1-1,Portugal
-7.029281175148796,38.07576406508977,132-1-1,Portugal
-7.166507941099865,37.803894354802225,132-1-1,Portugal
-7.537105475281024,37.42890432387624,132-1-1,Portugal
-7.453725551778092,37.09778758396607,132-1-1,Portugal
-7.855613165711986,36.83826854099627,132-1-1,Portugal
-8.382816127953689,36.97888011326246,132-1-1,Portugal
-8.898856980820327,36.86880931248078,132-1-1,Portugal
-8.746101446965554,37.65134552667661,132-1-1,Portugal
-8.83999752443988,38.266243394517616,132-1-1,Portugal
-9.287463751655224,38.3584858261586,132-1-1,Portugal
-9.526570603869715,38.73742910415491,132-1-1,Portugal
-9.446988898140233,39.39206614842837,132-1-1,Portugal
-9.048305223008427,39.75509308527877,132-1-1,Portugal
-8.977353481471681,40.15930613866581,132-1-1,Portugal
-8.768684047877102,40.76063894303019,132-1-1,Portugal
-8.79085323733031,41.18433401139126,132-1-1,Portugal
-8.99078935386757,41.54345937760364,132-1-1,Portugal
-9.034817674180246,41.880570583659676,132-1-1,Portugal
-7.453725551778092,37.09778758396607,133-1-1,Spain
-7.537105475281024,37.42890432387624,133-1-1,Spain
-7.166507941099865,37.803894354802225,133-1-1,Spain
-7.029281175148796,38.07576406508977,133-1-1,Spain
-7.374092169616318,38.37305858006492,133-1-1,Spain
-7.098036668313128,39.03007274022379,133-1-1,Spain
-7.498632371439726,39.62957103124181,133-1-1,Spain
-7.066591559263529,39.711891587882775,133-1-1,Spain
-7.026413133156595,40.184524237624245,133-1-1,Spain
-6.864019944679385,40.33087189387483,133-1-1,Spain
-6.851126674822552,41.11108266861753,133-1-1,Spain
-6.389087693700915,41.381815497394655,133-1-1,Spain
-6.6686055159676565,41.883386949219584,133-1-1,Spain
-7.251308966490824,41.91834605566505,133-1-1,Spain
-7.422512986673795,41.79207469335984,133-1-1,Spain
-8.013174607769912,41.790886135417125,133-1-1,Spain
-8.263856980817792,42.28046865495034,133-1-1,Spain
-8.67194576662672,42.13468943945496,133-1-1,Spain
-9.034817674180246,41.880570583659676,133-1-1,Spain
-8.984433152695672,42.59277517350627,133-1-1,Spain
-9.392883673530648,43.0266246608127,133-1-1,Spain
-7.97818966310831,43.74833771420099,133-1-1,Spain
-6.754491746436756,43.567909450853925,133-1-1,Spain
-5.411886359061597,43.57423981380968,133-1-1,Spain
-4.3478427799557835,43.40344920508504,133-1-1,Spain
-3.5175317041060907,43.4559007838613,133-1-1,Spain
-1.901351284177764,43.42280202897834,133-1-1,Spain
-1.502770961910528,43.03401439063043,133-1-1,Spain
0.3380469091905809,42.57954600683955,133-1-1,Spain
0.7015906103638941,42.795734361332606,133-1-1,Spain
1.8267932470871528,42.34338471126569,133-1-1,Spain
2.9859989762584576,42.47301504166986,133-1-1,Spain
3.0394840836805486,41.892120266276905,133-1-1,Spain
2.0918416683121848,41.226088568683096,133-1-1,Spain
0.8105245296351882,41.01473196060934,133-1-1,Spain
0.7213310074994013,40.678318386389236,133-1-1,Spain
0.10669152181986874,40.12393362076202,133-1-1,Spain
-0.27871131021294104,39.30997813573272,133-1-1,Spain
0.11129072429383768,38.73851430923304,133-1-1,Spain
-0.4671235823491031,38.29236583104115,133-1-1,Spain
-0.6833894514905978,37.642353827457825,133-1-1,Spain
-1.4383821272748492,37.44306366632422,133-1-1,Spain
-2.146452602538119,36.67414419203729,133-1-1,Spain
-3.4157808089233868,36.65889964451118,133-1-1,Spain
-4.368900926114719,36.677839056946155,133-1-1,Spain
-4.995219285492212,36.32470815687964,133-1-1,Spain
-5.3771597965614575,35.946850083961465,133-1-1,Spain
-5.866432257500904,36.02981659600606,133-1-1,Spain
-6.236693894872175,36.367677110330334,133-1-1,Spain
-6.520190802425404,36.94291331638732,133-1-1,Spain
-7.453725551778092,37.09778758396607,133-1-1,Spain
-6.197884894220991,53.867565009163364,134-1-1,Ireland
-6.032985398777611,53.15316417094435,134-1-1,Ireland
-6.788856573910849,52.260117906292336,134-1-1,Ireland
-8.56161658368356,51.669301255899356,134-1-1,Ireland
-9.977085740590269,51.82045482035308,134-1-1,Ireland
-9.166282517930782,52.86462881124268,134-1-1,Ireland
-9.688524542672454,53.8813626165853,134-1-1,Ireland
-8.327987433292009,54.66451894796863,134-1-1,Ireland
-7.572167934591064,55.13162221945487,134-1-1,Ireland
-7.3660306461787854,54.59584096945272,134-1-1,Ireland
-7.572167934591064,54.059956366586,134-1-1,Ireland
-6.953730231138067,54.073702297575636,134-1-1,Ireland
-6.197884894220991,53.867565009163364,134-1-1,Ireland
165.77998986232637,-21.08000497811563,135-1-1,New Caledonia
166.59999148993384,-21.700018812753527,135-1-1,New Caledonia
167.1200114280869,-22.15999073658349,135-1-1,New Caledonia
166.7400346214448,-22.39997608814695,135-1-1,New Caledonia
166.18973229396866,-22.129708347260454,135-1-1,New Caledonia
165.47437544175222,-21.679606621998232,135-1-1,New Caledonia
164.82981530177568,-21.14981983814195,135-1-1,New Caledonia
164.16799523341365,-20.444746595951628,135-1-1,New Caledonia
164.029605747736,-20.105645847252354,135-1-1,New Caledonia
164.45996707586272,-20.1200118954295,135-1-1,New Caledonia
165.02003624904205,-20.45999114347773,135-1-1,New Caledonia
165.46000939357512,-20.80002206795826,135-1-1,New Caledonia
165.77998986232637,-21.08000497811563,135-1-1,New Caledonia
162.1190246930409,-10.48271900802115,136-1-1,Solomon Islands
162.3986458681722,-10.826367282762106,136-1-1,Solomon Islands
161.70003218001835,-10.820011081590211,136-1-1,Solomon Islands
161.31979699121476,-10.204751478723168,136-1-1,Solomon Islands
161.91738325423802,-10.446700534713713,136-1-1,Solomon Islands
162.1190246930409,-10.48271900802115,136-1-1,Solomon Islands
161.67998172428912,-9.599982191611367,136-2-1,Solomon Islands
161.5293966005906,-9.784312025596485,136-2-1,Solomon Islands
160.78825320866054,-8.917543226764892,136-2-1,Solomon Islands
160.57999718652434,-8.32000864017396,136-2-1,Solomon Islands
160.92002811100485,-8.32000864017396,136-2-1,Solomon Islands
161.28000613835,-9.120011488484451,136-2-1,Solomon Islands
161.67998172428912,-9.599982191611367,136-2-1,Solomon Islands
160.85222863183787,-9.872937106977048,136-3-1,Solomon Islands
160.4625883323572,-9.895209649294841,136-3-1,Solomon Islands
159.84944746321412,-9.794027194867354,136-3-1,Solomon Islands
159.64000288313514,-9.639979750205278,136-3-1,Solomon Islands
159.70294477766663,-9.242949720906815,136-3-1,Solomon Islands
160.36295617089843,-9.40030445723557,136-3-1,Solomon Islands
160.68851769433724,-9.610162448772869,136-3-1,Solomon Islands
160.85222863183787,-9.872937106977048,136-3-1,Solomon Islands
159.64000288313514,-8.020026950719632,136-4-1,Solomon Islands
159.87502729719859,-8.337320244991737,136-4-1,Solomon Islands
159.91740197167792,-8.53828989017483,136-4-1,Solomon Islands
159.13367719953936,-8.114181410355428,136-4-1,Solomon Islands
158.5861137229747,-7.7548235001977375,136-4-1,Solomon Islands
158.21114953026483,-7.421872246941199,136-4-1,Solomon Islands
158.35997765526542,-7.320017998893917,136-4-1,Solomon Islands
158.8200012555277,-7.560003350457379,136-4-1,Solomon Islands
159.64000288313514,-8.020026950719632,136-4-1,Solomon Islands
157.14000044171888,-7.021638278840641,136-5-1,Solomon Islands
157.5384257346892,-7.347819919466943,136-5-1,Solomon Islands
157.33941979393325,-7.404767347852592,136-5-1,Solomon Islands
156.90203047101483,-7.1768742814454285,136-5-1,Solomon Islands
156.4913578635913,-6.765943291860452,136-5-1,Solomon Islands
156.542827590154,-6.599338474151452,136-5-1,Solomon Islands
157.14000044171888,-7.021638278840641,136-5-1,Solomon Islands
176.8858236026052,-40.0659778785822,137-1-1,New Zealand
176.50801720611926,-40.60480803808957,137-1-1,New Zealand
176.01244022044023,-41.28962411882147,137-1-1,New Zealand
175.23956749908297,-41.68830779395328,137-1-1,New Zealand
175.06789839100935,-41.42589487077513,137-1-1,New Zealand
174.65097293527847,-41.2818209775454,137-1-1,New Zealand
175.22763024322356,-40.45923552832336,137-1-1,New Zealand
174.9001566917899,-39.9089332008472,137-1-1,New Zealand
173.82404666574394,-39.50885426204351,137-1-1,New Zealand
173.85226199777532,-39.14660247167748,137-1-1,New Zealand
174.57480187408035,-38.797683200842755,137-1-1,New Zealand
174.74347374908098,-38.02780771255843,137-1-1,New Zealand
174.6970166364506,-37.38112883885792,137-1-1,New Zealand
174.2920284365792,-36.71109221776149,137-1-1,New Zealand
174.31900353423552,-36.53482390721391,137-1-1,New Zealand
173.8409965355357,-36.12198088963413,137-1-1,New Zealand
173.0541711774596,-35.23712533950039,137-1-1,New Zealand
172.63600548735377,-34.52910654066943,137-1-1,New Zealand
173.00704227120946,-34.45066171645037,137-1-1,New Zealand
173.55129845610747,-35.00618336358801,137-1-1,New Zealand
174.3293904971262,-35.26549570082862,137-1-1,New Zealand
174.61200890533044,-36.15639739354052,137-1-1,New Zealand
175.33661583892712,-37.20909799575827,137-1-1,New Zealand
175.3575964704376,-36.52619394302117,137-1-1,New Zealand
175.80888675364253,-36.79894215265767,137-1-1,New Zealand
175.9584900251275,-37.55538176854612,137-1-1,New Zealand
176.76319542877656,-37.881253350578675,137-1-1,New Zealand
177.4388131045605,-37.961248467766495,137-1-1,New Zealand
178.01035444570866,-37.579824721020174,137-1-1,New Zealand
178.51709354076274,-37.6953732236248,137-1-1,New Zealand
178.27473107331383,-38.58281259537314,137-1-1,New Zealand
177.97046023997927,-39.166342868812976,137-1-1,New Zealand
177.20699262929918,-39.14577564876082,137-1-1,New Zealand
176.93998050364706,-39.44973642350161,137-1-1,New Zealand
177.0329464053401,-39.879942722331464,137-1-1,New Zealand
176.8858236026052,-40.0659778785822,137-1-1,New Zealand
169.66781456937315,-43.555325616226376,137-2-1,New Zealand
170.52491987536615,-43.031688327812816,137-2-1,New Zealand
171.125089960004,-42.51275359473782,137-2-1,New Zealand
171.56971398344325,-41.767424411792135,137-2-1,New Zealand
171.94870893787186,-41.514416599291124,137-2-1,New Zealand
172.0972270042787,-40.956104424809716,137-2-1,New Zealand
172.79857954334403,-40.4939620908235,137-2-1,New Zealand
173.02037479074076,-40.919052422856446,137-2-1,New Zealand
173.2472343285021,-41.33199879330081,137-2-1,New Zealand
173.9584053897028,-40.926700534835646,137-2-1,New Zealand
174.24758670480816,-41.34915536882171,137-2-1,New Zealand
174.24851688058942,-41.77000823340673,137-2-1,New Zealand
173.87644656808794,-42.23318409603879,137-2-1,New Zealand
173.2227396995957,-42.970038344088614,137-2-1,New Zealand
172.71124637277074,-43.372287693048555,137-2-1,New Zealand
173.08011274647015,-43.853343601253606,137-2-1,New Zealand
172.3085836123525,-43.86569426857136,137-2-1,New Zealand
171.45292524646362,-44.2425188128437,137-2-1,New Zealand
171.18513797432718,-44.89710418068486,137-2-1,New Zealand
170.61669721911653,-45.908928724959736,137-2-1,New Zealand
169.8314221540093,-46.35577483498757,137-2-1,New Zealand
169.33233117093428,-46.641235446967876,137-2-1,New Zealand
168.41135379462855,-46.61994475686363,137-2-1,New Zealand
167.76374474514682,-46.29019744240919,137-2-1,New Zealand
166.67688602118417,-46.219917494492236,137-2-1,New Zealand
166.50914432196467,-45.85270476662619,137-2-1,New Zealand
167.0464241885033,-45.110941257508635,137-2-1,New Zealand
168.30376346259686,-44.12397307716614,137-2-1,New Zealand
168.94940880765157,-43.935819187191434,137-2-1,New Zealand
169.66781456937315,-43.555325616226376,137-2-1,New Zealand
147.68925947488418,-40.808258152022674,138-1-1,Australia
148.289067824496,-40.87543751400211,138-1-1,Australia
148.35986453673587,-42.06244516374644,138-1-1,Australia
148.01730146707303,-42.40702361426865,138-1-1,Australia
147.91405195535384,-43.211522312188535,138-1-1,Australia
147.56456424376393,-42.937688897473905,138-1-1,Australia
146.87034305235488,-43.6345972633621,138-1-1,Australia
146.66332726459365,-43.58085377377856,138-1-1,Australia
146.04837772032033,-43.549744561538844,138-1-1,Australia
145.4319295595106,-42.693776137056254,138-1-1,Australia
145.29509036680173,-42.033609714527564,138-1-1,Australia
144.71807132383066,-41.16255177181576,138-1-1,Australia
144.7437545106797,-40.70397511165767,138-1-1,Australia
145.3979781434948,-40.79254851660594,138-1-1,Australia
146.3641207216237,-41.13769540788336,138-1-1,Australia
146.90858361225088,-41.00054615658073,138-1-1,Australia
147.68925947488418,-40.808258152022674,138-1-1,Australia
126.14871382050114,-32.21596607842059,138-2-1,Australia
125.08862348846566,-32.72875131605285,138-2-1,Australia
124.22164798390492,-32.95948658623607,138-2-1,Australia
124.02894656788851,-33.4838473447017,138-2-1,Australia
123.65966678273077,-33.89017913181271,138-2-1,Australia
122.81103641163364,-33.914467054989885,138-2-1,Australia
122.1830644064228,-34.0034021949642,138-2-1,Australia
121.29919070850259,-33.821036065406176,138-2-1,Australia
120.58026818245806,-33.93017669040661,138-2-1,Australia
119.89369510302822,-33.9760653622818,138-2-1,Australia
119.29889936734875,-34.50936614353394,138-2-1,Australia
119.00734093635802,-34.46414926527854,138-2-1,Australia
118.5057178081008,-34.74681934991509,138-2-1,Australia
118.02497195848949,-35.0647327613747,138-2-1,Australia
117.29550744025741,-35.02545867283287,138-2-1,Australia
116.62510908413495,-35.02509693780683,138-2-1,Australia
115.56434695847966,-34.38642791111157,138-2-1,Australia
115.02680870977957,-34.19651702243893,138-2-1,Australia
115.04861616420676,-33.623425388322055,138-2-1,Australia
115.54512332566708,-33.48725798923297,138-2-1,Australia
115.7146737000167,-33.25957162855497,138-2-1,Australia
115.67937869676135,-32.900368747694166,138-2-1,Australia
115.80164513556394,-32.205062351207005,138-2-1,Australia
115.68961063035516,-31.612437025683807,138-2-1,Australia
115.160909051577,-30.601594333622465,138-2-1,Australia
114.99704308477948,-30.03072478609414,138-2-1,Australia
115.04003787644629,-29.46109547294082,138-2-1,Australia
114.64197431850201,-28.81023080822467,138-2-1,Australia
114.6164978373821,-28.51639861421308,138-2-1,Australia
114.17357913620847,-28.11807667410732,138-2-1,Australia
114.04888390508816,-27.334765313427106,138-2-1,Australia
113.47749759323692,-26.543134047147902,138-2-1,Australia
113.33895307826242,-26.116545098578484,138-2-1,Australia
113.77835778204022,-26.549025160429174,138-2-1,Australia
113.44096235560656,-25.621278171493167,138-2-1,Australia
113.93690107631167,-25.91123463308287,138-2-1,Australia
114.23285200404723,-26.29844614024588,138-2-1,Australia
114.21616051641698,-25.786281019801123,138-2-1,Australia
113.7212553243577,-24.99893889740214,138-2-1,Australia
113.62534386602397,-24.683971042583167,138-2-1,Australia
113.39352339076264,-24.384764499613226,138-2-1,Australia
113.5020438985756,-23.806350192970285,138-2-1,Australia
113.70699262904515,-23.56021534596409,138-2-1,Australia
113.84341841029567,-23.059987481378755,138-2-1,Australia
113.73655154831609,-22.47547535572538,138-2-1,Australia
114.1497563009219,-21.75588103606104,138-2-1,Australia
114.22530724493262,-22.517488295178673,138-2-1,Australia
114.6477620789187,-21.829519952076954,138-2-1,Australia
115.46016727097924,-21.495173435148537,138-2-1,Australia
115.94737267462702,-21.068687839443704,138-2-1,Australia
116.71161543179153,-20.701681817306824,138-2-1,Australia
117.16631635952771,-20.623598728113805,138-2-1,Australia
117.44154503791424,-20.74689869556221,138-2-1,Australia
118.229558953933,-20.37420826587322,138-2-1,Australia
118.83608523974274,-20.263310642174858,138-2-1,Australia
118.98780724495168,-20.044202569257315,138-2-1,Australia
119.25249393115067,-19.952941989829867,138-2-1,Australia
119.80522505094451,-19.976506442954964,138-2-1,Australia
120.85622033089668,-19.683707777589206,138-2-1,Australia
121.39985639860717,-19.239755547769725,138-2-1,Australia
121.65513797412902,-18.70531788500717,138-2-1,Australia
122.24166548064179,-18.197648614171804,138-2-1,Australia
122.28662397673571,-17.798603204013958,138-2-1,Australia
122.3127722514754,-17.25496713630345,138-2-1,Australia
123.01257449757193,-16.405199883695886,138-2-1,Australia
123.43378909718304,-17.268558037996215,138-2-1,Australia
123.85934451710659,-17.069035332917288,138-2-1,Australia
123.50324222218329,-16.596506036040402,138-2-1,Australia
123.81707319549184,-16.111316013252,138-2-1,Australia
124.25828657439985,-16.327943617419535,138-2-1,Australia
124.37972619028575,-15.56705982835399,138-2-1,Australia
124.92615278534004,-15.07510019293536,138-2-1,Australia
125.16727501841387,-14.680395603090028,138-2-1,Australia
125.67008670461381,-14.510070082256014,138-2-1,Australia
125.68579634003055,-14.23065561285385,138-2-1,Australia
126.12514936737608,-14.347340996968903,138-2-1,Australia
126.14282270721986,-14.095986830301227,138-2-1,Australia
126.58258914602374,-13.952791436420448,138-2-1,Australia
127.06586714081732,-13.817967624570954,138-2-1,Australia
127.80463341686196,-14.27690601975508,138-2-1,Australia
128.35968997610894,-14.869169610252243,138-2-1,Australia
128.98554324759584,-14.875990899314765,138-2-1,Australia
129.62147342337965,-14.969783623924522,138-2-1,Australia
129.40960005098293,-14.42066985439107,138-2-1,Australia
129.8886405783286,-13.618703301653492,138-2-1,Australia
130.33946577364293,-13.357375583553484,138-2-1,Australia
130.18350630098604,-13.107520033422276,138-2-1,Australia
130.61779503796697,-12.536392103732489,138-2-1,Australia
131.22349450086,-12.183648776908166,138-2-1,Australia
131.73509118054955,-12.302452894747184,138-2-1,Australia
132.5752982931831,-12.114040622611007,138-2-1,Australia
132.55721154188097,-11.603012383676678,138-2-1,Australia
131.82469811414364,-11.27378183354515,138-2-1,Australia
132.3572237489114,-11.128519382372696,138-2-1,Australia
133.01956058159635,-11.376411228076812,138-2-1,Australia
133.55084598198908,-11.786515394745116,138-2-1,Australia
134.39306847548204,-12.042365411022182,138-2-1,Australia
134.67863244032696,-11.941182956594693,138-2-1,Australia
135.29849124566795,-12.248606052299046,138-2-1,Australia
135.8826933127276,-11.962266940969776,138-2-1,Australia
136.2583809754895,-12.049341729381588,138-2-1,Australia
136.49247521377168,-11.857208754120398,138-2-1,Australia
136.951620314685,-12.351958916882793,138-2-1,Australia
136.6851249533558,-12.887223402562022,138-2-1,Australia
136.3054065288751,-13.291229750219884,138-2-1,Australia
135.96175825413417,-13.324509372615852,138-2-1,Australia
136.07761681533253,-13.724278252825783,138-2-1,Australia
135.78383629775323,-14.2239893530882,138-2-1,Australia
135.4286641786112,-14.715432224183912,138-2-1,Australia
135.50018436090318,-14.997740573794424,138-2-1,Australia
136.2951745952813,-15.55026498785913,138-2-1,Australia
137.06536014215942,-15.87076222093333,138-2-1,Australia
137.5804708192448,-16.21508228929408,138-2-1,Australia
138.30321740127897,-16.807604261952704,138-2-1,Australia
138.58516401586343,-16.806622409739155,138-2-1,Australia
139.10854292211548,-17.06267913174539,138-2-1,Australia
139.2605749859182,-17.371600843986208,138-2-1,Australia
140.21524539607827,-17.710804945550066,138-2-1,Australia
140.87546349503924,-17.369068698803908,138-2-1,Australia
141.07111046769626,-16.83204721442676,138-2-1,Australia
141.27409549373874,-16.38887013109165,138-2-1,Australia
141.39822228410384,-15.840531508042588,138-2-1,Australia
141.70218305884464,-15.044921156476901,138-2-1,Australia
141.56338016170866,-14.561333103089552,138-2-1,Australia
141.6355204611881,-14.270394789286307,138-2-1,Australia
141.5198686057189,-13.698078301653808,138-2-1,Australia
141.65092003801107,-12.944687595270585,138-2-1,Australia
141.8426912782462,-12.741547539931231,138-2-1,Australia
141.68699018775084,-12.407614434461145,138-2-1,Australia
141.9286291851476,-11.877465915578817,138-2-1,Australia
142.11848839738798,-11.328042087451612,138-2-1,Australia
142.1437064963464,-11.042736504768186,138-2-1,Australia
142.51526004452495,-10.668185723516686,138-2-1,Australia
142.797310011974,-11.157354831591562,138-2-1,Australia
142.86676313697427,-11.784706719614903,138-2-1,Australia
143.11594689348573,-11.905629571177885,138-2-1,Australia
143.15863162655876,-12.325655612846232,138-2-1,Australia
143.5221236512998,-12.834358412327433,138-2-1,Australia
143.5971578309876,-13.400422051652612,138-2-1,Australia
143.5618111513,-13.763655694232192,138-2-1,Australia
143.9220992372389,-14.548310642151996,138-2-1,Australia
144.56371382057483,-14.171176039285903,138-2-1,Australia
144.89490807513346,-14.594457696188641,138-2-1,Australia
145.3747237489635,-14.98497649501833,138-2-1,Australia
145.27199100156724,-15.428205254785732,138-2-1,Australia
145.4852596376358,-16.28567229580478,138-2-1,Australia
145.637033319277,-16.78491830817657,138-2-1,Australia
145.88890425026761,-16.906926364817686,138-2-1,Australia
146.16030887266453,-17.761654554925272,138-2-1,Australia
146.06367394427872,-18.28007252367734,138-2-1,Australia
146.38747846901964,-18.958274021075887,138-2-1,Australia
147.4710815777479,-19.48072275154673,138-2-1,Australia
148.17760176004242,-19.9559392229028,138-2-1,Australia
148.84841352762322,-20.391209812097244,138-2-1,Australia
148.71746544819558,-20.63346892668155,138-2-1,Australia
149.28942020080206,-21.260510756111135,138-2-1,Australia
149.6783370302307,-22.342511895438385,138-2-1,Australia
150.07738244038853,-22.122783705333337,138-2-1,Australia
150.48293908101516,-22.556142266532994,138-2-1,Australia
150.72726525289113,-22.402404880464665,138-2-1,Australia
150.89955447815225,-23.462236830338696,138-2-1,Australia
151.60917524638427,-24.07625619883074,138-2-1,Australia
152.07353966695905,-24.457886651306225,138-2-1,Australia
152.8551973818059,-25.267501316023,138-2-1,Australia
153.1361621441768,-26.071173191026215,138-2-1,Australia
153.16194868389044,-26.641319268502457,138-2-1,Australia
153.0929089703485,-27.260299574494514,138-2-1,Australia
153.56946902894418,-28.11006682710208,138-2-1,Australia
153.51210818910022,-28.99507740653271,138-2-1,Australia
153.339095493787,-29.45820159273248,138-2-1,Australia
153.06924116435886,-30.350240166954794,138-2-1,Australia
153.08960167868184,-30.923641859665423,138-2-1,Australia
152.89157759013938,-31.640445651986,138-2-1,Australia
152.45000247620533,-32.550002536755265,138-2-1,Australia
151.70911746643674,-33.041342054986394,138-2-1,Australia
151.3439717958624,-33.81602345147387,138-2-1,Australia
151.0105554547152,-34.31036020277793,138-2-1,Australia
150.71413943908902,-35.173459974916796,138-2-1,Australia
150.3282198427333,-35.671879164371916,138-2-1,Australia
150.0752120302323,-36.42020558039054,138-2-1,Australia
149.9461243023672,-37.10905242284121,138-2-1,Australia
149.99728397033613,-37.42526051203518,138-2-1,Australia
149.42388227762552,-37.77268116633344,138-2-1,Australia
148.30462243061584,-37.809061374666925,138-2-1,Australia
147.38173302631526,-38.21921721776752,138-2-1,Australia
146.92212283751132,-38.606532077795116,138-2-1,Australia
146.31792199115478,-39.03575652441141,138-2-1,Australia
145.4896521343806,-38.59376799901902,138-2-1,Australia
144.87697635312816,-38.41744801203915,138-2-1,Australia
145.03221235573295,-37.89618783951102,138-2-1,Australia
144.48568240781407,-38.085323581699285,138-2-1,Australia
143.60997358619602,-38.8094654274053,138-2-1,Australia
142.74542687395297,-38.538267510737555,138-2-1,Australia
142.17832970598192,-38.380034275059835,138-2-1,Australia
141.60658165910468,-38.30851409276788,138-2-1,Australia
140.63857872941327,-38.019332777662555,138-2-1,Australia
139.99215823787426,-37.402936293285094,138-2-1,Australia
139.8065881695141,-36.64360279718831,138-2-1,Australia
139.57414757706528,-36.13836231867066,138-2-1,Australia
139.08280805883413,-35.732754001611745,138-2-1,Australia
138.12074791885635,-35.61229623793939,138-2-1,Australia
138.44946170466494,-35.127261244447865,138-2-1,Australia
138.20756432510672,-34.38472258884593,138-2-1,Australia
137.71917036351618,-35.076825046531,138-2-1,Australia
136.8294055523147,-35.26053476332861,138-2-1,Australia
137.35237104710848,-34.7073385556441,138-2-1,Australia
137.50388634658827,-34.13026783624075,138-2-1,Australia
137.8901160015377,-33.64047861097838,138-2-1,Australia
137.81032759007905,-32.90000701266812,138-2-1,Australia
136.9968371929404,-33.752771498348615,138-2-1,Australia
136.37206912653164,-34.094766127256236,138-2-1,Australia
135.98904341038428,-34.89011809666046,138-2-1,Australia
135.20821251845405,-34.478670342752565,138-2-1,Australia
135.23921837782916,-33.94795338311502,138-2-1,Australia
134.6134167827746,-33.222778008763164,138-2-1,Australia
134.08590376193916,-32.84807219821479,138-2-1,Australia
134.27390262261702,-32.61723357516699,138-2-1,Australia
132.99077680880976,-32.01122405368019,138-2-1,Australia
132.28808068250487,-31.982646986622782,138-2-1,Australia
131.32633060112084,-31.49580331800104,138-2-1,Australia
129.53579389863972,-31.590422865527465,138-2-1,Australia
128.24093753470225,-31.948488864877852,138-2-1,Australia
127.1028674663383,-32.28226694105106,138-2-1,Australia
126.14871382050114,-32.21596607842059,138-2-1,Australia
81.7879590188914,7.523055324733164,139-1-1,Sri Lanka
81.63732221876059,6.481775214051922,139-1-1,Sri Lanka
81.21801964714433,6.197141424988288,139-1-1,Sri Lanka
80.34835696810441,5.968369859232155,139-1-1,Sri Lanka
79.87246870312853,6.76346344647493,139-1-1,Sri Lanka
79.69516686393513,8.200843410673386,139-1-1,Sri Lanka
80.14780073437964,9.824077663609557,139-1-1,Sri Lanka
80.83881798698656,9.268426825391188,139-1-1,Sri Lanka
81.30431928907177,8.56420624433369,139-1-1,Sri Lanka
81.7879590188914,7.523055324733164,139-1-1,Sri Lanka
109.47520958866365,18.197700913968575,140-1-1,China
108.65520796105616,18.507681993071387,140-1-1,China
108.62621748254044,19.367887885001906,140-1-1,China
109.11905561730804,19.821038519769345,140-1-1,China
110.21159874882281,20.101253973872033,140-1-1,China
110.78655073450221,20.077534491450052,140-1-1,China
111.01005130416458,19.69592987719072,140-1-1,China
110.57064660038677,19.25587921800927,140-1-1,China
110.33918786015147,18.678395087147592,140-1-1,China
109.47520958866365,18.197700913968575,140-1-1,China
80.2599902688853,42.34999929459906,140-2-1,China
80.1801501809943,42.92006785742694,140-2-1,China
80.86620649610126,43.18036204688101,140-2-1,China
79.96610639844141,44.91751699480463,140-2-1,China
81.9470707539181,45.31702749285312,140-2-1,China
82.45892581576906,45.539649563166506,140-2-1,China
83.18048383986047,47.33003123635086,140-2-1,China
85.16429039911324,47.0009557155161,140-2-1,China
85.72048383987067,47.452969468773105,140-2-1,China
85.7682328633083,48.45575063739699,140-2-1,China
86.59877648310336,48.549181626980626,140-2-1,China
87.35997033076265,49.21498078062912,140-2-1,China
87.75126427607671,49.297197984405486,140-2-1,China
88.01383222855173,48.599462795600616,140-2-1,China
88.85429772334676,48.069081732772965,140-2-1,China
90.28082563676392,47.69354909930793,140-2-1,China
90.97080936072501,46.88814606382293,140-2-1,China
90.58576826371828,45.71971609148753,140-2-1,China
90.9455395853343,45.28607330991028,140-2-1,China
92.13389082231822,45.11507599545646,140-2-1,China
93.4807336771413,44.975472113619965,140-2-1,China
94.68892866412533,44.35233185482842,140-2-1,China
95.30687544147153,44.24133087826547,140-2-1,China
95.76245486855669,43.319449164394605,140-2-1,China
96.34939578652781,42.725635280928685,140-2-1,China
97.45175744017801,42.74888967546002,140-2-1,China
99.51581749878004,42.524691473961724,140-2-1,China
100.84586551310827,42.66380442969145,140-2-1,China
101.83304039917994,42.51487295182628,140-2-1,China
103.31227827353482,41.9074681666676,140-2-1,China
104.52228193564899,41.908346666016556,140-2-1,China
104.96499393109347,41.59740957291635,140-2-1,China
106.12931562706169,42.13432770442891,140-2-1,China
107.74477257693795,42.48151581478187,140-2-1,China
109.24359581913146,42.5194463160841,140-2-1,China
110.41210330611528,42.87123362891103,140-2-1,China
111.12968224492023,43.40683401140015,140-2-1,China
111.82958784388137,43.74311839453952,140-2-1,China
111.66773725794323,44.07317576758771,140-2-1,China
111.34837690637946,44.45744171811009,140-2-1,China
111.8733061056003,45.10207937273506,140-2-1,China
112.43606245325881,45.01164561622429,140-2-1,China
113.46390669154417,44.80889313412712,140-2-1,China
114.46033165899607,45.339816799493825,140-2-1,China
115.98509647020009,45.727235012386004,140-2-1,China
116.71786828009886,46.38820241961521,140-2-1,China
117.42170128791419,46.67273285581426,140-2-1,China
118.87432579963873,46.80541209572365,140-2-1,China
119.66326989143876,46.69267995867892,140-2-1,China
119.7728239278975,47.04805878355013,140-2-1,China
118.86657433479495,47.74706004494617,140-2-1,China
118.06414269416672,48.06673045510369,140-2-1,China
117.29550744025741,47.69770905210743,140-2-1,China
116.30895267137323,47.85341014260284,140-2-1,China
115.74283735561579,47.72654450132629,140-2-1,China
115.48528201707306,48.13538259540344,140-2-1,China
116.19180219936757,49.134598090199106,140-2-1,China
116.67880089728612,49.888531399121405,140-2-1,China
117.8792444194264,49.510983384796965,140-2-1,China
119.2884607280258,50.142882798862004,140-2-1,China
119.27939000000003,50.58292,140-2-1,China
120.18208000000016,51.64355000000012,140-2-1,China
120.7382,51.96411000000006,140-2-1,China
120.72578901579197,52.516226304730935,140-2-1,China
120.17708865771681,52.75388621684124,140-2-1,China
121.00308475147017,53.25140106873119,140-2-1,China
122.24574791879283,53.431725979213695,140-2-1,China
123.57146999999998,53.45880000000005,140-2-1,China
125.06821129771038,53.16104482686886,140-2-1,China
125.94634891164617,52.79279857035698,140-2-1,China
126.56439904185697,51.7842554795327,140-2-1,China
126.93915652883766,51.35389415140592,140-2-1,China
127.28745568248485,50.73979726826548,140-2-1,China
127.65740000000028,49.760270000000105,140-2-1,China
129.39781782442043,49.44060008401544,140-2-1,China
130.58229332898242,48.72968740497614,140-2-1,China
130.9872600000001,47.79013000000003,140-2-1,China
132.50669000000005,47.78896000000003,140-2-1,China
133.37359581922794,48.18344167743487,140-2-1,China
135.02631147678665,48.478229885443874,140-2-1,China
134.50081,47.57845000000009,140-2-1,China
134.1123500000001,47.212480000000085,140-2-1,China
133.76964399631288,46.116926988299014,140-2-1,China
133.09712000000013,45.14409000000006,140-2-1,China
131.8834542176595,45.32116160743652,140-2-1,China
131.02519000000018,44.96796000000006,140-2-1,China
131.28855512911548,44.11151968034828,140-2-1,China
131.1446879416149,42.92998973242689,140-2-1,China
130.63386640840974,42.90301463477053,140-2-1,China
130.63999970690955,42.39502427522179,140-2-1,China
129.99426720593323,42.985386867843786,140-2-1,China
129.59666873587952,42.42498179785456,140-2-1,China
128.0522152039723,41.99428457291795,140-2-1,China
128.20843305879066,41.46677155208249,140-2-1,China
127.34378299368302,41.50315176041597,140-2-1,China
126.86908328664987,41.81656932226619,140-2-1,China
126.18204511932943,41.10733612727637,140-2-1,China
125.07994184784064,40.56982371679245,140-2-1,China
124.26562462778531,39.928493353834156,140-2-1,China
122.86757042856095,39.63778758397622,140-2-1,China
122.1313879741309,39.170451768544666,140-2-1,China
121.05455447803286,38.897471014962846,140-2-1,China
121.58599490772248,39.36085358332407,140-2-1,China
121.37675703337268,39.75026133885949,140-2-1,China
122.16859500538106,40.422442531896024,140-2-1,China
121.64035851449353,40.94638987890333,140-2-1,China
120.76862877816194,40.59338816991754,140-2-1,China
119.63960208544907,39.898055935214245,140-2-1,China
119.02346398323306,39.252333075511146,140-2-1,China
118.04274865119791,39.2042739934797,140-2-1,China
117.53270226447711,38.73763580988408,140-2-1,China
118.05969852098964,38.06147553156106,140-2-1,China
118.87814985562832,37.89732534438593,140-2-1,China
118.91163618375344,37.44846385349871,140-2-1,China
119.70280236214205,37.15638865818505,140-2-1,China
120.8234574728236,37.87042776137801,140-2-1,China
121.711258579598,37.48112335870718,140-2-1,China
122.35793745329849,37.45448415786072,140-2-1,China
122.5199947449658,36.93061432550185,140-2-1,China
121.10416385303307,36.651329047180425,140-2-1,China
120.63700890511453,36.111439520811075,140-2-1,China
119.66456180224606,35.60979055433772,140-2-1,China
119.1512081238586,34.90985911716044,140-2-1,China
120.22752485563373,34.36033193616865,140-2-1,China
120.62036909391655,33.37672272392514,140-2-1,China
121.22901411345023,32.46031871187719,140-2-1,China
121.90814578663003,31.692174384074647,140-2-1,China
121.89191938689038,30.949351508095106,140-2-1,China
121.26425744027328,30.6762674016487,140-2-1,China
121.50351932178467,30.14291494396429,140-2-1,China
122.0921138855891,29.83252045340315,140-2-1,China
121.93842817595306,29.01802236583478,140-2-1,China
121.68443851123851,28.225512600206617,140-2-1,China
121.12566124886649,28.135673122667185,140-2-1,China
120.39547326058232,27.05320689544932,140-2-1,China
119.5854968608395,25.740780544532612,140-2-1,China
118.65687137255452,24.54739085540024,140-2-1,China
117.28160647997088,23.624501451099658,140-2-1,China
115.89073530483512,22.78287323657807,140-2-1,China
114.76382734584624,22.668074042241667,140-2-1,China
114.15254682826564,22.22376007739615,140-2-1,China
113.80677981980074,22.5483397486214,140-2-1,China
113.24107791550159,22.051367499270455,140-2-1,China
111.84359215703248,21.550493679281473,140-2-1,China
110.78546552942407,21.397143866455338,140-2-1,China
110.44403934127168,20.34103261970633,140-2-1,China
109.88986128137361,20.282457383703488,140-2-1,China
109.62765506392466,21.008227037026703,140-2-1,China
109.86448815311832,21.395050970947523,140-2-1,China
108.5228129415244,21.715212307211814,140-2-1,China
108.05018029178294,21.55237986906012,140-2-1,China
107.04342003787264,21.811898912029914,140-2-1,China
106.56727339073532,22.21820486092477,140-2-1,China
106.72540327354847,22.79426788989842,140-2-1,China
105.81124718630522,22.976892401617903,140-2-1,China
105.32920942588663,23.352063300056912,140-2-1,China
104.47685835166448,22.819150092046968,140-2-1,China
103.50451460166056,22.70375661873921,140-2-1,China
102.7069922221001,22.708795070887675,140-2-1,China
102.17043582561358,22.464753119389304,140-2-1,China
101.65201785686152,22.318198757409547,140-2-1,China
101.80311974488293,21.17436676684507,140-2-1,China
101.27002566935997,21.201651923095184,140-2-1,China
101.18000532430754,21.436572984294028,140-2-1,China
101.15003299357825,21.849984442629022,140-2-1,China
100.41653771362738,21.558839423096614,140-2-1,China
99.98348921102149,21.7429367131364,140-2-1,China
99.24089887898725,22.11831431730458,140-2-1,China
99.5319922220874,22.94903880461258,140-2-1,China
98.89874922078278,23.14272207284253,140-2-1,China
98.66026248575577,24.063286037689966,140-2-1,China
97.60471967976198,23.897404690033042,140-2-1,China
97.72460900267914,25.083637193293,140-2-1,China
98.67183800658916,25.918702500913525,140-2-1,China
98.71209394734451,26.743535874940267,140-2-1,China
98.68269005737046,27.50881216075062,140-2-1,China
98.2462309102333,27.74722138112918,140-2-1,China
97.91198774616944,28.335945136014345,140-2-1,China
97.32711388549004,28.26158274994634,140-2-1,China
96.24883344928779,28.411030992134442,140-2-1,China
96.58659061074749,28.83097951915434,140-2-1,China
96.11767866413103,29.452802028922466,140-2-1,China
95.40480228066464,29.03171662039213,140-2-1,China
94.56599043170294,29.277438055939985,140-2-1,China
93.41334760943269,28.640629380807226,140-2-1,China
92.50311893104364,27.89687632904645,140-2-1,China
91.69665652869668,27.771741848251665,140-2-1,China
91.25885379431992,28.040614325466294,140-2-1,China
90.7305139505678,28.064953925075756,140-2-1,China
90.01582889197118,28.296438503527217,140-2-1,China
89.47581017452111,28.042758897406397,140-2-1,China
88.81424848832056,27.299315904239364,140-2-1,China
88.73032596227856,28.086864732367516,140-2-1,China
88.12044070836987,27.876541652939594,140-2-1,China
86.9545170430006,27.974261786403517,140-2-1,China
85.82331994013151,28.203575954698707,140-2-1,China
85.01163821812304,28.642773952747344,140-2-1,China
84.23457970575015,28.839893703724698,140-2-1,China
83.89899295444673,29.320226141877658,140-2-1,China
83.33711510613719,29.463731594352197,140-2-1,China
82.32751264845088,30.115268052688137,140-2-1,China
81.52580447787474,30.42271698660863,140-2-1,China
81.11125613802932,30.183480943313402,140-2-1,China
79.7213668151071,30.88271474865473,140-2-1,China
78.73889448437401,31.515906073527063,140-2-1,China
78.45844648632601,32.61816437431273,140-2-1,China
79.17612877799553,32.48377981213771,140-2-1,China
79.20889163606859,32.994394639613716,140-2-1,China
78.81108646028574,33.50619802503242,140-2-1,China
78.91226891471322,34.32193634697579,140-2-1,China
77.83745079947457,35.494009507787766,140-2-1,China
76.19284834178569,35.89840342868783,140-2-1,China
75.89689741405013,36.666806138651836,140-2-1,China
75.15802778514092,37.13303091078912,140-2-1,China
74.98000247589542,37.419990139305895,140-2-1,China
74.8299857929521,37.9900070257014,140-2-1,China
74.86481570831683,38.3788463404816,140-2-1,China
74.25751427602273,38.60650686294345,140-2-1,China
73.92885216664644,38.50581533462274,140-2-1,China
73.6753792662548,39.4312368841056,140-2-1,China
73.96001305531843,39.660008449861735,140-2-1,China
73.8222436868283,39.893973497063186,140-2-1,China
74.77686242055606,40.36642527929163,140-2-1,China
75.4678279967307,40.56207225194867,140-2-1,China
76.52636803579745,40.42794607193512,140-2-1,China
76.90448449087708,41.06648590754965,140-2-1,China
78.18719689322597,41.185315863604806,140-2-1,China
78.54366092317531,41.58224254003869,140-2-1,China
80.11943037305139,42.12394074153825,140-2-1,China
80.2599902688853,42.34999929459906,140-2-1,China
121.77781782438993,24.3942735865194,141-1-1,Taiwan
121.17563235889274,22.790857245367167,141-1-1,Taiwan
120.74707970589623,21.970571397382113,141-1-1,Taiwan
120.22008344938368,22.81486094816674,141-1-1,Taiwan
120.1061885926124,23.556262722258236,141-1-1,Taiwan
120.69467980355225,24.538450832613737,141-1-1,Taiwan
121.49504438688878,25.295458889257386,141-1-1,Taiwan
121.95124393116146,24.997595933527037,141-1-1,Taiwan
121.77781782438993,24.3942735865194,141-1-1,Taiwan
10.44270145024663,46.89354625099743,142-1-1,Italy
11.048555942436536,46.75135854754634,142-1-1,Italy
11.16482791509327,46.94157949481273,142-1-1,Italy
12.153088006243054,47.11539317482645,142-1-1,Italy
12.376485223040817,46.76755910906985,142-1-1,Italy
13.806475457421527,46.509306138691215,142-1-1,Italy
13.698109978905478,46.01677806251735,142-1-1,Italy
13.937630242578308,45.59101593686462,142-1-1,Italy
13.141606479554296,45.73669179949542,142-1-1,Italy
12.32858117030625,45.381778062514826,142-1-1,Italy
12.383874952858548,44.885374253919096,142-1-1,Italy
12.261453484759102,44.600482082693986,142-1-1,Italy
12.589237094786455,44.09136587175446,142-1-1,Italy
13.526905958722494,43.587727362637864,142-1-1,Italy
14.029820997787029,42.761007798832466,142-1-1,Italy
15.142569614327925,41.95513967545685,142-1-1,Italy
15.926191033601896,41.961315009115715,142-1-1,Italy
16.169897088290384,41.74029490820339,142-1-1,Italy
15.889345737377797,41.541082261718216,142-1-1,Italy
16.785001661860548,41.17960561783656,142-1-1,Italy
17.51916873543118,40.87714345963222,142-1-1,Italy
18.37668745288252,40.35562490494263,142-1-1,Italy
18.48024702319543,40.16886627863981,142-1-1,Italy
18.293385044028042,39.810774441073264,142-1-1,Italy
17.738380161213314,40.277671006830346,142-1-1,Italy
16.869595981522338,40.44223460546381,142-1-1,Italy
16.448743116937322,39.79540070246644,142-1-1,Italy
17.17148969897147,39.42469981542068,142-1-1,Italy
17.052840610429314,38.90287120213735,142-1-1,Italy
16.635088331781816,38.843572496082416,142-1-1,Italy
16.100960727613,37.9858987493342,142-1-1,Italy
15.684086948314473,37.908849188787016,142-1-1,Italy
15.687962680736348,38.21459280044188,142-1-1,Italy
15.89198123542468,38.75094249119924,142-1-1,Italy
16.109332309644287,38.9645470240777,142-1-1,Italy
15.718813510814613,39.54407237401492,142-1-1,Italy
15.413612501698793,40.048356838535156,142-1-1,Italy
14.99849572109818,40.17294871679087,142-1-1,Italy
14.703268263414714,40.604550279292596,142-1-1,Italy
14.060671827865264,40.7863479680954,142-1-1,Italy
13.627985060285397,41.1882872584616,142-1-1,Italy
12.888081902730365,41.253089504555604,142-1-1,Italy
12.106682570044939,41.70453481705741,142-1-1,Italy
11.191906365614216,42.3554253199897,142-1-1,Italy
10.51194786951774,42.93146251074721,142-1-1,Italy
10.200028924203991,43.9200068222746,142-1-1,Italy
9.702488234097842,44.03627879493132,142-1-1,Italy
8.88894616052687,44.36633616797951,142-1-1,Italy
8.428560825238577,44.23122813575242,142-1-1,Italy
7.8507666357831445,43.76714793555524,142-1-1,Italy
7.435184767291872,43.69384491634922,142-1-1,Italy
7.549596388386107,44.12790110938481,142-1-1,Italy
7.007562290076635,44.25476675066136,142-1-1,Italy
6.749955275101655,45.02851797136758,142-1-1,Italy
7.096652459347837,45.33309886329589,142-1-1,Italy
6.802355177445605,45.70857982032864,142-1-1,Italy
6.843592970414505,45.99114655210061,142-1-1,Italy
7.2738509456766565,45.776947740250776,142-1-1,Italy
7.7559920589598335,45.82449005795931,142-1-1,Italy
8.31662967289438,46.16364248309086,142-1-1,Italy
8.489952426801324,46.005150865251686,142-1-1,Italy
8.966305779667806,46.03693187111119,142-1-1,Italy
9.182881707403055,46.44021474871698,142-1-1,Italy
9.922836541390382,46.31489940040919,142-1-1,Italy
10.363378126678612,46.48357127540986,142-1-1,Italy
10.44270145024663,46.89354625099743,142-1-1,Italy
14.761249220446189,38.14387360285046,142-2-1,Italy
15.520376010813806,38.23115509699143,142-2-1,Italy
15.160242954171736,37.44404551853776,142-2-1,Italy
15.309897902089006,37.13421946873183,142-2-1,Italy
15.099988234119422,36.6199872909954,142-2-1,Italy
14.335228712631988,36.996630967754726,142-2-1,Italy
13.826732618879959,37.10453135838016,142-2-1,Italy
12.431003859108756,37.61294993748375,142-2-1,Italy
12.570943637755136,38.12638113051966,142-2-1,Italy
13.741156447004613,38.03496552179533,142-2-1,Italy
14.761249220446189,38.14387360285046,142-2-1,Italy
8.709990675500109,40.899984442705225,142-3-1,Italy
9.210011834356266,41.209991360024176,142-3-1,Italy
9.80997521326492,40.50000885676613,142-3-1,Italy
9.669518670295616,39.17737641047178,142-3-1,Italy
9.214817742559433,39.24047333430015,142-3-1,Italy
8.806935662479674,38.906617743478506,142-3-1,Italy
8.428302443077115,39.17184703221655,142-3-1,Italy
8.388253208050912,40.37831085871876,142-3-1,Italy
8.159998406617689,40.95000722916376,142-3-1,Italy
8.709990675500109,40.899984442705225,142-3-1,Italy
9.921906365609118,54.98310415304803,143-1-1,Denmark
9.282048780971138,54.830865383516176,143-1-1,Denmark
8.526229282270208,54.96274363872516,143-1-1,Denmark
8.120310906617533,55.5177226833236,143-1-1,Denmark
8.08997684086222,56.54001170513759,143-1-1,Denmark
8.256581658571207,56.80996938743033,143-1-1,Denmark
8.543437534223415,57.11000275331695,143-1-1,Denmark
9.424469028367554,57.1720661484995,143-1-1,Denmark
9.775558709358535,57.44794078228966,143-1-1,Denmark
10.580005730846125,57.73001658795485,143-1-1,Denmark
10.546105991262664,57.21573273378612,143-1-1,Denmark
10.250000034230226,56.89001618105044,143-1-1,Denmark
10.369992710011957,56.60998159446079,143-1-1,Denmark
10.912181837618306,56.458621324277885,143-1-1,Denmark
10.667803989310016,56.08138336854721,143-1-1,Denmark
10.369992710011957,56.19000722922473,143-1-1,Denmark
9.649984978889279,55.469999498102055,143-1-1,Denmark
9.921906365609118,54.98310415304803,143-1-1,Denmark
12.370904168353292,56.111407375708794,143-2-1,Denmark
12.690006137755603,55.60999095318074,143-2-1,Denmark
12.089991082414684,54.80001455343792,143-2-1,Denmark
11.043543328504226,55.36486379660424,143-2-1,Denmark
10.903913608451603,55.77995473898872,143-2-1,Denmark
12.370904168353292,56.111407375708794,143-2-1,Denmark
-6.197884894220991,53.867565009163364,144-1-1,United Kingdom
-6.953730231138067,54.073702297575636,144-1-1,United Kingdom
-7.572167934591064,54.059956366586,144-1-1,United Kingdom
-7.3660306461787854,54.59584096945272,144-1-1,United Kingdom
-7.572167934591064,55.13162221945487,144-1-1,United Kingdom
-6.733847011736145,55.17286001242378,144-1-1,United Kingdom
-5.661948614921968,54.55460317648381,144-1-1,United Kingdom
-6.197884894220991,53.867565009163364,144-1-1,United Kingdom
-3.093830673788716,53.404547400669685,144-2-1,United Kingdom
-3.0920796370471066,53.40444082296358,144-2-1,United Kingdom
-2.9450085107443442,53.98499970154671,144-2-1,United Kingdom
-3.614700825433033,54.600936773292574,144-2-1,United Kingdom
-3.6300054589893307,54.615012925833014,144-2-1,United Kingdom
-4.8441690739030605,54.790971177786844,144-2-1,United Kingdom
-5.0825266178492825,55.06160065369937,144-2-1,United Kingdom
-4.7191121077567,55.50847260194348,144-2-1,United Kingdom
-5.047980922862109,55.78398550070756,144-2-1,United Kingdom
-5.586397670911197,55.31114614523682,144-2-1,United Kingdom
-5.644998745130238,56.27501496034483,144-2-1,United Kingdom
-6.1499808414864106,56.785009670633485,144-2-1,United Kingdom
-5.786824713555291,57.81884837506465,144-2-1,United Kingdom
-5.009998745127632,58.63001333275008,144-2-1,United Kingdom
-4.211494513353557,58.55084503847911,144-2-1,United Kingdom
-3.0050048486352807,58.63500010846633,144-2-1,United Kingdom
-4.073828497728073,57.55302480735526,144-2-1,United Kingdom
-3.0550017968777183,57.69001902936094,144-2-1,United Kingdom
-1.9592805647769183,57.68479970969952,144-2-1,United Kingdom
-2.219988165689358,56.87001740175356,144-2-1,United Kingdom
-3.1190030582711756,55.973793036515474,144-2-1,United Kingdom
-2.085009324543023,55.9099984808513,144-2-1,United Kingdom
-2.005675679673857,55.804902850350175,144-2-1,United Kingdom
-1.11499101399221,54.624986477265395,144-2-1,United Kingdom
-0.4304849918542004,54.46437612570219,144-2-1,United Kingdom
0.18498131674203933,53.32501414653103,144-2-1,United Kingdom
0.469976840831805,52.929999498092,144-2-1,United Kingdom
1.6815307959146821,52.739520168664,144-2-1,United Kingdom
1.5599878271643206,52.09999848083601,144-2-1,United Kingdom
1.0505615576309424,51.806760565795685,144-2-1,United Kingdom
1.4498653499502439,51.28942780212191,144-2-1,United Kingdom
0.5503336930455021,50.765738837275876,144-2-1,United Kingdom
-0.7875174625586965,50.77498891865622,144-2-1,United Kingdom
-2.4899975244144343,50.50001862243124,144-2-1,United Kingdom
-2.956273972984093,50.696879991247044,144-2-1,United Kingdom
-3.617448085942385,50.22835561787275,144-2-1,United Kingdom
-4.542507900399244,50.341837063185665,144-2-1,United Kingdom
-5.245023159191135,49.95999990498109,144-2-1,United Kingdom
-5.776566941745273,50.15967763935686,144-2-1,United Kingdom
-4.309989793301895,51.21000112568919,144-2-1,United Kingdom
-3.414850633142123,51.42600861266925,144-2-1,United Kingdom
-3.4227194671083794,51.42684816740609,144-2-1,United Kingdom
-4.9843672347109305,51.593466091511004,144-2-1,United Kingdom
-5.267295701508942,51.991400458374585,144-2-1,United Kingdom
-4.222346564134909,52.301355699261364,144-2-1,United Kingdom
-4.77001339356417,52.840004991255626,144-2-1,United Kingdom
-4.579999152026971,53.49500377055517,144-2-1,United Kingdom
-3.093830673788716,53.404547400669685,144-2-1,United Kingdom
-14.508695441129234,66.45589223903143,145-1-1,Iceland
-14.739637417041607,65.8087482774403,145-1-1,Iceland
-13.60973222497981,65.12667104761987,145-1-1,Iceland
-14.909833746794902,64.36408193628868,145-1-1,Iceland
-17.794438035543422,63.678749091233854,145-1-1,Iceland
-18.656245896874992,63.49638296167582,145-1-1,Iceland
-19.97275468594276,63.64363495549153,145-1-1,Iceland
-22.762971971110158,63.960178941495386,145-1-1,Iceland
-21.778484259517683,64.40211579045551,145-1-1,Iceland
-23.95504391121911,64.8911298692335,145-1-1,Iceland
-22.184402635170358,65.0849681667603,145-1-1,Iceland
-22.227423265053332,65.37859365504274,145-1-1,Iceland
-24.326184047939336,65.61118927678847,145-1-1,Iceland
-23.65051469572309,66.26251902939522,145-1-1,Iceland
-22.134922451250887,66.41046865504687,145-1-1,Iceland
-20.57628373867955,65.73211212835143,145-1-1,Iceland
-19.05684160000159,66.27660085719477,145-1-1,Iceland
-17.79862382655905,65.99385325790978,145-1-1,Iceland
-16.167818976292125,66.52679230413587,145-1-1,Iceland
-14.508695441129234,66.45589223903143,145-1-1,Iceland
46.404950799348825,41.860675157227305,146-1-1,Azerbaijan
46.68607059101661,41.82713715266988,146-1-1,Azerbaijan
47.37331546406623,41.2197323675112,146-1-1,Azerbaijan
47.81566572448463,41.15141612402135,146-1-1,Azerbaijan
47.98728315612598,41.40581920019423,146-1-1,Azerbaijan
48.58435339611342,41.80886879162067,146-1-1,Azerbaijan
49.110263706260696,41.28228668880051,146-1-1,Azerbaijan
49.6189148293096,40.57292430272996,146-1-1,Azerbaijan
50.08482954285313,40.52615713150581,146-1-1,Azerbaijan
50.39282107931268,40.25656118423912,146-1-1,Azerbaijan
49.569202101444795,40.176100979160665,146-1-1,Azerbaijan
49.395259230350376,39.39948171646225,146-1-1,Azerbaijan
49.22322838725071,39.04921885838793,146-1-1,Azerbaijan
48.85653242370759,38.81548635513178,146-1-1,Azerbaijan
48.88324913920249,38.32024526626262,146-1-1,Azerbaijan
48.63437544128482,38.27037750910097,146-1-1,Azerbaijan
48.01074425638648,38.79401479751452,146-1-1,Azerbaijan
48.35552941263788,39.28876496027691,146-1-1,Azerbaijan
48.06009524922524,39.58223541926246,146-1-1,Azerbaijan
47.685079380083096,39.50836395930122,146-1-1,Azerbaijan
46.50571984231797,38.770605373686294,146-1-1,Azerbaijan
46.48349897643246,39.464154771475535,146-1-1,Azerbaijan
46.034534132680676,39.628020738273065,146-1-1,Azerbaijan
45.61001224140293,39.89999380142518,146-1-1,Azerbaijan
45.89190717955509,40.21847565364,146-1-1,Azerbaijan
45.35917483905817,40.56150381119346,146-1-1,Azerbaijan
45.56035118997045,40.812289537105926,146-1-1,Azerbaijan
45.17949588397934,40.98535390885141,146-1-1,Azerbaijan
44.97248009621808,41.248128567055595,146-1-1,Azerbaijan
45.217426385281584,41.41145193131405,146-1-1,Azerbaijan
45.96260053893039,41.123872585609774,146-1-1,Azerbaijan
46.50163740416693,41.06444468847411,146-1-1,Azerbaijan
46.63790815612058,41.181672675128226,146-1-1,Azerbaijan
46.14543175637902,41.72280243587258,146-1-1,Azerbaijan
46.404950799348825,41.860675157227305,146-1-1,Azerbaijan
46.14362308124882,38.74120148371222,146-2-1,Azerbaijan
45.45772179543877,38.87413910578306,146-2-1,Azerbaijan
44.95268802265031,39.33576467544637,146-2-1,Azerbaijan
44.79398969908195,39.71300263117705,146-2-1,Azerbaijan
45.00198733905675,39.740003567049555,146-2-1,Azerbaijan
45.29814497252146,39.471751207022436,146-2-1,Azerbaijan
45.73997846861698,39.47399913182713,146-2-1,Azerbaijan
45.73537926614301,39.31971914321974,146-2-1,Azerbaijan
46.14362308124882,38.74120148371222,146-2-1,Azerbaijan
39.955008579270924,43.43499766699922,147-1-1,Georgia
40.07696495947977,43.553104153002316,147-1-1,Georgia
40.922190000000114,43.38215000000014,147-1-1,Georgia
42.39440000000013,43.220300000000066,147-1-1,Georgia
43.75599000000011,42.740830000000074,147-1-1,Georgia
43.931210000000135,42.55496000000011,147-1-1,Georgia
44.537622918481986,42.71199270280363,147-1-1,Georgia
45.47027916848572,42.50278066666998,147-1-1,Georgia
45.776400000000024,42.09244000000018,147-1-1,Georgia
46.404950799348825,41.860675157227305,147-1-1,Georgia
46.14543175637902,41.72280243587258,147-1-1,Georgia
46.63790815612058,41.181672675128226,147-1-1,Georgia
46.50163740416693,41.06444468847411,147-1-1,Georgia
45.96260053893039,41.123872585609774,147-1-1,Georgia
45.217426385281584,41.41145193131405,147-1-1,Georgia
44.97248009621808,41.248128567055595,147-1-1,Georgia
43.58274580259273,41.09214325618257,147-1-1,Georgia
42.61954878110449,41.58317271581994,147-1-1,Georgia
41.55408410011066,41.53565623632757,147-1-1,Georgia
41.70317060727271,41.96294281673292,147-1-1,Georgia
41.45347008643839,42.64512339941794,147-1-1,Georgia
40.87546919125379,43.013628038091284,147-1-1,Georgia
40.32139448422032,43.128633938156845,147-1-1,Georgia
39.955008579270924,43.43499766699922,147-1-1,Georgia
120.83389611214656,12.704496161342433,148-1-1,Philippines
120.32343631396745,13.466413479053825,148-1-1,Philippines
121.18012820850211,13.429697373910443,148-1-1,Philippines
121.5273938335035,13.06959015548452,148-1-1,Philippines
121.26219038298159,12.205560207564403,148-1-1,Philippines
120.83389611214656,12.704496161342433,148-1-1,Philippines
122.5860889018671,9.981044826696134,148-2-1,Philippines
122.83708133350875,10.261156927934225,148-2-1,Philippines
122.9474105164519,10.88186839440806,148-2-1,Philippines
123.49884972543845,10.94062449792392,148-2-1,Philippines
123.33777428598472,10.267383938025404,148-2-1,Philippines
124.0779358257012,11.232725531453738,148-2-1,Philippines
123.98243777882584,10.278778591345755,148-2-1,Philippines
123.62318322153271,9.950090643753299,148-2-1,Philippines
123.30992068897939,9.318268744336706,148-2-1,Philippines
122.99588300994166,9.022188625520414,148-2-1,Philippines
122.38005496631942,9.713360907424217,148-2-1,Philippines
122.5860889018671,9.981044826696134,148-2-1,Philippines
126.37681359263745,8.414706325713297,148-3-1,Philippines
126.47851281138789,7.750354112168978,148-3-1,Philippines
126.53742394420061,7.189380601424545,148-3-1,Philippines
126.19677290253259,6.274294338400054,148-3-1,Philippines
125.83142052622907,7.293715318221842,148-3-1,Philippines
125.36385216685221,6.786485297060949,148-3-1,Philippines
125.68316084198369,6.049656887227272,148-3-1,Philippines
125.39651167206063,5.5810033227722755,148-3-1,Philippines
124.21978763234239,6.161355495626154,148-3-1,Philippines
123.9387195171069,6.885135606306136,148-3-1,Philippines
124.24366214406128,7.360610459823661,148-3-1,Philippines
123.61021243702749,7.83352732994274,148-3-1,Philippines
123.29607140512519,7.418875637232759,148-3-1,Philippines
122.82550581267537,7.457374579290204,148-3-1,Philippines
122.08549930225573,6.899424139834836,148-3-1,Philippines
121.91992801319256,7.192119452336015,148-3-1,Philippines
122.31235884001705,8.034962063016465,148-3-1,Philippines
122.94239790251959,8.316236883981134,148-3-1,Philippines
123.48768761606347,8.69300975182118,148-3-1,Philippines
123.84115441293983,8.240324204944372,148-3-1,Philippines
124.60146976125021,8.514157619659002,148-3-1,Philippines
124.76461225799562,8.960409450715488,148-3-1,Philippines
125.47139082245155,8.986996975129657,148-3-1,Philippines
125.41211795461277,9.760334784377534,148-3-1,Philippines
126.2227144715431,9.286074327018866,148-3-1,Philippines
126.30663699758514,8.78248749433456,148-3-1,Philippines
126.37681359263745,8.414706325713297,148-3-1,Philippines
118.50458092659036,9.316382554558047,148-4-1,Philippines
117.17427453010066,8.367499904814679,148-4-1,Philippines
117.66447716682137,9.066888739452892,148-4-1,Philippines
118.38691369026175,9.68449961998921,148-4-1,Philippines
118.98734215706105,10.376292019080523,148-4-1,Philippines
119.51149620979751,11.3696680770272,148-4-1,Philippines
119.68967654833989,10.554291490109875,148-4-1,Philippines
119.02945844937892,10.003653265823829,148-4-1,Philippines
118.50458092659036,9.316382554558047,148-4-1,Philippines
122.336956821788,18.224882717354106,148-5-1,Philippines
122.17427941293317,17.810282701076403,148-5-1,Philippines
122.5156539246533,17.093504746971973,148-5-1,Philippines
122.25231082569393,16.26244436285407,148-5-1,Philippines
121.66278608610821,15.931017564350142,148-5-1,Philippines
121.50506961475342,15.124813544164622,148-5-1,Philippines
121.7288285665772,14.328376369682275,148-5-1,Philippines
122.25892540902726,14.21820221603599,148-5-1,Philippines
122.70127566944569,14.336541245984378,148-5-1,Philippines
123.9502950379403,13.782130642141027,148-5-1,Philippines
123.85510704965867,13.237771104378425,148-5-1,Philippines
124.18128869028493,12.9975273706535,148-5-1,Philippines
124.0774190613783,12.536676947474575,148-5-1,Philippines
123.29803510955225,13.02752553959894,148-5-1,Philippines
122.92865197152994,13.552919826710422,148-5-1,Philippines
122.6713550151487,13.185836289925092,148-5-1,Philippines
122.03464969288052,13.784481919810304,148-5-1,Philippines
121.12638471891857,13.636687323455547,148-5-1,Philippines
120.62863732308324,13.857655747935596,148-5-1,Philippines
120.67938357959386,14.271015529838294,148-5-1,Philippines
120.99181928923053,14.52539276779504,148-5-1,Philippines
120.69333621631267,14.756670640517312,148-5-1,Philippines
120.56414513558299,14.396279201713796,148-5-1,Philippines
120.07042850146644,14.970869452367126,148-5-1,Philippines
119.92092858284605,15.406346747290739,148-5-1,Philippines
119.88377322802819,16.363704331929995,148-5-1,Philippines
120.28648766487875,16.034628811095345,148-5-1,Philippines
120.39004723519167,17.599081122299523,148-5-1,Philippines
120.71586714079191,18.505227362537525,148-5-1,Philippines
121.32130822152351,18.504064642810945,148-5-1,Philippines
121.9376013530364,18.218552354398355,148-5-1,Philippines
122.24600630095429,18.478949896717097,148-5-1,Philippines
122.336956821788,18.224882717354106,148-5-1,Philippines
122.03837039600555,11.415840969279998,148-6-1,Philippines
121.88354780485909,11.891755072471994,148-6-1,Philippines
122.48382124236149,11.582187404827538,148-6-1,Philippines
123.12021650603594,11.583660183147856,148-6-1,Philippines
123.10083784392646,11.16593374271649,148-6-1,Philippines
122.63771365772669,10.74130849857417,148-6-1,Philippines
122.00261030485957,10.441016750526089,148-6-1,Philippines
121.96736697803652,10.905691229694625,148-6-1,Philippines
122.03837039600555,11.415840969279998,148-6-1,Philippines
125.50255171112354,12.162694606978292,148-7-1,Philippines
125.78346479706221,11.046121934447783,148-7-1,Philippines
125.01188398651226,11.311454576050409,148-7-1,Philippines
125.03276126515817,10.975816148314692,148-7-1,Philippines
125.27744917206019,10.358722032101284,148-7-1,Philippines
124.80181928924577,10.134678859899864,148-7-1,Philippines
124.76016808481853,10.837995103392258,148-7-1,Philippines
124.45910119028605,10.889929917845592,148-7-1,Philippines
124.30252160044171,11.495370998577187,148-7-1,Philippines
124.89101281138153,11.415582587118536,148-7-1,Philippines
124.87799035044401,11.794189968304947,148-7-1,Philippines
124.26676150929569,12.557760931849671,148-7-1,Philippines
125.22711632700788,12.53572093347718,148-7-1,Philippines
125.50255171112354,12.162694606978292,148-7-1,Philippines
100.0857568705271,6.4644894474502905,149-1-1,Malaysia
100.25959638875696,6.6428248152895435,149-1-1,Malaysia
101.07551557821336,6.2048670516159214,149-1-1,Malaysia
101.15421878459387,5.691384182147715,149-1-1,Malaysia
101.81428185425798,5.8108084171742425,149-1-1,Malaysia
102.14118696493638,6.221636053894628,149-1-1,Malaysia
102.37114708863521,6.128205064310919,149-1-1,Malaysia
102.96170535686673,5.524495144061106,149-1-1,Malaysia
103.38121463421217,4.8550011255037475,149-1-1,Malaysia
103.43857547405612,4.181605536308339,149-1-1,Malaysia
103.33212202353486,3.726697902842986,149-1-1,Malaysia
103.42942874554049,3.3828687605890053,149-1-1,Malaysia
103.50244754436889,2.7910185815501762,149-1-1,Malaysia
103.8546741068703,2.515454006353764,149-1-1,Malaysia
104.24793175661145,1.6311410587590842,149-1-1,Malaysia
104.22881147666348,1.2930480004894918,149-1-1,Malaysia
103.51970747275439,1.2263337264006822,149-1-1,Malaysia
102.57361535035477,1.9671153833046873,149-1-1,Malaysia
101.39063846232919,2.760813706875581,149-1-1,Malaysia
101.27353966675582,3.270291652841152,149-1-1,Malaysia
100.69543541870664,3.9391397159948696,149-1-1,Malaysia
100.55740766805502,4.767280381688295,149-1-1,Malaysia
100.19670617065775,5.312492580583708,149-1-1,Malaysia
100.30626020711652,6.0405618351439045,149-1-1,Malaysia
100.0857568705271,6.4644894474502905,149-1-1,Malaysia
117.88203494677018,4.137551377779516,149-2-1,Malaysia
117.01521447150628,4.3060940616994685,149-2-1,Malaysia
115.8655172058767,4.3065591495901,149-2-1,Malaysia
115.51907840379198,3.169238389494396,149-2-1,Malaysia
115.13403730678522,2.8214818383862337,149-2-1,Malaysia
114.62135542201753,1.4306881778989011,149-2-1,Malaysia
113.8058496440195,1.2175487329110695,149-2-1,Malaysia
112.85980919805218,1.4977900252299037,149-2-1,Malaysia
112.38025190638359,1.4101209578467433,149-2-1,Malaysia
111.79754845586041,0.9044412296546085,149-2-1,Malaysia
111.15913781132662,0.976478176269481,149-2-1,Malaysia
110.51406090702716,0.7731314152009645,149-2-1,Malaysia
109.83022667850881,1.3381356876641632,149-2-1,Malaysia
109.66326012577375,2.0064669864949565,149-2-1,Malaysia
110.3961352885371,1.663774725751395,149-2-1,Malaysia
111.16885298059748,1.8506367049188128,149-2-1,Malaysia
111.37008100794205,2.6973033715888595,149-2-1,Malaysia
111.7969283386729,2.885896511238059,149-2-1,Malaysia
112.99561486211522,3.102394924324855,149-2-1,Malaysia
113.71293541875868,3.8935094262811556,149-2-1,Malaysia
114.20401655482837,4.5258739282368055,149-2-1,Malaysia
114.65959598191353,4.007636826997754,149-2-1,Malaysia
114.8695573263154,4.348313706881925,149-2-1,Malaysia
115.34746097215066,4.316636053887009,149-2-1,Malaysia
115.40570031134361,4.955227565933839,149-2-1,Malaysia
115.45071048386981,5.447729803891534,149-2-1,Malaysia
116.22074100145102,6.1431912296755655,149-2-1,Malaysia
116.72510298061971,6.924771429873999,149-2-1,Malaysia
117.12962609260047,6.92805288332454,149-2-1,Malaysia
117.64339318244627,6.422166449403249,149-2-1,Malaysia
117.68907514859231,5.987490139180154,149-2-1,Malaysia
118.34769127815224,5.708695786965492,149-2-1,Malaysia
119.18190392463997,5.407835598162207,149-2-1,Malaysia
119.11069380094176,5.016128241389808,149-2-1,Malaysia
118.43972700406408,4.966518866389606,149-2-1,Malaysia
118.6183207540648,4.478202419447555,149-2-1,Malaysia
117.88203494677018,4.137551377779516,149-2-1,Malaysia
115.45071048386981,5.447729803891534,150-1-1,Brunei Darussalam
115.40570031134361,4.955227565933839,150-1-1,Brunei Darussalam
115.34746097215066,4.316636053887009,150-1-1,Brunei Darussalam
114.8695573263154,4.348313706881925,150-1-1,Brunei Darussalam
114.65959598191353,4.007636826997754,150-1-1,Brunei Darussalam
114.20401655482837,4.5258739282368055,150-1-1,Brunei Darussalam
114.59996137904872,4.900011298029966,150-1-1,Brunei Darussalam
115.45071048386981,5.447729803891534,150-1-1,Brunei Darussalam
13.806475457421527,46.509306138691215,151-1-1,Slovenia
14.63247155117483,46.43181732846955,151-1-1,Slovenia
15.137091912504985,46.65870270444703,151-1-1,Slovenia
16.011663852612656,46.6836107448117,151-1-1,Slovenia
16.202298211337364,46.85238597267696,151-1-1,Slovenia
16.370504998447416,46.841327216166505,151-1-1,Slovenia
16.564808383864857,46.50375092221983,151-1-1,Slovenia
15.768732944408553,46.23810822202345,151-1-1,Slovenia
15.671529575267556,45.83415355079788,151-1-1,Slovenia
15.323953891672405,45.73178253842768,151-1-1,Slovenia
15.327674594797429,45.45231639259333,151-1-1,Slovenia
14.935243767972935,45.471695054702685,151-1-1,Slovenia
14.595109490627806,45.634940904312714,151-1-1,Slovenia
14.411968214585414,45.46616567644746,151-1-1,Slovenia
13.715059848697223,45.500323798192376,151-1-1,Slovenia
13.937630242578308,45.59101593686462,151-1-1,Slovenia
13.698109978905478,46.01677806251735,151-1-1,Slovenia
13.806475457421527,46.509306138691215,151-1-1,Slovenia
28.591929559043194,69.06477692328666,152-1-1,Finland
28.445943637818658,68.36461294216404,152-1-1,Finland
29.97742638522061,67.69829702419275,152-1-1,Finland
29.054588657352326,66.94428620062206,152-1-1,Finland
30.217650000000003,65.80598,152-1-1,Finland
29.54442955904699,64.94867157659048,152-1-1,Finland
30.44468468600371,64.20445343693909,152-1-1,Finland
30.035872430142717,63.55281362573855,152-1-1,Finland
31.516092156711125,62.86768748641289,152-1-1,Finland
31.139991082490894,62.35769277612441,152-1-1,Finland
30.21110721204445,61.780027777749694,152-1-1,Finland
28.07000000000005,60.503520000000094,152-1-1,Finland
28.070001921525666,60.50351912796823,152-1-1,Finland
28.069997592895277,60.50351654727584,152-1-1,Finland
26.255172967236973,60.4239606797625,152-1-1,Finland
24.496623976344523,60.05731639265166,152-1-1,Finland
22.869694858499457,59.846373196036225,152-1-1,Finland
22.290763787533592,60.39192129174154,152-1-1,Finland
21.322244093519316,60.720169989659524,152-1-1,Finland
21.544866163832694,61.70532949487179,152-1-1,Finland
21.05921105315369,62.60739329695874,152-1-1,Finland
21.536029493910803,63.18973501245587,152-1-1,Finland
22.442744174903993,63.81781037053129,152-1-1,Finland
24.730511508897536,64.90234365504084,152-1-1,Finland
25.398067661243942,65.11142650009374,152-1-1,Finland
25.294043003040404,65.53434642197045,152-1-1,Finland
23.903378533633802,66.00692739527962,152-1-1,Finland
23.565879754335583,66.39605093043743,152-1-1,Finland
23.53947309743444,67.93600861273525,152-1-1,Finland
21.978534783626117,68.6168456081807,152-1-1,Finland
20.645592889089528,69.10624726020087,152-1-1,Finland
21.244936150810673,69.37044302029308,152-1-1,Finland
22.356237827247412,68.84174144151491,152-1-1,Finland
23.66204959483076,68.89124746365054,152-1-1,Finland
24.735679152126725,68.64955678982146,152-1-1,Finland
25.689212680776365,69.09211375596904,152-1-1,Finland
26.179622023226244,69.82529897732614,152-1-1,Finland
27.732292107867863,70.16419302029625,152-1-1,Finland
29.015572950971972,69.76649119737799,152-1-1,Finland
28.591929559043194,69.06477692328666,152-1-1,Finland
22.558137648211755,49.085738023467144,153-1-1,Slovakia
22.28084191253356,48.82539215758067,153-1-1,Slovakia
22.085608351334855,48.42226430927179,153-1-1,Slovakia
21.872236362401736,48.31997081155002,153-1-1,Slovakia
20.801293979584926,48.623854071642384,153-1-1,Slovakia
20.473562045989866,48.562850043321816,153-1-1,Slovakia
20.239054396249347,48.32756724709692,153-1-1,Slovakia
19.769470656013112,48.202691148463614,153-1-1,Slovakia
19.661363559658497,48.26661489520866,153-1-1,Slovakia
19.17436486173989,48.11137889260387,153-1-1,Slovakia
18.77702477384767,48.081768296900634,153-1-1,Slovakia
18.696512892336926,47.880953681014404,153-1-1,Slovakia
17.857132602620027,47.75842886005037,153-1-1,Slovakia
17.48847293464982,47.867466132186216,153-1-1,Slovakia
16.979666782304037,48.123497015976305,153-1-1,Slovakia
16.879982944413,48.47001333270947,153-1-1,Slovakia
16.960288120194576,48.5969823268506,153-1-1,Slovakia
17.101984897538898,48.816968899117114,153-1-1,Slovakia
17.545006951577108,48.80001902932537,153-1-1,Slovakia
17.88648481616181,48.90347524677371,153-1-1,Slovakia
17.913511590250465,48.996492824899086,153-1-1,Slovakia
18.104972771891852,49.04398346617531,153-1-1,Slovakia
18.170498488037964,49.271514797556435,153-1-1,Slovakia
18.399993523846177,49.31500051533004,153-1-1,Slovakia
18.554971144289482,49.495015367218784,153-1-1,Slovakia
18.853144158613617,49.49622976337764,153-1-1,Slovakia
18.90957482267632,49.435845852244576,153-1-1,Slovakia
19.320712517990472,49.571574001659194,153-1-1,Slovakia
19.825022820726872,49.21712535256923,153-1-1,Slovakia
20.415839471119853,49.43145335549977,153-1-1,Slovakia
20.887955356538413,49.32877228453583,153-1-1,Slovakia
21.607808058364213,49.47010732685409,153-1-1,Slovakia
22.558137648211755,49.085738023467144,153-1-1,Slovakia
15.01699588385867,51.10667409932158,154-1-1,Czech Republic
15.490972120839729,50.78472992614321,154-1-1,Czech Republic
16.23862674323857,50.69773265237984,154-1-1,Czech Republic
16.176253289462267,50.42260732685791,154-1-1,Czech Republic
16.719475945714436,50.21574656839354,154-1-1,Czech Republic
16.86876915860566,50.47397370055603,154-1-1,Czech Republic
17.55456709155112,50.36214590107642,154-1-1,Czech Republic
17.64944502123899,50.049038397819956,154-1-1,Czech Republic
18.392913852622172,49.98862864847075,154-1-1,Czech Republic
18.853144158613617,49.49622976337764,154-1-1,Czech Republic
18.554971144289482,49.495015367218784,154-1-1,Czech Republic
18.399993523846177,49.31500051533004,154-1-1,Czech Republic
18.170498488037964,49.271514797556435,154-1-1,Czech Republic
18.104972771891852,49.04398346617531,154-1-1,Czech Republic
17.913511590250465,48.996492824899086,154-1-1,Czech Republic
17.88648481616181,48.90347524677371,154-1-1,Czech Republic
17.545006951577108,48.80001902932537,154-1-1,Czech Republic
17.101984897538898,48.816968899117114,154-1-1,Czech Republic
16.960288120194576,48.5969823268506,154-1-1,Czech Republic
16.499282667718774,48.78580801044511,154-1-1,Czech Republic
16.02964725105022,48.73389903420793,154-1-1,Czech Republic
15.253415561593982,49.03907420510758,154-1-1,Czech Republic
14.901447381254057,48.964401760445824,154-1-1,Czech Republic
14.338897739324722,48.55530528420721,154-1-1,Czech Republic
13.595945672264437,48.87717194273715,154-1-1,Czech Republic
13.031328973043431,49.30706818297324,154-1-1,Czech Republic
12.521024204161193,49.547415269562734,154-1-1,Czech Republic
12.415190870827445,49.96912079528057,154-1-1,Czech Republic
12.240111118222558,50.266337795607285,154-1-1,Czech Republic
12.966836785543194,50.484076443069085,154-1-1,Czech Republic
13.338131951560285,50.73323436136435,154-1-1,Czech Republic
14.056227654688172,50.9269176295943,154-1-1,Czech Republic
14.307013380600637,51.117267767941414,154-1-1,Czech Republic
14.570718214586066,51.002339382524276,154-1-1,Czech Republic
15.01699588385867,51.10667409932158,154-1-1,Czech Republic
36.42951000000005,14.422110000000032,155-1-1,Eritrea
36.32321999999999,14.822490000000016,155-1-1,Eritrea
36.75389000000007,16.291860000000042,155-1-1,Eritrea
36.852530000000115,16.956549999999993,155-1-1,Eritrea
37.167470000000094,17.263140000000135,155-1-1,Eritrea
37.90400000000011,17.427540000000022,155-1-1,Eritrea
38.410089959473225,17.998307399970315,155-1-1,Eritrea
38.990622999840014,16.840626125551694,155-1-1,Eritrea
39.26611006038803,15.92272349696725,155-1-1,Eritrea
39.814293654140215,15.435647284400318,155-1-1,Eritrea
41.17927493669765,14.491079616753211,155-1-1,Eritrea
41.73495161313235,13.921036892141558,155-1-1,Eritrea
42.27683068214486,13.343992010954423,155-1-1,Eritrea
42.58957645037526,13.000421250861905,155-1-1,Eritrea
43.08122602720016,12.699638576707116,155-1-1,Eritrea
42.77964236834475,12.455415757695675,155-1-1,Eritrea
42.35156000000012,12.542230000000131,155-1-1,Eritrea
42.00975,12.865819999999928,155-1-1,Eritrea
41.59856000000002,13.452090000000112,155-1-1,Eritrea
41.15519999999998,13.773329999999987,155-1-1,Eritrea
40.896600000000035,14.118640000000141,155-1-1,Eritrea
40.02625000000012,14.519589999999994,155-1-1,Eritrea
39.34061000000008,14.531549999999982,155-1-1,Eritrea
39.0994,14.740640000000042,155-1-1,Eritrea
38.512950000000046,14.50547000000006,155-1-1,Eritrea
37.90607000000011,14.959430000000168,155-1-1,Eritrea
37.59377000000006,14.213099999999997,155-1-1,Eritrea
36.42951000000005,14.422110000000032,155-1-1,Eritrea
141.88460086483497,39.180864569651476,156-1-1,Japan
140.95948937394581,38.17400096287662,156-1-1,Japan
140.97638756730527,37.14207428644019,156-1-1,Japan
140.5997697287621,36.3439834661245,156-1-1,Japan
140.77407433488258,35.842877102190215,156-1-1,Japan
140.2532792502451,35.138113918593646,156-1-1,Japan
138.9755277853962,34.66760000257614,156-1-1,Japan
137.21759891169125,34.60628591566183,156-1-1,Japan
135.79298302626893,33.46480520276663,156-1-1,Japan
135.1209827007454,33.849071153289,156-1-1,Japan
135.0794348491827,34.596544908174806,156-1-1,Japan
133.34031619683202,34.375938218720805,156-1-1,Japan
132.15677086805124,33.90493337659652,156-1-1,Japan
130.98614464734345,33.88576142021624,156-1-1,Japan
132.00003624890996,33.149992377244544,156-1-1,Japan
131.33279015515734,31.450354519164822,156-1-1,Japan
130.686317987186,31.029579169228246,156-1-1,Japan
130.2024198752049,31.418237616495432,156-1-1,Japan
130.44767622286213,32.319474595665696,156-1-1,Japan
129.81469160371893,32.61030955660436,156-1-1,Japan
129.40846316947255,33.29605581311752,156-1-1,Japan
130.35393517468464,33.60415070244167,156-1-1,Japan
130.87845096244718,34.23274282484002,156-1-1,Japan
131.8842293641439,34.74971385348792,156-1-1,Japan
132.61767296766243,35.433393052709405,156-1-1,Japan
134.6083008159777,35.731617743465804,156-1-1,Japan
135.67753787652885,35.52713410088687,156-1-1,Japan
136.72383060114242,37.304984239240326,156-1-1,Japan
137.39061160700447,36.82739065199884,156-1-1,Japan
138.8576021669062,37.82748464614346,156-1-1,Japan
139.42640465714283,38.21596222589761,156-1-1,Japan
140.054790073812,39.43880748143637,156-1-1,Japan
139.88337934789985,40.56331248632368,156-1-1,Japan
140.30578250545364,41.19500519465953,156-1-1,Japan
141.3689734234266,41.378559882160275,156-1-1,Japan
141.91426313697048,39.991616115878685,156-1-1,Japan
141.88460086483497,39.180864569651476,156-1-1,Japan
144.61342654843963,43.96088288021748,156-2-1,Japan
145.32082523008307,44.38473297787541,156-2-1,Japan
145.5431372418027,43.26208832455062,156-2-1,Japan
144.05966189999987,42.98835826270056,156-2-1,Japan
143.18384972551723,41.9952147486992,156-2-1,Japan
141.6114909201724,42.6787905950561,156-2-1,Japan
141.06728641170668,41.58459381770797,156-2-1,Japan
139.955106235921,41.56955597591103,156-2-1,Japan
139.81754357315998,42.563758856774385,156-2-1,Japan
140.31208703019325,43.33327261003269,156-2-1,Japan
141.38054894426,43.38882477474644,156-2-1,Japan
141.67195234595386,44.77212535255146,156-2-1,Japan
141.96764489152798,45.55148346616134,156-2-1,Japan
143.14287031470974,44.51035838477697,156-2-1,Japan
143.91016198137947,44.17409983985374,156-2-1,Japan
144.61342654843963,43.96088288021748,156-2-1,Japan
132.37117638563024,33.46364248304006,156-3-1,Japan
132.92437259331473,34.06029857028204,156-3-1,Japan
133.4929683778222,33.94462087659667,156-3-1,Japan
133.90410607313635,34.36493113864263,156-3-1,Japan
134.63842817600386,34.149233710256354,156-3-1,Japan
134.76637902235854,33.80633474378362,156-3-1,Japan
134.2034159689709,33.20117788342964,156-3-1,Japan
133.79295006727654,33.5219851750976,156-3-1,Japan
133.28026818250885,33.28957042086489,156-3-1,Japan
133.0148580262578,32.70456736910474,156-3-1,Japan
132.36311486219267,32.989382025681394,156-3-1,Japan
132.37117638563024,33.46364248304006,156-3-1,Japan
-58.166392381408045,-20.176700941653678,157-1-1,Paraguay
-57.8706739976178,-20.73268767668195,157-1-1,Paraguay
-57.937155727761294,-22.090175876557172,157-1-1,Paraguay
-56.8815095689029,-22.28215382252148,157-1-1,Paraguay
-56.47331743022939,-22.086300144135283,157-1-1,Paraguay
-55.79795813660691,-22.356929620047822,157-1-1,Paraguay
-55.610682745981144,-22.655619398694846,157-1-1,Paraguay
-55.517639329639636,-23.571997572526637,157-1-1,Paraguay
-55.40074723979542,-23.956935316668805,157-1-1,Paraguay
-55.02790178080955,-24.00127369557523,157-1-1,Paraguay
-54.65283423523513,-23.83957813893396,157-1-1,Paraguay
-54.29295956075452,-24.02101409271073,157-1-1,Paraguay
-54.29347632507745,-24.570799655863965,157-1-1,Paraguay
-54.42894609233059,-25.162184747012166,157-1-1,Paraguay
-54.625290696823576,-25.739255466415514,157-1-1,Paraguay
-54.78879492859505,-26.621785577096134,157-1-1,Paraguay
-55.69584550639816,-27.387837009390864,157-1-1,Paraguay
-56.486701626192996,-27.548499037386293,157-1-1,Paraguay
-57.60975969097614,-27.395898532828387,157-1-1,Paraguay
-58.61817359071975,-27.123718763947096,157-1-1,Paraguay
-57.63366004091113,-25.60365650808164,157-1-1,Paraguay
-57.77721716981794,-25.16233977630904,157-1-1,Paraguay
-58.80712846539498,-24.77145924245331,157-1-1,Paraguay
-60.02896603050403,-24.032796319273274,157-1-1,Paraguay
-60.846564704009914,-23.880712579038292,157-1-1,Paraguay
-62.685057135657885,-22.249029229422387,157-1-1,Paraguay
-62.291179368729225,-21.051634616787393,157-1-1,Paraguay
-62.2659612697708,-20.513734633061276,157-1-1,Paraguay
-61.78632646345377,-19.633736667562964,157-1-1,Paraguay
-60.04356462262649,-19.342746677327426,157-1-1,Paraguay
-59.11504248720611,-19.3569060197754,157-1-1,Paraguay
-58.183471442280506,-19.868399346600363,157-1-1,Paraguay
-58.166392381408045,-20.176700941653678,157-1-1,Paraguay
52.00000980002224,19.000003363516058,158-1-1,Yemen
52.78218427919205,17.349742336491232,158-1-1,Yemen
53.10857262554751,16.651051133688952,158-1-1,Yemen
52.38520592632588,16.382411200419654,158-1-1,Yemen
52.19172936382509,15.93843313238402,158-1-1,Yemen
52.1681649107,15.597420355689948,158-1-1,Yemen
51.172515089732485,15.175249742081492,158-1-1,Yemen
49.57457645040315,14.708766587782748,158-1-1,Yemen
48.67923058451416,14.00320241948566,158-1-1,Yemen
48.23894738138742,13.948089504446372,158-1-1,Yemen
47.938914015500785,14.007233181204427,158-1-1,Yemen
47.354453566279716,13.592219753468383,158-1-1,Yemen
46.717076450391744,13.39969920496502,158-1-1,Yemen
45.87759280781027,13.347764390511685,158-1-1,Yemen
45.62505008319988,13.290946153206763,158-1-1,Yemen
45.406458774605255,13.026905422411433,158-1-1,Yemen
45.14435591002086,12.95393830001531,158-1-1,Yemen
44.989533318874415,12.69958690027471,158-1-1,Yemen
44.49457645038285,12.721652736863348,158-1-1,Yemen
44.17511274595449,12.585950425664876,158-1-1,Yemen
43.48295861183713,12.636800035040084,158-1-1,Yemen
43.22287112811213,13.220950425667425,158-1-1,Yemen
43.25144819516953,13.767583726450852,158-1-1,Yemen
43.08794396339806,14.06263031662131,158-1-1,Yemen
42.892245314308724,14.802249253798749,158-1-1,Yemen
42.60487267433362,15.213335272680595,158-1-1,Yemen
42.80501549660005,15.261962795467255,158-1-1,Yemen
42.70243777850066,15.718885809791999,158-1-1,Yemen
42.823670688657415,15.911742255105267,158-1-1,Yemen
42.77933230975097,16.347891343648683,158-1-1,Yemen
43.21837527850275,16.66688996018641,158-1-1,Yemen
43.11579756040336,17.088440456607373,158-1-1,Yemen
43.380794305196105,17.57998668056767,158-1-1,Yemen
43.79151858905192,17.31997671149111,158-1-1,Yemen
44.06261315285508,17.410358791569593,158-1-1,Yemen
45.21665123879719,17.433328965723334,158-1-1,Yemen
45.39999922056876,17.333335069238558,158-1-1,Yemen
46.366658563020536,17.233315334537636,158-1-1,Yemen
46.74999433776165,17.283338120996177,158-1-1,Yemen
47.000004917189756,16.949999294497445,158-1-1,Yemen
47.46669477721763,17.116681626854884,158-1-1,Yemen
48.18334354024134,18.166669216377315,158-1-1,Yemen
49.11667158386487,18.616667588774945,158-1-1,Yemen
52.00000980002224,19.000003363516058,158-1-1,Yemen
34.95603722508426,29.356554673778845,159-1-1,Saudi Arabia
36.06894087092206,29.197494615184453,159-1-1,Saudi Arabia
36.50121422704359,29.505253607698705,159-1-1,Saudi Arabia
36.74052778498725,29.86528331147619,159-1-1,Saudi Arabia
37.503581984209035,30.003776150018407,159-1-1,Saudi Arabia
37.66811974462638,30.3386652694859,159-1-1,Saudi Arabia
37.998848911294374,30.508499864213135,159-1-1,Saudi Arabia
37.00216556168101,31.508412990844747,159-1-1,Saudi Arabia
39.00488569515255,32.01021698661498,159-1-1,Saudi Arabia
39.19546837744497,32.16100881604267,159-1-1,Saudi Arabia
40.399994337736246,31.889991766887935,159-1-1,Saudi Arabia
41.889980910007836,31.19000865327837,159-1-1,Saudi Arabia
44.70949873228474,29.178891099559383,159-1-1,Saudi Arabia
46.568713413281756,29.09902517345229,159-1-1,Saudi Arabia
47.45982181172283,29.002519436147224,159-1-1,Saudi Arabia
47.708850538937384,28.526062730416143,159-1-1,Saudi Arabia
48.416094191283946,28.55200429942667,159-1-1,Saudi Arabia
48.80759484232718,27.689627997339883,159-1-1,Saudi Arabia
49.29955447774583,27.46121816660981,159-1-1,Saudi Arabia
49.47091352722566,27.109999294538085,159-1-1,Saudi Arabia
50.15242231629088,26.689663194275997,159-1-1,Saudi Arabia
50.212935418504685,26.277026882425375,159-1-1,Saudi Arabia
50.11330325704594,25.94397227630425,159-1-1,Saudi Arabia
50.239858839728754,25.608049628190926,159-1-1,Saudi Arabia
50.527386509000735,25.327808335872103,159-1-1,Saudi Arabia
50.66055667501689,24.999895534764022,159-1-1,Saudi Arabia
50.81010827006958,24.754742539971378,159-1-1,Saudi Arabia
51.11241539897702,24.556330878186724,159-1-1,Saudi Arabia
51.38960778179063,24.62738597258806,159-1-1,Saudi Arabia
51.57951867046327,24.245497137951105,159-1-1,Saudi Arabia
51.61770755392698,24.01421926522883,159-1-1,Saudi Arabia
52.000733270074335,23.00115448657894,159-1-1,Saudi Arabia
55.006803012924905,22.496947536707136,159-1-1,Saudi Arabia
55.208341098863194,22.708329982997046,159-1-1,Saudi Arabia
55.666659376859826,22.00000112557234,159-1-1,Saudi Arabia
54.99998172386236,19.999994004796108,159-1-1,Saudi Arabia
52.00000980002224,19.000003363516058,159-1-1,Saudi Arabia
49.11667158386487,18.616667588774945,159-1-1,Saudi Arabia
48.18334354024134,18.166669216377315,159-1-1,Saudi Arabia
47.46669477721763,17.116681626854884,159-1-1,Saudi Arabia
47.000004917189756,16.949999294497445,159-1-1,Saudi Arabia
46.74999433776165,17.283338120996177,159-1-1,Saudi Arabia
46.366658563020536,17.233315334537636,159-1-1,Saudi Arabia
45.39999922056876,17.333335069238558,159-1-1,Saudi Arabia
45.21665123879719,17.433328965723334,159-1-1,Saudi Arabia
44.06261315285508,17.410358791569593,159-1-1,Saudi Arabia
43.79151858905192,17.31997671149111,159-1-1,Saudi Arabia
43.380794305196105,17.57998668056767,159-1-1,Saudi Arabia
43.11579756040336,17.088440456607373,159-1-1,Saudi Arabia
43.21837527850275,16.66688996018641,159-1-1,Saudi Arabia
42.77933230975097,16.347891343648683,159-1-1,Saudi Arabia
42.649572788266084,16.774635321514964,159-1-1,Saudi Arabia
42.34798912941071,17.075805568912003,159-1-1,Saudi Arabia
42.270887892431226,17.474721787989125,159-1-1,Saudi Arabia
41.75438195167396,17.833046169500975,159-1-1,Saudi Arabia
41.22139122901558,18.67159963630121,159-1-1,Saudi Arabia
40.93934126156654,19.486485297111756,159-1-1,Saudi Arabia
40.247652215339826,20.17463450772649,159-1-1,Saudi Arabia
39.80168460466095,20.338862209550058,159-1-1,Saudi Arabia
39.139399448408284,21.291904812092934,159-1-1,Saudi Arabia
39.023695916506796,21.986875311770195,159-1-1,Saudi Arabia
39.06632897314759,22.57965566659027,159-1-1,Saudi Arabia
38.49277225114008,23.688451036060854,159-1-1,Saudi Arabia
38.02386030452362,24.078685614512935,159-1-1,Saudi Arabia
37.483634881344386,24.285494696545015,159-1-1,Saudi Arabia
37.154817742671185,24.85848297779731,159-1-1,Saudi Arabia
37.209491408036,25.084541530858107,159-1-1,Saudi Arabia
36.93162723160259,25.60295949961018,159-1-1,Saudi Arabia
36.639603712721225,25.826227525327223,159-1-1,Saudi Arabia
36.249136590323815,26.57013560638488,159-1-1,Saudi Arabia
35.64018151219639,27.376520494083422,159-1-1,Saudi Arabia
35.13018680190788,28.06335195567472,159-1-1,Saudi Arabia
34.63233605320798,28.058546047471566,159-1-1,Saudi Arabia
34.787778761541944,28.6074272730597,159-1-1,Saudi Arabia
34.832220493312946,28.957483425404845,159-1-1,Saudi Arabia
34.95603722508426,29.356554673778845,159-1-1,Saudi Arabia
-48.66061601418252,-78.04701873159873,160-1-1,Antarctica
-48.1513964503784,-78.04706960058677,160-1-1,Antarctica
-46.66285681821098,-77.83147552506506,160-1-1,Antarctica
-45.15475765642109,-78.04706960058677,160-1-1,Antarctica
-43.92082780615574,-78.47810272233328,160-1-1,Antarctica
-43.48994971370611,-79.0855599913685,160-1-1,Antarctica
-43.37243750667439,-79.51664478954731,160-1-1,Antarctica
-43.33326677099714,-80.0261227355129,160-1-1,Antarctica
-44.880536668464266,-80.33964365022769,160-1-1,Antarctica
-46.50617387550203,-80.59435678499433,160-1-1,Antarctica
-48.38642086444183,-80.82948455192233,160-1-1,Antarctica
-50.48210689960646,-81.02544158317313,160-1-1,Antarctica
-52.85198808451179,-80.96668547965729,160-1-1,Antarctica
-54.16425940613162,-80.63352752067158,160-1-1,Antarctica
-53.987991095584036,-80.22202809033138,160-1-1,Antarctica
-51.85313432474216,-79.94772958772612,160-1-1,Antarctica
-50.99132646341059,-79.6146233051727,160-1-1,Antarctica
-50.364594692574755,-79.1834868305616,160-1-1,Antarctica
-49.91413123228649,-78.81120900488669,160-1-1,Antarctica
-49.30695899107312,-78.45856903092695,160-1-1,Antarctica
-48.66061601418252,-78.04701792415447,160-1-1,Antarctica
-48.66061601418252,-78.04701873159873,160-1-1,Antarctica
-66.29003089055513,-80.25577280061798,160-2-1,Antarctica
-64.03768775089767,-80.29494353629522,160-2-1,Antarctica
-61.88324561221718,-80.39287037548831,160-2-1,Antarctica
-61.13897579613348,-79.98137094514813,160-2-1,Antarctica
-60.61011918805844,-79.6286792947561,160-2-1,Antarctica
-59.572094692611586,-80.04017872509628,160-2-1,Antarctica
-59.86584937197473,-80.54965667106185,160-2-1,Antarctica
-60.15965572777019,-81.00032683707929,160-2-1,Antarctica
-62.25539343936711,-80.86317758577665,160-2-1,Antarctica
-64.48812537296979,-80.92193368929253,160-2-1,Antarctica
-65.741666429289907,-80.5888274067391,160-2-1,Antarctica
-65.741666429289907,-80.54965667106185,160-2-1,Antarctica
-66.29003089055513,-80.25577280061798,160-2-1,Antarctica
-73.9158186510023,-71.26934457792578,160-3-1,Antarctica
-73.9158186510023,-71.26934377048153,160-3-1,Antarctica
-73.23033077665059,-71.15177988701751,160-3-1,Antarctica
-72.07471655952358,-71.19095062269476,160-3-1,Antarctica
-71.78096188016042,-70.68147267672917,160-3-1,Antarctica
-71.72217993842841,-70.30919565849851,160-3-1,Antarctica
-71.74179114448319,-69.50578216565675,160-3-1,Antarctica
-71.1738154771632,-69.03547495536841,160-3-1,Antarctica
-70.25325151231577,-68.87874033622717,160-3-1,Antarctica
-69.72444658067303,-69.25101735445783,160-3-1,Antarctica
-69.48942216660959,-69.62334604912077,160-3-1,Antarctica
-69.05851823594381,-70.0740162151382,160-3-1,Antarctica
-68.72554114447112,-70.5051526897493,160-3-1,Antarctica
-68.45134599473043,-70.95582285576673,160-3-1,Antarctica
-68.33383378769872,-71.40649302178416,160-3-1,Antarctica
-68.51012793646244,-71.79840708428573,160-3-1,Antarctica
-68.78429724798698,-72.17073577894867,160-3-1,Antarctica
-69.95947099473648,-72.3078850302513,160-3-1,Antarctica
-71.07588863797011,-72.50384206150208,160-3-1,Antarctica
-72.38813412137378,-72.48425669366347,160-3-1,Antarctica
-71.89849992540829,-72.0923426311619,160-3-1,Antarctica
-73.07362199572549,-72.22949188246453,160-3-1,Antarctica
-74.19003963895912,-72.36669281019945,160-3-1,Antarctica
-74.95389482288145,-72.07275726332328,160-3-1,Antarctica
-75.01262508818117,-71.6612578329831,160-3-1,Antarctica
-73.9158186510023,-71.26934457792578,160-3-1,Antarctica
-102.33072506387639,-71.89416432076682,160-4-1,Antarctica
-102.33072506387639,-71.89416351332257,160-4-1,Antarctica
-101.70396745482441,-71.7177918499104,160-4-1,Antarctica
-100.43091854531409,-71.85499277764532,160-4-1,Antarctica
-98.98154964882391,-71.9333342489998,160-4-1,Antarctica
-97.88474321164506,-72.07053517673472,160-4-1,Antarctica
-96.78793677446619,-71.95297129327072,160-4-1,Antarctica
-96.20034990109144,-72.52120534275215,160-4-1,Antarctica
-96.98376461463623,-72.44286387139768,160-4-1,Antarctica
-98.19808325884682,-72.48203460707492,160-4-1,Antarctica
-99.43201310911218,-72.44286387139768,160-4-1,Antarctica
-100.78345516640925,-72.50161997491354,160-4-1,Antarctica
-101.80186845580137,-72.30566294366275,160-4-1,Antarctica
-102.33072506387639,-71.89416432076682,160-4-1,Antarctica
-122.62173458544193,-73.65777760202387,160-5-1,Antarctica
-122.6217353928862,-73.65777679457962,160-5-1,Antarctica
-122.40624467022907,-73.32461883559391,160-5-1,Antarctica
-121.21151139385711,-73.50099049900608,160-5-1,Antarctica
-119.91885127829204,-73.65772511814733,160-5-1,Antarctica
-118.72414303269196,-73.48135345473517,160-5-1,Antarctica
-119.29211870001194,-73.8340967815595,160-5-1,Antarctica
-120.23221716370998,-74.08880991632614,160-5-1,Antarctica
-121.62282995668428,-74.01046844497165,160-5-1,Antarctica
-122.62173458544193,-73.65777760202387,160-5-1,Antarctica
-127.28312964568192,-73.46176889434079,160-6-1,Antarctica
-127.28313045312619,-73.46176808689654,160-6-1,Antarctica
-126.55847184309725,-73.24622568780714,160-6-1,Antarctica
-125.55956640689534,-73.48135345473517,160-6-1,Antarctica
-124.03188187726683,-73.87326751723673,160-6-1,Antarctica
-124.61946875064157,-73.8340967815595,160-6-1,Antarctica
-125.91218054263894,-73.7361182659341,160-6-1,Antarctica
-127.28312964568192,-73.46176889434079,160-6-1,Antarctica
-163.7128956777287,-78.59566741324154,160-7-1,Antarctica
-163.7128956777287,-78.59566660579729,160-7-1,Antarctica
-163.1058009511638,-78.22333791113434,160-7-1,Antarctica
-161.24511349184644,-78.38017588314018,160-7-1,Antarctica
-160.24620805564453,-78.69364512142268,160-7-1,Antarctica
-159.48240454815448,-79.04633757925897,160-7-1,Antarctica
-159.20818356019765,-79.49705942170868,160-7-1,Antarctica
-161.12760128481472,-79.63420867301133,160-7-1,Antarctica
-162.43984676821842,-79.28146534618699,160-7-1,Antarctica
-163.027407803377,-78.92877369579496,160-7-1,Antarctica
-163.06660437727038,-78.8699659158468,160-7-1,Antarctica
-163.7128956777287,-78.59566741324154,160-7-1,Antarctica
180,-84.71337999999997,160-8-1,Antarctica
180,-90,160-8-1,Antarctica
-179.99999999999994,-90,160-8-1,Antarctica
-179.99999999999994,-84.71337999999997,160-8-1,Antarctica
-179.94249935617898,-84.72144337355252,160-8-1,Antarctica
-179.05867733469117,-84.13941171664914,160-8-1,Antarctica
-177.25677181710577,-84.45293263136392,160-8-1,Antarctica
-177.14080667326581,-84.41794122714828,160-8-1,Antarctica
-176.08467281807765,-84.09925912875838,160-8-1,Antarctica
-175.94723461362773,-84.11044871021659,160-8-1,Antarctica
-175.82988216866258,-84.11791432081571,160-8-1,Antarctica
-174.38250281481567,-84.53432301222352,160-8-1,Antarctica
-173.11655941474544,-84.11791432081571,160-8-1,Antarctica
-172.88910559801278,-84.06101856886238,160-8-1,Antarctica
-169.9512229075714,-83.88464690545015,160-8-1,Antarctica
-168.9999889801587,-84.11791432081571,160-8-1,Antarctica
-168.5301985341933,-84.23739023227444,160-8-1,Antarctica
-167.02209937240337,-84.57049651482794,160-8-1,Antarctica
-164.1821435211551,-84.82520964959463,160-8-1,Antarctica
-161.9297745432814,-85.13873056430941,160-8-1,Antarctica
-158.07137956442492,-85.37391000766968,160-8-1,Antarctica
-155.19225297749927,-85.09955982863215,160-8-1,Antarctica
-150.942098965438,-85.29551685988292,160-8-1,Antarctica
-148.53307288307155,-85.60903777459771,160-8-1,Antarctica
-145.88891822633295,-85.31510222772158,160-8-1,Antarctica
-143.10771847860048,-85.04075204868394,160-8-1,Antarctica
-142.89227943237557,-84.57049651482794,160-8-1,Antarctica
-146.82906836646328,-84.53127410271838,160-8-1,Antarctica
-150.06073157448392,-84.29614633579035,160-8-1,Antarctica
-150.9029282297608,-83.90423227328881,160-8-1,Antarctica
-153.58620113830017,-83.68868987419938,160-8-1,Antarctica
-153.4099069895364,-83.23801970818204,160-8-1,Antarctica
-153.03775916238646,-82.82652027784184,160-8-1,Antarctica
-152.66563717345272,-82.45419158317884,160-8-1,Antarctica
-152.86151669005503,-82.04269215283858,160-8-1,Antarctica
-154.52629879455392,-81.76839365023335,160-8-1,Antarctica
-155.29017981669236,-81.41565032340901,160-8-1,Antarctica
-156.83744971415953,-81.10212940869428,160-8-1,Antarctica
-154.4087865875222,-81.16093718864244,160-8-1,Antarctica
-152.0976615061328,-81.00415089306881,160-8-1,Antarctica
-150.6482926096426,-81.33730885205455,160-8-1,Antarctica
-148.86599829811203,-81.0433733051783,160-8-1,Antarctica
-147.22074988501947,-80.67104461051548,160-8-1,Antarctica
-146.41774899619182,-80.33793832796204,160-8-1,Antarctica
-146.77028642473124,-79.92643889762189,160-8-1,Antarctica
-148.06294654029634,-79.65208871858425,160-8-1,Antarctica
-149.53190080462508,-79.35820484814042,160-8-1,Antarctica
-151.58841610411247,-79.29939706819226,160-8-1,Antarctica
-153.39032162169778,-79.16224781688965,160-8-1,Antarctica
-155.32937639058574,-79.06426930126423,160-8-1,Antarctica
-155.97566769104412,-78.69193979915707,160-8-1,Antarctica
-157.26830196839302,-78.37841888444223,160-8-1,Antarctica
-158.05176835837008,-78.02567555761794,160-8-1,Antarctica
-158.365134243788,-76.889207458655,160-8-1,Antarctica
-157.8754742096064,-76.98723765071264,160-8-1,Antarctica
-156.974573127246,-77.30075856542754,160-8-1,Antarctica
-155.32937639058574,-77.20272837336978,160-8-1,Antarctica
-153.74283240457677,-77.06557912206722,160-8-1,Antarctica
-152.92024695535474,-77.49666392024602,160-8-1,Antarctica
-151.33378048399427,-77.39873708105284,160-8-1,Antarctica
-150.00194963275192,-77.18314300553124,160-8-1,Antarctica
-148.7484860910803,-76.90884450292594,160-8-1,Antarctica
-147.61248308000805,-76.57573822037256,160-8-1,Antarctica
-146.10440894899006,-76.47775970474709,160-8-1,Antarctica
-146.14352800823497,-76.1054310100842,160-8-1,Antarctica
-146.4960912749905,-75.7331539918535,160-8-1,Antarctica
-146.20230994996697,-75.38041066502922,160-8-1,Antarctica
-144.9096239961858,-75.20403900161699,160-8-1,Antarctica
-144.32203712281103,-75.53719696060273,160-8-1,Antarctica
-142.79435259318257,-75.34123992935196,160-8-1,Antarctica
-141.63876421427165,-75.08647511815298,160-8-1,Antarctica
-140.2090065238362,-75.06688975031443,160-8-1,Antarctica
-138.85759030475532,-74.96891123468896,160-8-1,Antarctica
-137.5061999238905,-74.73378346776099,160-8-1,Antarctica
-136.42890133990187,-74.51824106867161,160-8-1,Antarctica
-135.21458269569132,-74.30269866958218,160-8-1,Antarctica
-134.43119382036258,-74.36145477309799,160-8-1,Antarctica
-133.7456542695786,-74.43984792088486,160-8-1,Antarctica
-132.25716792873203,-74.30269866958218,160-8-1,Antarctica
-130.92531123927358,-74.47901865656195,160-8-1,Antarctica
-129.55428381413782,-74.45943328872346,160-8-1,Antarctica
-128.2420383307342,-74.32228403742073,160-8-1,Antarctica
-126.89062211165322,-74.4202625530462,160-8-1,Antarctica
-125.40208247948584,-74.51824106867161,160-8-1,Antarctica
-124.01149552472765,-74.47901865656195,160-8-1,Antarctica
-122.56215246645365,-74.49860402440066,160-8-1,Antarctica
-121.07361283428622,-74.51824106867161,160-8-1,Antarctica
-119.70255957093428,-74.47901865656195,160-8-1,Antarctica
-118.68414547409799,-74.18508310968588,160-8-1,Antarctica
-117.46980099167126,-74.02834849054466,160-8-1,Antarctica
-116.21631161178345,-74.24389088963397,160-8-1,Antarctica
-115.02155249719539,-74.06751922622186,160-8-1,Antarctica
-113.9443314278551,-73.71482757582987,160-8-1,Antarctica
-113.29798845096451,-74.02834849054466,160-8-1,Antarctica
-112.94545182986934,-74.38104014093665,160-8-1,Antarctica
-112.29908301476263,-74.71419809992238,160-8-1,Antarctica
-111.26105851931567,-74.4202625530462,160-8-1,Antarctica
-110.06632524294378,-74.79253957127685,160-8-1,Antarctica
-108.71490902386279,-74.91010345474086,160-8-1,Antarctica
-107.55934648316816,-75.18445363377845,160-8-1,Antarctica
-106.14914832235507,-75.12569753026253,160-8-1,Antarctica
-104.87607357462872,-74.94932586685042,160-8-1,Antarctica
-103.36794857462269,-74.98849660252768,160-8-1,Antarctica
-102.01650651732564,-75.12569753026253,160-8-1,Antarctica
-100.64553076862228,-75.30201751724246,160-8-1,Antarctica
-100.1166999987633,-74.87093271906349,160-8-1,Antarctica
-100.763042975654,-74.53782643651022,160-8-1,Antarctica
-101.25270300983556,-74.18508310968588,160-8-1,Antarctica
-102.54533728718457,-74.10674163833141,160-8-1,Antarctica
-103.11331295450452,-73.73441294366842,160-8-1,Antarctica
-103.32875200072931,-73.36208424900553,160-8-1,Antarctica
-103.68128862182442,-72.61753021254418,160-8-1,Antarctica
-102.9174851143344,-72.75467946384686,160-8-1,Antarctica
-101.60523963093078,-72.81343556736266,160-8-1,Antarctica
-100.31252783893342,-72.75467946384686,160-8-1,Antarctica
-99.13737993040007,-72.91141408298807,160-8-1,Antarctica
-98.11888912635953,-73.2053496298642,160-8-1,Antarctica
-97.68803687212608,-73.5580412802563,160-8-1,Antarctica
-96.33659481482897,-73.6168490602044,160-8-1,Antarctica
-95.0439605374799,-73.47969980890184,160-8-1,Antarctica
-93.67290727412814,-73.28374277765096,160-8-1,Antarctica
-92.43900326207898,-73.16617889418706,160-8-1,Antarctica
-91.42056413447074,-73.40130666111509,160-8-1,Antarctica
-90.08873328322846,-73.32291351332816,160-8-1,Antarctica
-89.22695126011297,-72.55872243259591,160-8-1,Antarctica
-88.42395117872957,-73.00939259861343,160-8-1,Antarctica
-87.26833696160259,-73.18576426202566,160-8-1,Antarctica
-86.01482174349849,-73.08778574640019,160-8-1,Antarctica
-85.19223629427654,-73.47969980890184,160-8-1,Antarctica
-83.87999081087281,-73.51887054457893,160-8-1,Antarctica
-82.66564632844609,-73.63643442804306,160-8-1,Antarctica
-81.4709130520742,-73.85197682713243,160-8-1,Antarctica
-80.68744666209705,-73.47969980890184,160-8-1,Antarctica
-80.29579098175702,-73.12695648207739,160-8-1,Antarctica
-79.29688554555503,-73.51887054457893,160-8-1,Antarctica
-77.92585812041932,-73.42089202895363,160-8-1,Antarctica
-76.90736731637878,-73.63643442804306,160-8-1,Antarctica
-76.2218794420271,-73.96954071059645,160-8-1,Antarctica
-74.89004859078483,-73.87161387140338,160-8-1,Antarctica
-73.85202409533798,-73.65601979588166,160-8-1,Antarctica
-72.83353329129744,-73.40130666111509,160-8-1,Antarctica
-71.61921464708689,-73.26415740981241,160-8-1,Antarctica
-70.20904232448999,-73.1465418499161,160-8-1,Antarctica
-68.93591590033128,-73.00939259861343,160-8-1,Antarctica
-67.95662167018412,-72.79385019952406,160-8-1,Antarctica
-67.36906063502556,-72.48032928480927,160-8-1,Antarctica
-67.13403622096206,-72.04924448663041,160-8-1,Antarctica
-67.25154842799373,-71.63774505629027,160-8-1,Antarctica
-67.56494015162792,-71.24583099378873,160-8-1,Antarctica
-67.91747677272303,-70.85391693128707,160-8-1,Antarctica
-68.23084265814094,-70.46205454521782,160-8-1,Antarctica
-68.48545244004305,-70.10931121839354,160-8-1,Antarctica
-68.54420854355897,-69.717397155892,160-8-1,Antarctica
-68.44628170436579,-69.3255347698227,160-8-1,Antarctica
-67.97623287623895,-68.95320607515976,160-8-1,Antarctica
-67.58449968125035,-68.5417066448195,160-8-1,Antarctica
-67.42784257675754,-68.14984425875025,160-8-1,Antarctica
-67.62367041692767,-67.7187594605715,160-8-1,Antarctica
-67.74118262395939,-67.3268453980699,160-8-1,Antarctica
-67.25154842799373,-66.87617523205245,160-8-1,Antarctica
-66.7031839667286,-66.5822396851762,160-8-1,Antarctica
-66.05681515162189,-66.20996266694567,160-8-1,Antarctica
-65.37132727727015,-65.89639007579859,160-8-1,Antarctica
-64.56827551945446,-65.6025062053547,160-8-1,Antarctica
-64.17654232446586,-65.1714230220644,160-8-1,Antarctica
-63.62815202498456,-64.8970728430267,160-8-1,Antarctica
-63.00139441593262,-64.6423080318279,160-8-1,Antarctica
-62.041685553624006,-64.58355192831198,160-8-1,Antarctica
-61.41492794457207,-64.27003101359719,160-8-1,Antarctica
-60.70985470238173,-64.07407398234642,160-8-1,Antarctica
-59.887269253159616,-63.956510098882404,160-8-1,Antarctica
-59.16258480491456,-63.701745287683536,160-8-1,Antarctica
-58.59455746116231,-63.38822437296864,160-8-1,Antarctica
-57.811142747617566,-63.27066048950462,160-8-1,Antarctica
-57.223581712458895,-63.52542530070366,160-8-1,Antarctica
-57.5957295396089,-63.85853158325705,160-8-1,Antarctica
-58.61414282900097,-64.15246713013318,160-8-1,Antarctica
-59.04507259788289,-64.3680095292226,160-8-1,Antarctica
-59.78934241396661,-64.2112232336491,160-8-1,Antarctica
-60.61192786318867,-64.3092017492744,160-8-1,Antarctica
-61.29741573754035,-64.54432951620254,160-8-1,Antarctica
-62.02210018578546,-64.7990943274014,160-8-1,Antarctica
-62.51176021996696,-65.09302987427748,160-8-1,Antarctica
-62.6488577948374,-65.48494232189068,160-8-1,Antarctica
-62.59012752953771,-65.85721934012133,160-8-1,Antarctica
-62.12007870141076,-66.19032562267466,160-8-1,Antarctica
-62.80556657576244,-66.42550506603499,160-8-1,Antarctica
-63.7456900702324,-66.50384653738956,160-8-1,Antarctica
-64.29410620792999,-66.83700449637524,160-8-1,Antarctica
-64.88169308130466,-67.15047373465768,160-8-1,Antarctica
-65.50842485214054,-67.58161020926889,160-8-1,Antarctica
-65.66508195663334,-67.95388722749948,160-8-1,Antarctica
-65.31254533553812,-68.36533498140739,160-8-1,Antarctica
-64.7837145656793,-68.67890757255452,160-8-1,Antarctica
-63.961103278241126,-68.9139836630502,160-8-1,Antarctica
-63.1972997707511,-69.22755625419728,160-8-1,Antarctica
-62.78595536970778,-69.61941864026653,160-8-1,Antarctica
-62.570516323482934,-69.99174733492953,160-8-1,Antarctica
-62.27673580590357,-70.38366139743107,160-8-1,Antarctica
-61.80666113956062,-70.71676767998451,160-8-1,Antarctica
-61.51290646019743,-71.0890446982151,160-8-1,Antarctica
-61.37580888532716,-72.01007375095315,160-8-1,Antarctica
-61.08197669131556,-72.38235076918386,160-8-1,Antarctica
-61.003661058177215,-72.7742648316854,160-8-1,Antarctica
-60.69026933454313,-73.16617889418706,160-8-1,Antarctica
-60.827366909413456,-73.69524220799121,160-8-1,Antarctica
-61.37580888532716,-74.10674163833141,160-8-1,Antarctica
-61.96336992048572,-74.43984792088486,160-8-1,Antarctica
-63.29520077172799,-74.57699717218742,160-8-1,Antarctica
-63.7456900702324,-74.92974049901176,160-8-1,Antarctica
-64.35283647322962,-75.2628467815652,160-8-1,Antarctica
-65.86098731145182,-75.63512379979574,160-8-1,Antarctica
-67.19281816269415,-75.79191009536942,160-8-1,Antarctica
-68.44628170436579,-76.00745249445879,160-8-1,Antarctica
-69.7977237616629,-76.22299489354822,160-8-1,Antarctica
-70.6007238430463,-76.63449432388842,160-8-1,Antarctica
-72.2067756822454,-76.67366505956568,160-8-1,Antarctica
-73.9695363023697,-76.63449432388842,160-8-1,Antarctica
-75.55597693551408,-76.71288747167517,160-8-1,Antarctica
-77.24037024606764,-76.71288747167517,160-8-1,Antarctica
-76.92697852243361,-77.10480153417677,160-8-1,Antarctica
-75.399293992804985,-77.28106984472436,160-8-1,Antarctica
-74.28287634957144,-77.55542002376177,160-8-1,Antarctica
-73.6561187405195,-77.90811167415393,160-8-1,Antarctica
-74.7725363837531,-78.22163258886872,160-8-1,Antarctica
-76.49610042998398,-78.12365407324324,160-8-1,Antarctica
-77.92585812041932,-78.37841888444223,160-8-1,Antarctica
-77.98466590036753,-78.78991831478237,160-8-1,Antarctica
-78.0237849596125,-79.18183318472825,160-8-1,Antarctica
-76.8486370510791,-79.51493946728169,160-8-1,Antarctica
-76.63322384307043,-79.88721648551223,160-8-1,Antarctica
-75.36009741891172,-80.25954518017522,160-8-1,Antarctica
-73.24485185412459,-80.41633147574879,160-8-1,Antarctica
-71.44294633653925,-80.69062997835402,160-8-1,Antarctica
-70.01316280788774,-81.00415089306881,160-8-1,Antarctica
-68.19164608424757,-81.3176718077836,160-8-1,Antarctica
-65.70427853052672,-81.47445810335722,160-8-1,Antarctica
-63.25603003605073,-81.74875660596251,160-8-1,Antarctica
-61.55202551944234,-82.04269215283858,160-8-1,Antarctica
-59.69141557477349,-82.37585011182438,160-8-1,Antarctica
-58.71212134462627,-82.84610564568038,160-8-1,Antarctica
-58.22248714866089,-83.21843434034338,160-8-1,Antarctica
-57.008116828017876,-82.86569101351904,160-8-1,Antarctica
-55.362894253141576,-82.5717554666428,160-8-1,Antarctica
-53.61977067728827,-82.25823455192807,160-8-1,Antarctica
-51.54364417174605,-82.00352141716132,160-8-1,Antarctica
-49.76134986021549,-81.7291712381238,160-8-1,Antarctica
-47.27393063006224,-81.70958587028525,160-8-1,Antarctica
-44.82570797380254,-81.84673512158781,160-8-1,Antarctica
-42.80836340999241,-82.08191456494814,160-8-1,Antarctica
-42.162020433101816,-81.65082976676933,160-8-1,Antarctica
-40.771433478343624,-81.3568942198932,160-8-1,Antarctica
-38.24481767429711,-81.33730885205455,160-8-1,Antarctica
-36.26666968438025,-81.12171477653294,160-8-1,Antarctica
-34.38639685722438,-80.90617237744351,160-8-1,Antarctica
-32.31029618989834,-80.76902312614078,160-8-1,Antarctica
-30.097097947702025,-80.59265146272867,160-8-1,Antarctica
-28.549802212018733,-80.33793832796204,160-8-1,Antarctica
-29.25490129242513,-79.9851950011377,160-8-1,Antarctica
-29.685805223090995,-79.63250335074571,160-8-1,Antarctica
-29.685805223090995,-79.260226332515,160-8-1,Antarctica
-31.62480831554666,-79.29939706819226,160-8-1,Antarctica
-33.68132361503399,-79.45613168733348,160-8-1,Antarctica
-35.63991207532831,-79.45613168733348,160-8-1,Antarctica
-35.91410722506902,-79.08385466910289,160-8-1,Antarctica
-35.77700965019869,-78.33924814876502,160-8-1,Antarctica
-35.32654618991046,-78.12365407324324,160-8-1,Antarctica
-33.89676266125889,-77.88852630631527,160-8-1,Antarctica
-32.21236935070527,-77.65345021581953,160-8-1,Antarctica
-30.99805070649461,-77.35951466894335,160-8-1,Antarctica
-29.783732062284116,-77.06557912206722,160-8-1,Antarctica
-28.882779303491418,-76.67366505956568,160-8-1,Antarctica
-27.511751878355653,-76.49734507258574,160-8-1,Antarctica
-26.16033565927478,-76.36014414485078,160-8-1,Antarctica
-25.474821946706925,-76.28180267349632,160-8-1,Antarctica
-23.927552049239807,-76.24258026138676,160-8-1,Antarctica
-22.458597784910978,-76.1054310100842,160-8-1,Antarctica
-21.224693772861826,-75.90947397883343,160-8-1,Antarctica
-20.010375128651106,-75.6743462119054,160-8-1,Antarctica
-18.913542853256217,-75.43921844497731,160-8-1,Antarctica
-17.5229817367142,-75.12569753026253,160-8-1,Antarctica
-16.641588507544043,-74.79253957127685,160-8-1,Antarctica
-15.70149085129026,-74.49860402440066,160-8-1,Antarctica
-15.407710333710895,-74.10674163833141,160-8-1,Antarctica
-16.4653201969964,-73.87161387140338,160-8-1,Antarctica
-16.11278357590129,-73.46011444106318,160-8-1,Antarctica
-15.44685523117198,-73.1465418499161,160-8-1,Antarctica
-14.408804897509015,-72.95058481866533,160-8-1,Antarctica
-13.311972622114013,-72.7154570517373,160-8-1,Antarctica
-12.293507656289592,-72.40193613702252,160-8-1,Antarctica
-11.510067104528616,-72.01007375095315,160-8-1,Antarctica
-11.020432908563066,-71.53976654066486,160-8-1,Antarctica
-10.295774298534184,-71.26541636162733,160-8-1,Antarctica
-9.101015183946117,-71.32422414157548,160-8-1,Antarctica
-8.611380987980624,-71.65733042412887,160-8-1,Antarctica
-7.416621873392444,-71.69650115980608,160-8-1,Antarctica
-7.377451137715298,-71.32422414157548,160-8-1,Antarctica
-6.868231573911146,-70.93231007907394,160-8-1,Antarctica
-5.790984666354802,-71.0302885946993,160-8-1,Antarctica
-5.536374884452698,-71.4026172893623,160-8-1,Antarctica
-4.341667446296924,-71.4613733928781,160-8-1,Antarctica
-3.0489814925156224,-71.28505340589817,160-8-1,Antarctica
-1.7954921126278123,-71.16743784600186,160-8-1,Antarctica
-0.6594891015555504,-71.22624562595007,160-8-1,Antarctica
-0.22863684732209322,-71.63774505629027,160-8-1,Antarctica
0.8681954280729087,-71.30463877373683,160-8-1,Antarctica
1.8866862321135045,-71.12826711032471,160-8-1,Antarctica
3.022637566753417,-70.9911178590221,160-8-1,Antarctica
4.139055209987021,-70.85391693128707,160-8-1,Antarctica
5.157546014027616,-70.61878916435904,160-8-1,Antarctica
6.273911980828871,-70.46205454521782,160-8-1,Antarctica
7.135719842160597,-70.24651214612834,160-8-1,Antarctica
7.742866245157813,-69.89376881930406,160-8-1,Antarctica
8.487110223025297,-70.14853363050304,160-8-1,Antarctica
9.525134718472202,-70.01133270276819,160-8-1,Antarctica
10.249845004933434,-70.48163991305648,160-8-1,Antarctica
10.817820672253333,-70.83433156344853,160-8-1,Antarctica
11.953823683325595,-70.63837453219776,160-8-1,Antarctica
12.404287143613942,-70.24651214612834,160-8-1,Antarctica
13.422777947654367,-69.97216196709093,160-8-1,Antarctica
14.734997592841978,-70.03091807060673,160-8-1,Antarctica
15.126756626046586,-70.40324676526973,160-8-1,Antarctica
15.94934207526859,-70.03091807060673,160-8-1,Antarctica
17.02658898282516,-69.91335418714277,160-8-1,Antarctica
18.201711053142276,-69.87418345146551,160-8-1,Antarctica
19.259372592860018,-69.89376881930406,160-8-1,Antarctica
20.375738559661443,-70.01133270276819,160-8-1,Antarctica
21.452985467217786,-70.07014048271628,160-8-1,Antarctica
21.923034295344735,-70.40324676526973,160-8-1,Antarctica
22.56940311045139,-70.69718231214586,160-8-1,Antarctica
23.666183709414213,-70.52081064873374,160-8-1,Antarctica
24.841357456163564,-70.48163991305648,160-8-1,Antarctica
25.977308790803647,-70.48163991305648,160-8-1,Antarctica
27.09372643403725,-70.46205454521782,160-8-1,Antarctica
28.09258019380684,-70.32485361748297,160-8-1,Antarctica
29.15024173352458,-70.20728973401896,160-8-1,Antarctica
30.031583286262503,-69.93293955498132,160-8-1,Antarctica
30.97173261894858,-69.7566195680015,160-8-1,Antarctica
31.990171746556825,-69.65864105237603,160-8-1,Antarctica
32.75405276869532,-69.3842908733385,160-8-1,Antarctica
33.30244306817667,-68.83564219169574,160-8-1,Antarctica
33.87041873549657,-68.50258758557459,160-8-1,Antarctica
34.908494907375825,-68.65927052828351,160-8-1,Antarctica
35.300202264148254,-69.01201385510791,160-8-1,Antarctica
36.16201012547975,-69.24714162203594,160-8-1,Antarctica
37.2000346209266,-69.16874847424907,160-8-1,Antarctica
37.905107863116825,-69.52144012464123,160-8-1,Antarctica
38.649403517416886,-69.77620493584016,160-8-1,Antarctica
39.66789432145737,-69.54107716891207,160-8-1,Antarctica
40.02043094255248,-69.10994069430097,160-8-1,Antarctica
40.92135786312906,-68.93362070732115,160-8-1,Antarctica
41.959434035008144,-68.60051442476771,160-8-1,Antarctica
42.938702426939074,-68.46331349703274,160-8-1,Antarctica
44.11387617368865,-68.26740814221426,160-8-1,Antarctica
44.897290887233396,-68.05186574312489,160-8-1,Antarctica
45.719928012887806,-67.8167379761968,160-8-1,Antarctica
46.50334272643261,-67.60119557710749,160-8-1,Antarctica
47.443440382686276,-67.7187594605715,160-8-1,Antarctica
48.34441897969509,-67.36606781017946,160-8-1,Antarctica
48.99073611836957,-67.09171763114188,160-8-1,Antarctica
49.930885451055644,-67.11130299898048,160-8-1,Antarctica
50.753470900277705,-66.87617523205245,160-8-1,Antarctica
50.94932457866389,-66.52348358166046,160-8-1,Antarctica
51.79154707215696,-66.24913340262287,160-8-1,Antarctica
52.61413252137896,-66.0531763713721,160-8-1,Antarctica
53.61303795758079,-65.89639007579859,160-8-1,Antarctica
54.533550245996025,-65.81804860444396,160-8-1,Antarctica
55.41494347516618,-65.87680470795993,160-8-1,Antarctica
56.35504113141985,-65.97478322358535,160-8-1,Antarctica
57.15809288923566,-66.24913340262287,160-8-1,Antarctica
57.25596805199649,-66.68021820080168,160-8-1,Antarctica
58.13736128116665,-67.01332448335512,160-8-1,Antarctica
58.744507684163864,-67.28767466239265,160-8-1,Antarctica
59.93931847518422,-67.40523854585672,160-8-1,Antarctica
60.60522098169736,-67.67958872489424,160-8-1,Antarctica
61.42780643091936,-67.95388722749948,160-8-1,Antarctica
62.38748945501169,-68.01269500744758,160-8-1,Antarctica
63.19048953639515,-67.8167379761968,160-8-1,Antarctica
64.052349074159,-67.40523854585672,160-8-1,Antarctica
64.9924467304129,-67.62072926851374,160-8-1,Antarctica
65.97171512234388,-67.73834482840999,160-8-1,Antarctica
66.91186445502973,-67.85590871187412,160-8-1,Antarctica
67.89113284696089,-67.93430185966076,160-8-1,Antarctica
68.89003828316288,-67.93430185966076,160-8-1,Antarctica
69.71262373238477,-68.97279144299841,160-8-1,Antarctica
69.67345299670745,-69.22755625419728,160-8-1,Antarctica
69.55594078967584,-69.67822642021474,160-8-1,Antarctica
68.59625776558352,-69.93293955498132,160-8-1,Antarctica
67.81273969917413,-70.30526824964431,160-8-1,Antarctica
67.94988895047663,-70.69718231214586,160-8-1,Antarctica
69.06630659371024,-70.67754526787496,160-8-1,Antarctica
68.92915734240779,-71.06945933037656,160-8-1,Antarctica
68.41998945503593,-71.4417880250395,160-8-1,Antarctica
67.94988895047663,-71.85328745537964,160-8-1,Antarctica
68.71376997261513,-72.16680837009437,160-8-1,Antarctica
69.86930667509387,-72.26478688571984,160-8-1,Antarctica
71.02489505400456,-72.08841522230773,160-8-1,Antarctica
71.57328535348603,-71.69650115980608,160-8-1,Antarctica
71.90628828317489,-71.32422414157548,160-8-1,Antarctica
72.45462690622401,-71.01070322686058,160-8-1,Antarctica
73.08141035349206,-70.71676767998451,160-8-1,Antarctica
73.33602013539416,-70.36402435316018,160-8-1,Antarctica
73.86487674346921,-69.87418345146551,160-8-1,Antarctica
74.49155683787268,-69.77620493584016,160-8-1,Antarctica
75.62755984894494,-69.73703420016284,160-8-1,Antarctica
76.62646528514676,-69.61941864026653,160-8-1,Antarctica
77.64490441275518,-69.46268402112526,160-8-1,Antarctica
78.13453860872056,-69.07076995862371,160-8-1,Antarctica
78.42837080273216,-68.69844126396072,160-8-1,Antarctica
79.1138586770839,-68.32621592216248,160-8-1,Antarctica
80.09312706901488,-68.07150278739579,160-8-1,Antarctica
80.93534956250772,-67.87554575614502,160-8-1,Antarctica
81.48379153842143,-67.54238779715922,160-8-1,Antarctica
82.05176720574138,-67.36606781017946,160-8-1,Antarctica
82.77642581577044,-67.20928151460589,160-8-1,Antarctica
83.77533125197237,-67.30726003023125,160-8-1,Antarctica
84.6762064961166,-67.20928151460589,160-8-1,Antarctica
85.65552656447994,-67.09171763114188,160-8-1,Antarctica
86.75235883987477,-67.15047373465768,160-8-1,Antarctica
87.47701744990383,-66.87617523205245,160-8-1,Antarctica
87.98628869014021,-66.20991099051338,160-8-1,Antarctica
88.35841067907398,-66.4842611695509,160-8-1,Antarctica
88.82840783076853,-66.95456837983926,160-8-1,Antarctica
89.6706303242616,-67.15047373465768,160-8-1,Antarctica
90.63036502478627,-67.22886688244449,160-8-1,Antarctica
91.59009972531084,-67.11130299898048,160-8-1,Antarctica
92.60853885291903,-67.18969614676723,160-8-1,Antarctica
93.54863650917292,-67.20928151460589,160-8-1,Antarctica
94.17541995644098,-67.11130299898048,160-8-1,Antarctica
95.01759077350164,-67.17011077892869,160-8-1,Antarctica
95.78147179564019,-67.385653178018,160-8-1,Antarctica
96.68239871621677,-67.24850392671544,160-8-1,Antarctica
97.75964562377311,-67.24850392671544,160-8-1,Antarctica
98.68020958862053,-67.11130299898048,160-8-1,Antarctica
99.71818240763503,-67.24850392671544,160-8-1,Antarctica
100.38418826701275,-66.9153459677297,160-8-1,Antarctica
100.8933561543846,-66.5822396851762,160-8-1,Antarctica
101.57889570516852,-66.30788950613868,160-8-1,Antarctica
102.83241092327262,-65.56328379324515,160-8-1,Antarctica
103.47867638551475,-65.70048472098,160-8-1,Antarctica
104.24255740765307,-65.97478322358535,160-8-1,Antarctica
104.9084599141662,-66.32752655040969,160-8-1,Antarctica
106.18156050010873,-66.93493133556836,160-8-1,Antarctica
107.16088056847207,-66.95456837983926,160-8-1,Antarctica
108.08139285688713,-66.95456837983926,160-8-1,Antarctica
109.15863976444365,-66.83700449637524,160-8-1,Antarctica
110.23583499556781,-66.69980356864033,160-8-1,Antarctica
111.05847212122205,-66.42550506603499,160-8-1,Antarctica
111.74395999557385,-66.13156951915892,160-8-1,Antarctica
112.86037763880745,-66.09234710704936,160-8-1,Antarctica
113.60467329310734,-65.87680470795993,160-8-1,Antarctica
114.38808800665197,-66.0727617392107,160-8-1,Antarctica
114.89730757045618,-66.38628265392543,160-8-1,Antarctica
115.60238081264652,-66.69980356864033,160-8-1,Antarctica
116.69916141160934,-66.66063283296302,160-8-1,Antarctica
117.38470096239314,-66.9153459677297,160-8-1,Antarctica
118.57946007698126,-67.17011077892869,160-8-1,Antarctica
119.83292361865301,-67.26808929455399,160-8-1,Antarctica
120.8709997905321,-67.18969614676723,160-8-1,Antarctica
121.65441450407707,-66.87617523205245,160-8-1,Antarctica
122.32036868702232,-66.56265431733766,160-8-1,Antarctica
123.2212956075989,-66.4842611695509,160-8-1,Antarctica
124.1222742046076,-66.62146209728587,160-8-1,Antarctica
125.16024702362222,-66.71938893647894,160-8-1,Antarctica
126.10039635630835,-66.56265431733766,160-8-1,Antarctica
127.00142662974929,-66.56265431733766,160-8-1,Antarctica
127.88276818248721,-66.66063283296302,160-8-1,Antarctica
128.80328047090234,-66.75861134858849,160-8-1,Antarctica
129.70425906791115,-66.5822396851762,160-8-1,Antarctica
130.78145429903543,-66.42550506603499,160-8-1,Antarctica
131.79994510307586,-66.38628265392543,160-8-1,Antarctica
132.9358964377161,-66.38628265392543,160-8-1,Antarctica
133.85646040256336,-66.28830413830013,160-8-1,Antarctica
134.75738732313982,-66.20996266694567,160-8-1,Antarctica
135.0315824728807,-65.72007008881866,160-8-1,Antarctica
135.0707532085578,-65.30857065847846,160-8-1,Antarctica
135.6974849793935,-65.58286916108369,160-8-1,Antarctica
135.87380496637343,-66.03359100353345,160-8-1,Antarctica
136.2067045431977,-66.4450904338737,160-8-1,Antarctica
136.61804894424108,-66.77819671642698,160-8-1,Antarctica
137.46027143773392,-66.95456837983926,160-8-1,Antarctica
138.59622277237406,-66.8957605998911,160-8-1,Antarctica
139.90844241756145,-66.87617523205245,160-8-1,Antarctica
140.80942101457026,-66.81736745210435,160-8-1,Antarctica
142.1216923361901,-66.81736745210435,160-8-1,Antarctica
143.06184166887613,-66.79778208426569,160-8-1,Antarctica
144.37406131406362,-66.83700449637524,160-8-1,Antarctica
145.490427280865,-66.9153459677297,160-8-1,Antarctica
146.1955521994878,-67.22886688244449,160-8-1,Antarctica
145.99969852110144,-67.60119557710749,160-8-1,Antarctica
146.64606733620815,-67.89513112398367,160-8-1,Antarctica
147.7232625673323,-68.1302588909117,160-8-1,Antarctica
148.83962853413368,-68.38502370211057,160-8-1,Antarctica
150.13231448791487,-68.56129201265821,160-8-1,Antarctica
151.48370486877957,-68.71812998466402,160-8-1,Antarctica
152.50224734925246,-68.87481292737294,160-8-1,Antarctica
153.63819868389248,-68.89450164807613,160-8-1,Antarctica
154.2845674989992,-68.56129201265821,160-8-1,Antarctica
155.16585737530477,-68.83564219169574,160-8-1,Antarctica
155.92979007387544,-69.14921478284282,160-8-1,Antarctica
156.81113162661336,-69.3842908733385,160-8-1,Antarctica
158.02552778547238,-69.48226938896397,160-8-1,Antarctica
159.1810128115187,-69.59983327242799,160-8-1,Antarctica
159.6706986839165,-69.99174733492953,160-8-1,Antarctica
160.8066500185564,-70.2268751018575,160-8-1,Antarctica
161.57047936426272,-70.57961842868184,160-8-1,Antarctica
162.68689700749633,-70.73635304782317,160-8-1,Antarctica
163.8424337099749,-70.71676767998451,160-8-1,Antarctica
164.91968061753118,-70.77552378350032,160-8-1,Antarctica
166.11443973211942,-70.75593841566177,160-8-1,Antarctica
167.30909549384296,-70.83433156344853,160-8-1,Antarctica
168.42561648994115,-70.97148081475109,160-8-1,Antarctica
169.46358930895587,-71.20666025811136,160-8-1,Antarctica
170.50166548083496,-71.4026172893623,160-8-1,Antarctica
171.20679039945753,-71.69650115980608,160-8-1,Antarctica
171.0892265159937,-72.08841522230773,160-8-1,Antarctica
170.5604215843507,-72.44115854913207,160-8-1,Antarctica
170.10995812406236,-72.89182871514942,160-8-1,Antarctica
169.75736982653507,-73.24452036554152,160-8-1,Antarctica
169.2873209984083,-73.65601979588166,160-8-1,Antarctica
167.97510135322068,-73.81280609145517,160-8-1,Antarctica
167.38748864162972,-74.16549774184722,160-8-1,Antarctica
166.09480268784841,-74.38104014093665,160-8-1,Antarctica
165.64439090399242,-74.77295420343819,160-8-1,Antarctica
164.9588513532085,-75.14528289810119,160-8-1,Antarctica
164.23419274317962,-75.45880381281597,160-8-1,Antarctica
163.8227966657039,-75.87030324315617,160-8-1,Antarctica
163.56823856023425,-76.24258026138676,160-8-1,Antarctica
163.47026004460895,-76.69330210383652,160-8-1,Antarctica
163.48989708887973,-77.06557912206722,160-8-1,Antarctica
164.05787275619969,-77.45744150813647,160-8-1,Antarctica
164.27336347885694,-77.82977020279935,160-8-1,Antarctica
164.74346398341606,-78.18251352962375,160-8-1,Antarctica
166.60412560451732,-78.31961110449402,160-8-1,Antarctica
166.99578128485734,-78.75074757910522,160-8-1,Antarctica
165.19387576727195,-78.90748300569072,160-8-1,Antarctica
163.66621707585955,-79.12302540477998,160-8-1,Antarctica
161.7663847190811,-79.16224781688965,160-8-1,Antarctica
160.92416222558825,-79.73048186637101,160-8-1,Antarctica
160.74789391504066,-80.20073740022713,160-8-1,Antarctica
160.31696414615863,-80.57306609489001,160-8-1,Antarctica
159.78821089094833,-80.945394789553,160-8-1,Antarctica
161.12001590397438,-81.27850107210645,160-8-1,Antarctica
161.62928714421082,-81.6900005024466,160-8-1,Antarctica
162.49099165267796,-82.0622775206773,160-8-1,Antarctica
163.70533613510474,-82.39543547966286,160-8-1,Antarctica
165.09594892807877,-82.70895639437782,160-8-1,Antarctica
166.60412560451732,-83.02247730909255,160-8-1,Antarctica
168.89566531806793,-83.3359982238074,160-8-1,Antarctica
169.40478152900755,-83.82589080193435,160-8-1,Antarctica
172.28393395414935,-84.04143320102366,160-8-1,Antarctica
172.47704878162415,-84.11791432081571,160-8-1,Antarctica
173.22408328683537,-84.41371021925437,160-8-1,Antarctica
175.9856718285131,-84.15899708448768,160-8-1,Antarctica
178.27721154206392,-84.47251799920247,160-8-1,Antarctica
180,-84.71337999999997,160-8-1,Antarctica
32.73178022637745,35.14002594658844,161-1-1,Northern Cyprus
32.80247358575275,35.14550364841138,161-1-1,Northern Cyprus
32.946960890440806,35.3867033961337,161-1-1,Northern Cyprus
33.667227003724946,35.37321584730552,161-1-1,Northern Cyprus
34.576473829900465,35.67159556735879,161-1-1,Northern Cyprus
33.900804477684204,35.245755927057616,161-1-1,Northern Cyprus
33.97361657078346,35.058506374648005,161-1-1,Northern Cyprus
33.86643965021011,35.09359467217419,161-1-1,Northern Cyprus
33.675391880027064,35.01786286065045,161-1-1,Northern Cyprus
33.5256852556775,35.03868846286407,161-1-1,Northern Cyprus
33.47581749851585,35.000344550103506,161-1-1,Northern Cyprus
33.45592207208347,35.10142365166641,161-1-1,Northern Cyprus
33.3838334490363,35.16271190036457,161-1-1,Northern Cyprus
33.19097700372305,35.17312470147138,161-1-1,Northern Cyprus
32.919572381326134,35.08783274997364,161-1-1,Northern Cyprus
32.73178022637745,35.14002594658844,161-1-1,Northern Cyprus
32.73178022637745,35.14002594658844,162-1-1,Cyprus
32.919572381326134,35.08783274997364,162-1-1,Cyprus
33.19097700372305,35.17312470147138,162-1-1,Cyprus
33.3838334490363,35.16271190036457,162-1-1,Cyprus
33.45592207208347,35.10142365166641,162-1-1,Cyprus
33.47581749851585,35.000344550103506,162-1-1,Cyprus
33.5256852556775,35.03868846286407,162-1-1,Cyprus
33.675391880027064,35.01786286065045,162-1-1,Cyprus
33.86643965021011,35.09359467217419,162-1-1,Cyprus
33.97361657078346,35.058506374648005,162-1-1,Cyprus
34.00488081232004,34.97809784600186,162-1-1,Cyprus
32.97982710137845,34.57186941175544,162-1-1,Cyprus
32.49029625827754,34.701654771456475,162-1-1,Cyprus
32.25666710788596,35.10323232679663,162-1-1,Cyprus
32.73178022637745,35.14002594658844,162-1-1,Cyprus
-2.169913702798624,35.16839630791668,163-1-1,Morocco
-1.792985805661715,34.527918606091305,163-1-1,Morocco
-1.7334545556614671,33.91971283623212,163-1-1,Morocco
-1.388049282222596,32.86401500094138,163-1-1,Morocco
-1.1245511539663084,32.65152151135713,163-1-1,Morocco
-1.30789913573787,32.2628889023061,163-1-1,Morocco
-2.616604783529567,32.09434621838619,163-1-1,Morocco
-3.068980271812648,31.724497992473218,163-1-1,Morocco
-3.647497931320146,31.637294012980675,163-1-1,Morocco
-3.6904410465547244,30.896951605751156,163-1-1,Morocco
-4.859646165374471,30.501187649043846,163-1-1,Morocco
-5.242129278982787,30.00044302013559,163-1-1,Morocco
-6.060632290053774,29.731699734001694,163-1-1,Morocco
-7.059227667661958,29.5792284205246,163-1-1,Morocco
-8.674116176782974,28.84128896739658,163-1-1,Morocco
-8.665589565454809,27.656425889592356,163-1-1,Morocco
-8.817828334986672,27.656425889592356,163-1-1,Morocco
-8.794883999049077,27.120696316022507,163-1-1,Morocco
-9.41303748212448,27.088476060488574,163-1-1,Morocco
-9.735343390328879,26.860944729107405,163-1-1,Morocco
-10.189424200877582,26.860944729107405,163-1-1,Morocco
-10.551262579785273,26.990807603456886,163-1-1,Morocco
-11.392554897497007,26.883423977154393,163-1-1,Morocco
-11.718219773800357,26.104091701760623,163-1-1,Morocco
-12.03075883630163,26.030866197203068,163-1-1,Morocco
-12.50096269372537,24.7701162785782,163-1-1,Morocco
-13.891110398809047,23.691009019459305,163-1-1,Morocco
-14.221167771857253,22.31016307218816,163-1-1,Morocco
-14.630832688851072,21.860939846274903,163-1-1,Morocco
-14.750954555713534,21.500600083903663,163-1-1,Morocco
-17.00296179856109,21.420734157796577,163-1-1,Morocco
-17.02042843267577,21.422310288981578,163-1-1,Morocco
-16.973247849993243,21.885744533774982,163-1-1,Morocco
-16.589136928767687,22.158234361250095,163-1-1,Morocco
-16.261921759495635,22.679339504481277,163-1-1,Morocco
-16.3264139469959,23.017768459560898,163-1-1,Morocco
-15.982610642958036,23.723358466074046,163-1-1,Morocco
-15.426003790742186,24.35913361256104,163-1-1,Morocco
-15.089331834360735,24.520260728447,163-1-1,Morocco
-14.824645148161665,25.103532619725343,163-1-1,Morocco
-14.800925665739726,25.63626496022232,163-1-1,Morocco
-14.439939947964831,26.254418443297652,163-1-1,Morocco
-13.773804897506466,26.618892320252314,163-1-1,Morocco
-13.13994177901435,27.640147813420526,163-1-1,Morocco
-13.121613369914769,27.65414767171984,163-1-1,Morocco
-12.618836635783111,28.038185533148692,163-1-1,Morocco
-11.688919236690765,28.148643907172527,163-1-1,Morocco
-10.900956997104402,28.83214223888092,163-1-1,Morocco
-10.399592251008642,29.09858592377782,163-1-1,Morocco
-9.564811163765683,29.93357371674989,163-1-1,Morocco
-9.814718390329176,31.17773550060906,163-1-1,Morocco
-9.434793260119363,32.038096421836485,163-1-1,Morocco
-9.300692918321886,32.564679266890664,163-1-1,Morocco
-8.657476365585012,33.240245266242425,163-1-1,Morocco
-7.6541784326382185,33.69706492770251,163-1-1,Morocco
-6.912544114601417,34.110476386037476,163-1-1,Morocco
-6.2443420068514115,35.145865383437524,163-1-1,Morocco
-5.92999426921989,35.75998810479399,163-1-1,Morocco
-5.193863491222032,35.75518219659085,163-1-1,Morocco
-4.591006232105144,35.330711981745594,163-1-1,Morocco
-3.640056525070065,35.399855048152006,163-1-1,Morocco
-2.604305792644084,35.179093329401155,163-1-1,Morocco
-2.169913702798624,35.16839630791668,163-1-1,Morocco
36.86622999999997,22,164-1-1,Egypt
32.89999999999998,22,164-1-1,Egypt
29.019999999999982,22,164-1-1,Egypt
25,22,164-1-1,Egypt
25,25.682499996361,164-1-1,Egypt
25,29.23865452953346,164-1-1,Egypt
24.70007,30.044190000000004,164-1-1,Egypt
24.957620000000002,30.6616,164-1-1,Egypt
24.802869999999984,31.089290000000005,164-1-1,Egypt
25.16482,31.56915,164-1-1,Egypt
26.49533,31.58568,164-1-1,Egypt
27.457620000000002,31.32126,164-1-1,Egypt
28.450480000000002,31.025769999999998,164-1-1,Egypt
28.913529999999998,30.87005,164-1-1,Egypt
29.683419999999998,31.186860000000003,164-1-1,Egypt
30.09503,31.4734,164-1-1,Egypt
30.976930000000003,31.55586,164-1-1,Egypt
31.687960000000004,31.4296,164-1-1,Egypt
31.96041,30.933600000000002,164-1-1,Egypt
32.19247,31.26034,164-1-1,Egypt
32.99392,31.024070000000002,164-1-1,Egypt
33.7734,30.967460000000003,164-1-1,Egypt
34.26543474464621,31.21935730952032,164-1-1,Egypt
34.265440000000005,31.219359999999998,164-1-1,Egypt
34.823243288783814,29.76108076171822,164-1-1,Egypt
34.9226,29.50133,164-1-1,Egypt
34.64174,29.099420000000002,164-1-1,Egypt
34.42655,28.343989999999998,164-1-1,Egypt
34.15451,27.8233,164-1-1,Egypt
33.92136,27.6487,164-1-1,Egypt
33.58811,27.97136,164-1-1,Egypt
33.13676,28.417650000000002,164-1-1,Egypt
32.423230000000004,29.851080000000003,164-1-1,Egypt
32.32046,29.76043,164-1-1,Egypt
32.73482,28.70523,164-1-1,Egypt
33.34876,27.69989,164-1-1,Egypt
34.10455,26.14227,164-1-1,Egypt
34.473870000000005,25.598560000000003,164-1-1,Egypt
34.79507,25.03375,164-1-1,Egypt
35.69241,23.92671,164-1-1,Egypt
35.49372,23.752370000000003,164-1-1,Egypt
35.52598,23.10244,164-1-1,Egypt
36.690690000000004,22.20485,164-1-1,Egypt
36.86622999999997,22,164-1-1,Egypt
25,22,165-1-1,Libya
25.000000000000114,20.003040000000055,165-1-1,Libya
23.850000000000136,20.000000000000057,165-1-1,Libya
23.83766000000014,19.580470000000105,165-1-1,Libya
19.849260000000072,21.49509000000006,165-1-1,Libya
15.860850000000084,23.409719999999993,165-1-1,Libya
14.851300000000037,22.862950000000126,165-1-1,Libya
14.143870883855243,22.491288967371133,165-1-1,Libya
13.581424594790462,23.04050608976928,165-1-1,Libya
11.999505649471613,23.47166840259645,165-1-1,Libya
11.560669386449005,24.097909247325518,165-1-1,Libya
10.771363559622927,24.56253205006175,165-1-1,Libya
10.303846876678362,24.379313259370917,165-1-1,Libya
9.94826134607797,24.936953640232517,165-1-1,Libya
9.910692579801776,25.365454616796796,165-1-1,Libya
9.319410841518163,26.094324856057455,165-1-1,Libya
9.716285841519664,26.512206325785655,165-1-1,Libya
9.629056023811074,27.14095347748092,165-1-1,Libya
9.756128370816782,27.688258571884205,165-1-1,Libya
9.683884718472768,28.1441738957792,165-1-1,Libya
9.859997999723447,28.959989732371014,165-1-1,Libya
9.805634392952356,29.424638373323376,165-1-1,Libya
9.482139926805274,30.307556057246188,165-1-1,Libya
9.970017124072854,30.53932485607524,165-1-1,Libya
10.056575148161699,30.961831366493527,165-1-1,Libya
9.950225050505082,31.376069647745258,165-1-1,Libya
10.636901482799487,31.761420803345757,165-1-1,Libya
10.944789666394456,32.081814683555365,165-1-1,Libya
11.432253452203696,32.368903103152874,165-1-1,Libya
11.488787469131012,33.13699575452324,165-1-1,Libya
12.663310000000024,32.79278000000005,165-1-1,Libya
13.083260000000053,32.878820000000076,165-1-1,Libya
13.918679999999995,32.71196000000009,165-1-1,Libya
15.245630000000006,32.26508000000007,165-1-1,Libya
15.713939999999923,31.376259999999945,165-1-1,Libya
16.611620000000016,31.18217999999996,165-1-1,Libya
18.02108999999996,30.76356999999996,165-1-1,Libya
19.08641,30.26639,165-1-1,Libya
19.574040000000082,30.52582000000001,165-1-1,Libya
20.053349999999966,30.985760000000028,165-1-1,Libya
19.82033000000007,31.751790000000142,165-1-1,Libya
20.13396999999992,32.238200000000006,165-1-1,Libya
20.854520000000093,32.70679999999999,165-1-1,Libya
21.54298,32.843200000000024,165-1-1,Libya
22.895760000000053,32.63857999999999,165-1-1,Libya
23.236800000000017,32.191490000000044,165-1-1,Libya
23.609130000000107,32.18725999999998,165-1-1,Libya
23.92750000000001,32.01667000000009,165-1-1,Libya
24.921139999999923,31.89936,165-1-1,Libya
25.16482,31.56915,165-1-1,Libya
24.802869999999984,31.089290000000005,165-1-1,Libya
24.957620000000002,30.6616,165-1-1,Libya
24.70007,30.044190000000004,165-1-1,Libya
25,29.23865452953346,165-1-1,Libya
25,25.682499996361,165-1-1,Libya
25,22,165-1-1,Libya
47.78942,8.003,166-1-1,Ethiopia
44.96360000000001,5.00162,166-1-1,Ethiopia
43.66086999999999,4.957550000000083,166-1-1,Ethiopia
42.76967,4.25259,166-1-1,Ethiopia
42.128609999999995,4.23413,166-1-1,Ethiopia
41.85508309264397,3.918911920483727,166-1-1,Ethiopia
41.1718,3.9190899999999997,166-1-1,Ethiopia
40.76848,4.257020000000001,166-1-1,Ethiopia
39.85494,3.83879,166-1-1,Ethiopia
39.55938425876585,3.42206,166-1-1,Ethiopia
38.89251,3.5007400000000004,166-1-1,Ethiopia
38.67114,3.6160700000000006,166-1-1,Ethiopia
38.43697,3.58851,166-1-1,Ethiopia
38.120915,3.598605,166-1-1,Ethiopia
36.85509323800812,4.447864127672769,166-1-1,Ethiopia
36.159078632855646,4.447864127672769,166-1-1,Ethiopia
35.817447662353516,4.7769656634618896,166-1-1,Ethiopia
35.817447662353516,5.338232082790797,166-1-1,Ethiopia
35.29800711823298,5.506,166-1-1,Ethiopia
34.70702,6.594220000000121,166-1-1,Ethiopia
34.250320000000045,6.8260700000000725,166-1-1,Ethiopia
34.07510000000002,7.2259500000000685,166-1-1,Ethiopia
33.568290000000104,7.7133400000000165,166-1-1,Ethiopia
32.954180000000065,7.784970000000101,166-1-1,Ethiopia
33.29480000000012,8.354580000000055,166-1-1,Ethiopia
33.82550000000015,8.37916000000007,166-1-1,Ethiopia
33.97498000000007,8.68455999999992,166-1-1,Ethiopia
33.961620000000096,9.583580000000097,166-1-1,Ethiopia
34.25745000000006,10.630089999999996,166-1-1,Ethiopia
34.73115000000013,10.910170000000107,166-1-1,Ethiopia
34.83163000000013,11.318960000000118,166-1-1,Ethiopia
35.26049000000006,12.08286000000004,166-1-1,Ethiopia
35.86363,12.578280000000063,166-1-1,Ethiopia
36.27022000000005,13.563330000000121,166-1-1,Ethiopia
36.42951000000005,14.422110000000032,166-1-1,Ethiopia
37.59377000000006,14.213099999999997,166-1-1,Ethiopia
37.90607000000011,14.959430000000168,166-1-1,Ethiopia
38.512950000000046,14.50547000000006,166-1-1,Ethiopia
39.0994,14.740640000000042,166-1-1,Ethiopia
39.34061000000008,14.531549999999982,166-1-1,Ethiopia
40.02625000000012,14.519589999999994,166-1-1,Ethiopia
40.896600000000035,14.118640000000141,166-1-1,Ethiopia
41.15519999999998,13.773329999999987,166-1-1,Ethiopia
41.59856000000002,13.452090000000112,166-1-1,Ethiopia
42.00975,12.865819999999928,166-1-1,Ethiopia
42.35156000000012,12.542230000000131,166-1-1,Ethiopia
42.000000000000114,12.100000000000136,166-1-1,Ethiopia
41.66176000000013,11.631199999999978,166-1-1,Ethiopia
41.73959000000019,11.355110000000138,166-1-1,Ethiopia
41.755570000000205,11.050910000000101,166-1-1,Ethiopia
42.31414000000012,11.034200000000055,166-1-1,Ethiopia
42.55493000000013,11.105110000000195,166-1-1,Ethiopia
42.77685184100096,10.92687856693442,166-1-1,Ethiopia
42.55875999999995,10.57258000000013,166-1-1,Ethiopia
42.92812000000009,10.021940000000143,166-1-1,Ethiopia
43.29699000000011,9.540480000000173,166-1-1,Ethiopia
43.678750000000036,9.18358000000012,166-1-1,Ethiopia
46.94834000000009,7.99688000000009,166-1-1,Ethiopia
47.78942,8.003,166-1-1,Ethiopia
42.35156000000012,12.542230000000131,167-1-1,Djibouti
42.77964236834475,12.455415757695675,167-1-1,Djibouti
43.08122602720016,12.699638576707116,167-1-1,Djibouti
43.31785241066467,12.390148423711025,167-1-1,Djibouti
43.286381463398925,11.974928290245884,167-1-1,Djibouti
42.715873650896526,11.735640570518342,167-1-1,Djibouti
43.14530480324214,11.462039699748857,167-1-1,Djibouti
42.77685184100096,10.92687856693442,167-1-1,Djibouti
42.55493000000013,11.105110000000195,167-1-1,Djibouti
42.31414000000012,11.034200000000055,167-1-1,Djibouti
41.755570000000205,11.050910000000101,167-1-1,Djibouti
41.73959000000019,11.355110000000138,167-1-1,Djibouti
41.66176000000013,11.631199999999978,167-1-1,Djibouti
42.000000000000114,12.100000000000136,167-1-1,Djibouti
42.35156000000012,12.542230000000131,167-1-1,Djibouti
48.94820475850985,11.41061728169797,168-1-1,Somaliland
48.94820475850974,11.410617281697963,168-1-1,Somaliland
48.94200524271835,11.394266058798138,168-1-1,Somaliland
48.938491245322496,10.982327378783467,168-1-1,Somaliland
48.93823286316103,9.973500067581512,168-1-1,Somaliland
48.93812951029645,9.451748968946617,168-1-1,Somaliland
48.48673587422695,8.837626247589995,168-1-1,Somaliland
47.78942,8.003,168-1-1,Somaliland
46.94834000000009,7.99688000000009,168-1-1,Somaliland
43.678750000000036,9.18358000000012,168-1-1,Somaliland
43.29699000000011,9.540480000000173,168-1-1,Somaliland
42.92812000000009,10.021940000000143,168-1-1,Somaliland
42.55875999999995,10.57258000000013,168-1-1,Somaliland
42.77685184100096,10.92687856693442,168-1-1,Somaliland
43.14530480324214,11.462039699748857,168-1-1,Somaliland
43.470659620951665,11.277709865763882,168-1-1,Somaliland
43.66666832863484,10.86416921634816,168-1-1,Somaliland
44.11780358254282,10.445538438351605,168-1-1,Somaliland
44.614259067570856,10.442205308468942,168-1-1,Somaliland
45.55694054543915,10.698029486529776,168-1-1,Somaliland
46.645401238803004,10.816549383991173,168-1-1,Somaliland
47.525657586462785,11.12722809492999,168-1-1,Somaliland
48.02159630716778,11.193063869669743,168-1-1,Somaliland
48.37878380716927,11.375481675660126,168-1-1,Somaliland
48.94820641459347,11.41062164961852,168-1-1,Somaliland
48.94820475850985,11.41061728169797,168-1-1,Somaliland
33.90371119710453,-0.9500000000000001,169-1-1,Uganda
31.866170000000068,-1.0273599999999306,169-1-1,Uganda
30.769860000000108,-1.0145499999999856,169-1-1,Uganda
30.419104852019245,-1.1346591121504161,169-1-1,Uganda
29.821518588996014,-1.4433224422297855,169-1-1,Uganda
29.579466180140884,-1.3413131648856265,169-1-1,Uganda
29.58783776217217,-0.587405694179381,169-1-1,Uganda
29.819503208136638,-0.2053101538133717,169-1-1,Uganda
29.875778842902434,0.5973798689763612,169-1-1,Uganda
30.086153598762706,1.0623127303062887,169-1-1,Uganda
30.46850752129029,1.5838054467797065,169-1-1,Uganda
30.85267011894806,1.8493964705438088,169-1-1,Uganda
31.174149204235817,2.204465236821264,169-1-1,Uganda
30.77334679538004,2.339883327642127,169-1-1,Uganda
30.83385989759381,3.509165961110341,169-1-1,Uganda
30.833852421715427,3.5091716042224625,169-1-1,Uganda
31.24556000000007,3.7819000000000074,169-1-1,Uganda
31.881449999999973,3.558269999999993,169-1-1,Uganda
32.686420000000055,3.7923200000000747,169-1-1,Uganda
33.3900000000001,3.7899999999999636,169-1-1,Uganda
34.005,4.249884947362048,169-1-1,Uganda
34.47913,3.5556000000000836,169-1-1,Uganda
34.59607,3.0537400000001185,169-1-1,Uganda
35.03599,1.90584,169-1-1,Uganda
34.6721,1.1769399999999999,169-1-1,Uganda
34.18,0.515,169-1-1,Uganda
33.893568969666944,0.1098135378618963,169-1-1,Uganda
33.90371119710453,-0.9500000000000001,169-1-1,Uganda
30.419104852019245,-1.1346591121504161,170-1-1,Rwanda
30.816134881317712,-1.6989140763453887,170-1-1,Rwanda
30.75830895358311,-2.2872502579883687,170-1-1,Rwanda
30.469670000000008,-2.4138299999999617,170-1-1,Rwanda
30.469673645761223,-2.41385475710134,170-1-1,Rwanda
29.93835900240794,-2.348486830254238,170-1-1,Rwanda
29.632176141078588,-2.917857761246097,170-1-1,Rwanda
29.024926385216787,-2.8392579077301576,170-1-1,Rwanda
29.117478875451553,-2.2922111954883846,170-1-1,Rwanda
29.254834832483343,-2.2151099585089113,170-1-1,Rwanda
29.291886834436614,-1.6200558406679872,170-1-1,Rwanda
29.579466180140884,-1.3413131648856265,170-1-1,Rwanda
29.821518588996014,-1.4433224422297855,170-1-1,Rwanda
30.419104852019245,-1.1346591121504161,170-1-1,Rwanda
18.559999999999945,42.64999999999998,171-1-1,Bosnia and Herzegovina
17.674921502358984,43.02856252702361,171-1-1,Bosnia and Herzegovina
17.297373488034452,43.44634064388737,171-1-1,Bosnia and Herzegovina
16.91615644701733,43.66772247982567,171-1-1,Bosnia and Herzegovina
16.456442905348865,44.04123973243128,171-1-1,Bosnia and Herzegovina
16.23966027188453,44.35114329688571,171-1-1,Bosnia and Herzegovina
15.750026075918981,44.818711656262565,171-1-1,Bosnia and Herzegovina
15.959367303133376,45.23377676043094,171-1-1,Bosnia and Herzegovina
16.318156772535872,45.00412669532591,171-1-1,Bosnia and Herzegovina
16.534939406000206,45.21160757097772,171-1-1,Bosnia and Herzegovina
17.002146030351014,45.23377676043094,171-1-1,Bosnia and Herzegovina
17.861783481526402,45.067740383477144,171-1-1,Bosnia and Herzegovina
18.553214145591653,45.08158966733146,171-1-1,Bosnia and Herzegovina
19.005484597557594,44.86023449354299,171-1-1,Bosnia and Herzegovina
19.00548000000009,44.86023,171-1-1,Bosnia and Herzegovina
19.36802999999992,44.863000000000056,171-1-1,Bosnia and Herzegovina
19.11761000000007,44.42307000000011,171-1-1,Bosnia and Herzegovina
19.59976000000006,44.03846999999996,171-1-1,Bosnia and Herzegovina
19.454000000000065,43.56810000000013,171-1-1,Bosnia and Herzegovina
19.218519999999955,43.52384000000001,171-1-1,Bosnia and Herzegovina
19.03165000000007,43.432529999999986,171-1-1,Bosnia and Herzegovina
18.706480000000056,43.200109999999995,171-1-1,Bosnia and Herzegovina
18.559999999999945,42.64999999999998,171-1-1,Bosnia and Herzegovina
22.380525750424592,42.32025950781509,172-1-1,North Macedonia
22.881373732197346,41.999297186850356,172-1-1,North Macedonia
22.952377150166452,41.33799388281115,172-1-1,North Macedonia
22.761770000000013,41.30480000000006,172-1-1,North Macedonia
22.597308383889015,41.130487168943205,172-1-1,North Macedonia
22.05537763844427,41.14986583105269,172-1-1,North Macedonia
21.674160597426976,40.931274522457954,172-1-1,North Macedonia
21.0200403174764,40.84272695572588,172-1-1,North Macedonia
20.605181919037364,41.086226304685226,172-1-1,North Macedonia
20.463175083099202,41.51508901627534,172-1-1,North Macedonia
20.59024743010491,41.855404161133606,172-1-1,North Macedonia
20.590246546680227,41.855408919283626,172-1-1,North Macedonia
20.71731000000011,41.84711000000004,172-1-1,North Macedonia
20.762159999999994,42.05186000000003,172-1-1,North Macedonia
21.35270000000014,42.20679999999999,172-1-1,North Macedonia
21.57663598940212,42.24522439706186,172-1-1,North Macedonia
21.917080000000112,42.30363999999997,172-1-1,North Macedonia
22.380525750424592,42.32025950781509,172-1-1,North Macedonia
18.829824792873946,45.908872358025285,173-1-1,Serbia
18.82983808764996,45.90887767189193,173-1-1,Serbia
19.596044549241583,46.17172984474454,173-1-1,Serbia
20.220192498462836,46.127468980486555,173-1-1,Serbia
20.762174920339987,45.734573065771485,173-1-1,Serbia
20.874312778413355,45.416375433934235,173-1-1,Serbia
21.48352623870221,45.18117015235788,173-1-1,Serbia
21.56202273935361,44.7689472519655,173-1-1,Serbia
22.14508792490281,44.47842234962059,173-1-1,Serbia
22.459022251075936,44.7025171982543,173-1-1,Serbia
22.705725538837356,44.57800283464702,173-1-1,Serbia
22.4740084164406,44.40922760678177,173-1-1,Serbia
22.65714969248299,44.23492300066128,173-1-1,Serbia
22.410446404721597,44.008063462899955,173-1-1,Serbia
22.500156691180223,43.642814439461006,173-1-1,Serbia
22.986018507588483,43.2111612005271,173-1-1,Serbia
22.60480146657133,42.898518785161144,173-1-1,Serbia
22.43659467946128,42.580321153323936,173-1-1,Serbia
22.54501183440962,42.46136200618804,173-1-1,Serbia
22.380525750424592,42.32025950781509,173-1-1,Serbia
21.917080000000112,42.30363999999997,173-1-1,Serbia
21.57663598940212,42.24522439706186,173-1-1,Serbia
21.54332000000005,42.3202500000001,173-1-1,Serbia
21.662920000000042,42.439220000000034,173-1-1,Serbia
21.77505000000002,42.68270000000001,173-1-1,Serbia
21.633020000000045,42.67717000000005,173-1-1,Serbia
21.43865999999997,42.86254999999994,173-1-1,Serbia
21.27421000000004,42.909590000000094,173-1-1,Serbia
21.143395000000055,43.06868500000013,173-1-1,Serbia
20.95650999999998,43.130940000000066,173-1-1,Serbia
20.814480000000003,43.27205000000009,173-1-1,Serbia
20.63507999999996,43.21670999999998,173-1-1,Serbia
20.496790000000033,42.884690000000035,173-1-1,Serbia
20.257580000000075,42.81275000000011,173-1-1,Serbia
20.339800000000082,42.89852000000002,173-1-1,Serbia
19.958570000000066,43.106040000000064,173-1-1,Serbia
19.629999999999995,43.21377997027054,173-1-1,Serbia
19.483889999999974,43.35229000000004,173-1-1,Serbia
19.218519999999955,43.52384000000001,173-1-1,Serbia
19.454000000000065,43.56810000000013,173-1-1,Serbia
19.59976000000006,44.03846999999996,173-1-1,Serbia
19.11761000000007,44.42307000000011,173-1-1,Serbia
19.36802999999992,44.863000000000056,173-1-1,Serbia
19.00548000000009,44.86023,173-1-1,Serbia
19.005484597557594,44.86023449354299,173-1-1,Serbia
19.39047570158459,45.236515611342384,173-1-1,Serbia
19.072768995854176,45.52151113543209,173-1-1,Serbia
18.829824792873946,45.908872358025285,173-1-1,Serbia
20.070700000000045,42.58863000000008,174-1-1,Montenegro
19.801613396898688,42.50009349219084,174-1-1,Montenegro
19.73805138517963,42.68824738216557,174-1-1,Montenegro
19.304486118250793,42.19574514420782,174-1-1,Montenegro
19.37176816334725,41.877550679783496,174-1-1,Montenegro
19.162459999999953,41.95502000000005,174-1-1,Montenegro
18.88214000000005,42.281510000000026,174-1-1,Montenegro
18.45001688302086,42.47999224531218,174-1-1,Montenegro
18.559999999999945,42.64999999999998,174-1-1,Montenegro
18.706480000000056,43.200109999999995,174-1-1,Montenegro
19.03165000000007,43.432529999999986,174-1-1,Montenegro
19.218519999999955,43.52384000000001,174-1-1,Montenegro
19.483889999999974,43.35229000000004,174-1-1,Montenegro
19.629999999999995,43.21377997027054,174-1-1,Montenegro
19.958570000000066,43.106040000000064,174-1-1,Montenegro
20.339800000000082,42.89852000000002,174-1-1,Montenegro
20.257580000000075,42.81275000000011,174-1-1,Montenegro
20.070700000000045,42.58863000000008,174-1-1,Montenegro
20.590246546680227,41.855408919283626,175-1-1,Kosovo
20.522950000000037,42.21787000000006,175-1-1,Kosovo
20.283754510181893,42.32025950781508,175-1-1,Kosovo
20.070700000000045,42.58863000000008,175-1-1,Kosovo
20.257580000000075,42.81275000000011,175-1-1,Kosovo
20.496790000000033,42.884690000000035,175-1-1,Kosovo
20.63507999999996,43.21670999999998,175-1-1,Kosovo
20.814480000000003,43.27205000000009,175-1-1,Kosovo
20.95650999999998,43.130940000000066,175-1-1,Kosovo
21.143395000000055,43.06868500000013,175-1-1,Kosovo
21.27421000000004,42.909590000000094,175-1-1,Kosovo
21.43865999999997,42.86254999999994,175-1-1,Kosovo
21.633020000000045,42.67717000000005,175-1-1,Kosovo
21.77505000000002,42.68270000000001,175-1-1,Kosovo
21.662920000000042,42.439220000000034,175-1-1,Kosovo
21.54332000000005,42.3202500000001,175-1-1,Kosovo
21.57663598940212,42.24522439706186,175-1-1,Kosovo
21.35270000000014,42.20679999999999,175-1-1,Kosovo
20.762159999999994,42.05186000000003,175-1-1,Kosovo
20.71731000000011,41.84711000000004,175-1-1,Kosovo
20.590246546680227,41.855408919283626,175-1-1,Kosovo
-61.68000000000001,10.760000000000002,176-1-1,Trinidad and Tobago
-61.105000000000004,10.89,176-1-1,Trinidad and Tobago
-60.895,10.855,176-1-1,Trinidad and Tobago
-60.935,10.11,176-1-1,Trinidad and Tobago
-61.77000000000001,10,176-1-1,Trinidad and Tobago
-61.95,10.09,176-1-1,Trinidad and Tobago
-61.660000000000004,10.365000000000002,176-1-1,Trinidad and Tobago
-61.68000000000001,10.760000000000002,176-1-1,Trinidad and Tobago
30.833852421715427,3.5091716042224625,177-1-1,South Sudan
29.953500197069474,4.173699042167684,177-1-1,South Sudan
29.71599531425602,4.600804755060153,177-1-1,South Sudan
29.1590784034465,4.389267279473231,177-1-1,South Sudan
28.696677687298802,4.455077215996937,177-1-1,South Sudan
28.428993768026913,4.287154649264494,177-1-1,South Sudan
27.97997724784281,4.408413397637375,177-1-1,South Sudan
27.37422610851749,5.233944403500061,177-1-1,South Sudan
27.21340905122517,5.5509534773945575,177-1-1,South Sudan
26.465909458123235,5.9467174341018705,177-1-1,South Sudan
26.213418409945117,6.546603298362072,177-1-1,South Sudan
25.79664798351118,6.979315904158071,177-1-1,South Sudan
25.124130893664727,7.500085150579437,177-1-1,South Sudan
25.11493248871679,7.825104071479174,177-1-1,South Sudan
24.567369012152085,8.229187933785468,177-1-1,South Sudan
23.886979580860668,8.619729712933065,177-1-1,South Sudan
24.19406772118765,8.728696472403897,177-1-1,South Sudan
24.53741516360202,8.91753756573172,177-1-1,South Sudan
24.794925745412684,9.810240916008695,177-1-1,South Sudan
25.069603699343986,10.273759963267992,177-1-1,South Sudan
25.790633328413946,10.411098940233728,177-1-1,South Sudan
25.962307049621018,10.136420986302426,177-1-1,South Sudan
26.477328213242515,9.552730334198088,177-1-1,South Sudan
26.752006167173818,9.466893473594496,177-1-1,South Sudan
27.112520981708883,9.638567194801624,177-1-1,South Sudan
27.833550610778786,9.60423245056029,177-1-1,South Sudan
27.970889587744352,9.398223985111656,177-1-1,South Sudan
28.966597170745786,9.398223985111656,177-1-1,South Sudan
29.000931914987177,9.60423245056029,177-1-1,South Sudan
29.515953078608618,9.793073543888056,177-1-1,South Sudan
29.61895731133285,10.084918869940225,177-1-1,South Sudan
29.996639497988554,10.290927335388687,177-1-1,South Sudan
30.837840731903384,9.70723668328452,177-1-1,South Sudan
31.35286189552488,9.810240916008695,177-1-1,South Sudan
31.850715687025513,10.531270545078826,177-1-1,South Sudan
32.400071594888345,11.080626452941488,177-1-1,South Sudan
32.31423473428475,11.68148447716652,177-1-1,South Sudan
32.073891524594785,11.973329803218519,177-1-1,South Sudan
32.67474954881965,12.02483191958072,177-1-1,South Sudan
32.743419037302544,12.248007757149992,177-1-1,South Sudan
33.206938084561784,12.179338268667095,177-1-1,South Sudan
33.086766479716744,11.441141267476496,177-1-1,South Sudan
33.206938084561784,10.720111638406593,177-1-1,South Sudan
33.72195924818311,10.325262079630193,177-1-1,South Sudan
33.84213085302815,9.981914637215993,177-1-1,South Sudan
33.82496348090751,9.484060845715362,177-1-1,South Sudan
33.963392794971185,9.464285229420625,177-1-1,South Sudan
33.97498000000007,8.68455999999992,177-1-1,South Sudan
33.82550000000015,8.37916000000007,177-1-1,South Sudan
33.29480000000012,8.354580000000055,177-1-1,South Sudan
32.954180000000065,7.784970000000101,177-1-1,South Sudan
33.568290000000104,7.7133400000000165,177-1-1,South Sudan
34.07510000000002,7.2259500000000685,177-1-1,South Sudan
34.250320000000045,6.8260700000000725,177-1-1,South Sudan
34.70702,6.594220000000121,177-1-1,South Sudan
35.29800711823298,5.506,177-1-1,South Sudan
34.62019626785388,4.8471227420819885,177-1-1,South Sudan
34.005,4.249884947362048,177-1-1,South Sudan
33.3900000000001,3.7899999999999636,177-1-1,South Sudan
32.686420000000055,3.7923200000000747,177-1-1,South Sudan
31.881449999999973,3.558269999999993,177-1-1,South Sudan
31.24556000000007,3.7819000000000074,177-1-1,South Sudan
30.833852421715427,3.5091716042224625,177-1-1,South Sudan
